mean_voltage_t-9,std_voltage_t-9,mean_current_t-9,max_temperature_t-9,discharge_time_sec_t-9,capacity_Ah_t-9,mean_voltage_t-8,std_voltage_t-8,mean_current_t-8,max_temperature_t-8,discharge_time_sec_t-8,capacity_Ah_t-8,mean_voltage_t-7,std_voltage_t-7,mean_current_t-7,max_temperature_t-7,discharge_time_sec_t-7,capacity_Ah_t-7,mean_voltage_t-6,std_voltage_t-6,mean_current_t-6,max_temperature_t-6,discharge_time_sec_t-6,capacity_Ah_t-6,mean_voltage_t-5,std_voltage_t-5,mean_current_t-5,max_temperature_t-5,discharge_time_sec_t-5,capacity_Ah_t-5,mean_voltage_t-4,std_voltage_t-4,mean_current_t-4,max_temperature_t-4,discharge_time_sec_t-4,capacity_Ah_t-4,mean_voltage_t-3,std_voltage_t-3,mean_current_t-3,max_temperature_t-3,discharge_time_sec_t-3,capacity_Ah_t-3,mean_voltage_t-2,std_voltage_t-2,mean_current_t-2,max_temperature_t-2,discharge_time_sec_t-2,capacity_Ah_t-2,mean_voltage_t-1,std_voltage_t-1,mean_current_t-1,max_temperature_t-1,discharge_time_sec_t-1,capacity_Ah_t-1,mean_voltage_t0,std_voltage_t0,mean_current_t0,max_temperature_t0,discharge_time_sec_t0,capacity_Ah_t0,SOH_target
0.6000108738663051,-0.5834560172531218,0.13563230472698268,-0.9030215980348376,2.280057256143717,1.289866331519217,0.7475039674081163,-0.6493878872751532,0.14579219790286507,-0.859774537578251,2.207309817922494,1.241068557387532,0.8738350687628089,-1.0506392739737422,0.15534002520475826,-1.0409827396591305,2.1231236684818016,1.1883426074655317,0.8724446704961114,-0.7610861421072634,0.07436561132642373,-1.0886844455532783,2.041479003048279,1.18792636061833,0.8464000884743222,-0.5423783461041329,0.06969746063769545,-1.1705163776422634,2.03175630183045,1.1849629093570757,0.8265442171206289,-0.39685006417831403,0.152454862870824,-1.0976430183489154,2.125726148105143,1.1898433339335075,0.8204470846464036,-0.21946466128629727,0.15263037145754763,-1.03937455395403,2.119817706085275,1.1873673825982307,1.0785244452550398,-1.0617653497474222,-0.0924466194119475,-1.2957083260336784,1.801115611586203,1.1422717349869504,1.054943973921166,-0.7764894388579444,-0.17812580120810412,-1.2879925243368042,1.7122287333258497,1.1375508335941726,1.0208860595782563,-0.5394371723957445,-0.17472042556552228,-1.287390149915469,1.7148962749397747,1.136779570423156,0.912306634248468
0.7475039674081163,-0.6493878872751532,0.14579219790286507,-0.859774537578251,2.207309817922494,1.241068557387532,0.8738350687628089,-1.0506392739737422,0.15534002520475826,-1.0409827396591305,2.1231236684818016,1.1883426074655317,0.8724446704961114,-0.7610861421072634,0.07436561132642373,-1.0886844455532783,2.041479003048279,1.18792636061833,0.8464000884743222,-0.5423783461041329,0.06969746063769545,-1.1705163776422634,2.03175630183045,1.1849629093570757,0.8265442171206289,-0.39685006417831403,0.152454862870824,-1.0976430183489154,2.125726148105143,1.1898433339335075,0.8204470846464036,-0.21946466128629727,0.15263037145754763,-1.03937455395403,2.119817706085275,1.1873673825982307,1.0785244452550398,-1.0617653497474222,-0.0924466194119475,-1.2957083260336784,1.801115611586203,1.1422717349869504,1.054943973921166,-0.7764894388579444,-0.17812580120810412,-1.2879925243368042,1.7122287333258497,1.1375508335941726,1.0208860595782563,-0.5394371723957445,-0.17472042556552228,-1.287390149915469,1.7148962749397747,1.136779570423156,0.9832144808831066,-0.18608975482176598,-0.26181145209817547,-1.2751862965677003,1.629502412298875,1.1368097524405212,0.9123097763432252
0.8738350687628089,-1.0506392739737422,0.15534002520475826,-1.0409827396591305,2.1231236684818016,1.1883426074655317,0.8724446704961114,-0.7610861421072634,0.07436561132642373,-1.0886844455532783,2.041479003048279,1.18792636061833,0.8464000884743222,-0.5423783461041329,0.06969746063769545,-1.1705163776422634,2.03175630183045,1.1849629093570757,0.8265442171206289,-0.39685006417831403,0.152454862870824,-1.0976430183489154,2.125726148105143,1.1898433339335075,0.8204470846464036,-0.21946466128629727,0.15263037145754763,-1.03937455395403,2.119817706085275,1.1873673825982307,1.0785244452550398,-1.0617653497474222,-0.0924466194119475,-1.2957083260336784,1.801115611586203,1.1422717349869504,1.054943973921166,-0.7764894388579444,-0.17812580120810412,-1.2879925243368042,1.7122287333258497,1.1375508335941726,1.0208860595782563,-0.5394371723957445,-0.17472042556552228,-1.287390149915469,1.7148962749397747,1.136779570423156,0.9832144808831066,-0.18608975482176598,-0.26181145209817547,-1.2751862965677003,1.629502412298875,1.1368097524405212,1.189288572979256,-0.9751369093974219,-0.34710899580298216,-1.2916178379692176,1.469962278639206,1.0867755047401866,0.907100967883696
0.8724446704961114,-0.7610861421072634,0.07436561132642373,-1.0886844455532783,2.041479003048279,1.18792636061833,0.8464000884743222,-0.5423783461041329,0.06969746063769545,-1.1705163776422634,2.03175630183045,1.1849629093570757,0.8265442171206289,-0.39685006417831403,0.152454862870824,-1.0976430183489154,2.125726148105143,1.1898433339335075,0.8204470846464036,-0.21946466128629727,0.15263037145754763,-1.03937455395403,2.119817706085275,1.1873673825982307,1.0785244452550398,-1.0617653497474222,-0.0924466194119475,-1.2957083260336784,1.801115611586203,1.1422717349869504,1.054943973921166,-0.7764894388579444,-0.17812580120810412,-1.2879925243368042,1.7122287333258497,1.1375508335941726,1.0208860595782563,-0.5394371723957445,-0.17472042556552228,-1.287390149915469,1.7148962749397747,1.136779570423156,0.9832144808831066,-0.18608975482176598,-0.26181145209817547,-1.2751862965677003,1.629502412298875,1.1368097524405212,1.189288572979256,-0.9751369093974219,-0.34710899580298216,-1.2916178379692176,1.469962278639206,1.0867755047401866,1.1562665653065372,-0.656309103769669,-0.432869667482611,-1.2405223971535395,1.3856460052173456,1.084615288573497,0.9068760788774526
0.8464000884743222,-0.5423783461041329,0.06969746063769545,-1.1705163776422634,2.03175630183045,1.1849629093570757,0.8265442171206289,-0.39685006417831403,0.152454862870824,-1.0976430183489154,2.125726148105143,1.1898433339335075,0.8204470846464036,-0.21946466128629727,0.15263037145754763,-1.03937455395403,2.119817706085275,1.1873673825982307,1.0785244452550398,-1.0617653497474222,-0.0924466194119475,-1.2957083260336784,1.801115611586203,1.1422717349869504,1.054943973921166,-0.7764894388579444,-0.17812580120810412,-1.2879925243368042,1.7122287333258497,1.1375508335941726,1.0208860595782563,-0.5394371723957445,-0.17472042556552228,-1.287390149915469,1.7148962749397747,1.136779570423156,0.9832144808831066,-0.18608975482176598,-0.26181145209817547,-1.2751862965677003,1.629502412298875,1.1368097524405212,1.189288572979256,-0.9751369093974219,-0.34710899580298216,-1.2916178379692176,1.469962278639206,1.0867755047401866,1.1562665653065372,-0.656309103769669,-0.432869667482611,-1.2405223971535395,1.3856460052173456,1.084615288573497,1.1092172612957478,-0.4731071880834881,-0.43222280209338687,-1.2930367444706359,1.3845033540077223,1.0831184022855191,0.9067202457367912
0.8265442171206289,-0.39685006417831403,0.152454862870824,-1.0976430183489154,2.125726148105143,1.1898433339335075,0.8204470846464036,-0.21946466128629727,0.15263037145754763,-1.03937455395403,2.119817706085275,1.1873673825982307,1.0785244452550398,-1.0617653497474222,-0.0924466194119475,-1.2957083260336784,1.801115611586203,1.1422717349869504,1.054943973921166,-0.7764894388579444,-0.17812580120810412,-1.2879925243368042,1.7122287333258497,1.1375508335941726,1.0208860595782563,-0.5394371723957445,-0.17472042556552228,-1.287390149915469,1.7148962749397747,1.136779570423156,0.9832144808831066,-0.18608975482176598,-0.26181145209817547,-1.2751862965677003,1.629502412298875,1.1368097524405212,1.189288572979256,-0.9751369093974219,-0.34710899580298216,-1.2916178379692176,1.469962278639206,1.0867755047401866,1.1562665653065372,-0.656309103769669,-0.432869667482611,-1.2405223971535395,1.3856460052173456,1.084615288573497,1.1092172612957478,-0.4731071880834881,-0.43222280209338687,-1.2930367444706359,1.3845033540077223,1.0831184022855191,1.2481088886273999,-1.2484893306598195,-0.4256108802506804,-1.5520195576990206,1.3043835789785012,1.031043563420148,0.9012990018153252
0.8204470846464036,-0.21946466128629727,0.15263037145754763,-1.03937455395403,2.119817706085275,1.1873673825982307,1.0785244452550398,-1.0617653497474222,-0.0924466194119475,-1.2957083260336784,1.801115611586203,1.1422717349869504,1.054943973921166,-0.7764894388579444,-0.17812580120810412,-1.2879925243368042,1.7122287333258497,1.1375508335941726,1.0208860595782563,-0.5394371723957445,-0.17472042556552228,-1.287390149915469,1.7148962749397747,1.136779570423156,0.9832144808831066,-0.18608975482176598,-0.26181145209817547,-1.2751862965677003,1.629502412298875,1.1368097524405212,1.189288572979256,-0.9751369093974219,-0.34710899580298216,-1.2916178379692176,1.469962278639206,1.0867755047401866,1.1562665653065372,-0.656309103769669,-0.432869667482611,-1.2405223971535395,1.3856460052173456,1.084615288573497,1.1092172612957478,-0.4731071880834881,-0.43222280209338687,-1.2930367444706359,1.3845033540077223,1.0831184022855191,1.2481088886273999,-1.2484893306598195,-0.4256108802506804,-1.5520195576990206,1.3043835789785012,1.031043563420148,1.222619753587415,-1.0240520593558275,-0.5180603934147311,-1.5648746739001744,1.219437017522864,1.0286848677052376,0.901053450123075
1.0785244452550398,-1.0617653497474222,-0.0924466194119475,-1.2957083260336784,1.801115611586203,1.1422717349869504,1.054943973921166,-0.7764894388579444,-0.17812580120810412,-1.2879925243368042,1.7122287333258497,1.1375508335941726,1.0208860595782563,-0.5394371723957445,-0.17472042556552228,-1.287390149915469,1.7148962749397747,1.136779570423156,0.9832144808831066,-0.18608975482176598,-0.26181145209817547,-1.2751862965677003,1.629502412298875,1.1368097524405212,1.189288572979256,-0.9751369093974219,-0.34710899580298216,-1.2916178379692176,1.469962278639206,1.0867755047401866,1.1562665653065372,-0.656309103769669,-0.432869667482611,-1.2405223971535395,1.3856460052173456,1.084615288573497,1.1092172612957478,-0.4731071880834881,-0.43222280209338687,-1.2930367444706359,1.3845033540077223,1.0831184022855191,1.2481088886273999,-1.2484893306598195,-0.4256108802506804,-1.5520195576990206,1.3043835789785012,1.031043563420148,1.222619753587415,-1.0240520593558275,-0.5180603934147311,-1.5648746739001744,1.219437017522864,1.0286848677052376,1.200763365273291,-0.7462269444961707,-0.6121483087288724,-1.4627811874463623,1.1384226401231181,1.0309546972324433,0.9012897504131046
1.054943973921166,-0.7764894388579444,-0.17812580120810412,-1.2879925243368042,1.7122287333258497,1.1375508335941726,1.0208860595782563,-0.5394371723957445,-0.17472042556552228,-1.287390149915469,1.7148962749397747,1.136779570423156,0.9832144808831066,-0.18608975482176598,-0.26181145209817547,-1.2751862965677003,1.629502412298875,1.1368097524405212,1.189288572979256,-0.9751369093974219,-0.34710899580298216,-1.2916178379692176,1.469962278639206,1.0867755047401866,1.1562665653065372,-0.656309103769669,-0.432869667482611,-1.2405223971535395,1.3856460052173456,1.084615288573497,1.1092172612957478,-0.4731071880834881,-0.43222280209338687,-1.2930367444706359,1.3845033540077223,1.0831184022855191,1.2481088886273999,-1.2484893306598195,-0.4256108802506804,-1.5520195576990206,1.3043835789785012,1.031043563420148,1.222619753587415,-1.0240520593558275,-0.5180603934147311,-1.5648746739001744,1.219437017522864,1.0286848677052376,1.200763365273291,-0.7462269444961707,-0.6121483087288724,-1.4627811874463623,1.1384226401231181,1.0309546972324433,1.1766819146796823,-0.426562903748852,-0.7063015867478042,-1.3281128055689961,1.0609094110916504,1.0333023947708395,0.9015341571417048
1.0208860595782563,-0.5394371723957445,-0.17472042556552228,-1.287390149915469,1.7148962749397747,1.136779570423156,0.9832144808831066,-0.18608975482176598,-0.26181145209817547,-1.2751862965677003,1.629502412298875,1.1368097524405212,1.189288572979256,-0.9751369093974219,-0.34710899580298216,-1.2916178379692176,1.469962278639206,1.0867755047401866,1.1562665653065372,-0.656309103769669,-0.432869667482611,-1.2405223971535395,1.3856460052173456,1.084615288573497,1.1092172612957478,-0.4731071880834881,-0.43222280209338687,-1.2930367444706359,1.3845033540077223,1.0831184022855191,1.2481088886273999,-1.2484893306598195,-0.4256108802506804,-1.5520195576990206,1.3043835789785012,1.031043563420148,1.222619753587415,-1.0240520593558275,-0.5180603934147311,-1.5648746739001744,1.219437017522864,1.0286848677052376,1.200763365273291,-0.7462269444961707,-0.6121483087288724,-1.4627811874463623,1.1384226401231181,1.0309546972324433,1.1766819146796823,-0.426562903748852,-0.7063015867478042,-1.3281128055689961,1.0609094110916504,1.0333023947708395,1.152423488427893,-0.27605356879616133,-0.704639425872244,-1.2708325026391116,1.0603360522996326,1.031906256503099,0.901388812359802
0.9832144808831066,-0.18608975482176598,-0.26181145209817547,-1.2751862965677003,1.629502412298875,1.1368097524405212,1.189288572979256,-0.9751369093974219,-0.34710899580298216,-1.2916178379692176,1.469962278639206,1.0867755047401866,1.1562665653065372,-0.656309103769669,-0.432869667482611,-1.2405223971535395,1.3856460052173456,1.084615288573497,1.1092172612957478,-0.4731071880834881,-0.43222280209338687,-1.2930367444706359,1.3845033540077223,1.0831184022855191,1.2481088886273999,-1.2484893306598195,-0.4256108802506804,-1.5520195576990206,1.3043835789785012,1.031043563420148,1.222619753587415,-1.0240520593558275,-0.5180603934147311,-1.5648746739001744,1.219437017522864,1.0286848677052376,1.200763365273291,-0.7462269444961707,-0.6121483087288724,-1.4627811874463623,1.1384226401231181,1.0309546972324433,1.1766819146796823,-0.426562903748852,-0.7063015867478042,-1.3281128055689961,1.0609094110916504,1.0333023947708395,1.152423488427893,-0.27605356879616133,-0.704639425872244,-1.2708325026391116,1.0603360522996326,1.031906256503099,1.0372625116980903,-0.6819242965594138,-0.1903380694589416,-1.3545049811430232,1.879519376613783,1.2444245255842825,0.9235129974664598
1.189288572979256,-0.9751369093974219,-0.34710899580298216,-1.2916178379692176,1.469962278639206,1.0867755047401866,1.1562665653065372,-0.656309103769669,-0.432869667482611,-1.2405223971535395,1.3856460052173456,1.084615288573497,1.1092172612957478,-0.4731071880834881,-0.43222280209338687,-1.2930367444706359,1.3845033540077223,1.0831184022855191,1.2481088886273999,-1.2484893306598195,-0.4256108802506804,-1.5520195576990206,1.3043835789785012,1.031043563420148,1.222619753587415,-1.0240520593558275,-0.5180603934147311,-1.5648746739001744,1.219437017522864,1.0286848677052376,1.200763365273291,-0.7462269444961707,-0.6121483087288724,-1.4627811874463623,1.1384226401231181,1.0309546972324433,1.1766819146796823,-0.426562903748852,-0.7063015867478042,-1.3281128055689961,1.0609094110916504,1.0333023947708395,1.152423488427893,-0.27605356879616133,-0.704639425872244,-1.2708325026391116,1.0603360522996326,1.031906256503099,1.0372625116980903,-0.6819242965594138,-0.1903380694589416,-1.3545049811430232,1.879519376613783,1.2444245255842825,1.0476838549335474,-0.1266724673087142,-0.36250492625221287,-0.8944978883215076,1.7191537689485854,1.2463039591796496,0.923708655641822
1.1562665653065372,-0.656309103769669,-0.432869667482611,-1.2405223971535395,1.3856460052173456,1.084615288573497,1.1092172612957478,-0.4731071880834881,-0.43222280209338687,-1.2930367444706359,1.3845033540077223,1.0831184022855191,1.2481088886273999,-1.2484893306598195,-0.4256108802506804,-1.5520195576990206,1.3043835789785012,1.031043563420148,1.222619753587415,-1.0240520593558275,-0.5180603934147311,-1.5648746739001744,1.219437017522864,1.0286848677052376,1.200763365273291,-0.7462269444961707,-0.6121483087288724,-1.4627811874463623,1.1384226401231181,1.0309546972324433,1.1766819146796823,-0.426562903748852,-0.7063015867478042,-1.3281128055689961,1.0609094110916504,1.0333023947708395,1.152423488427893,-0.27605356879616133,-0.704639425872244,-1.2708325026391116,1.0603360522996326,1.031906256503099,1.0372625116980903,-0.6819242965594138,-0.1903380694589416,-1.3545049811430232,1.879519376613783,1.2444245255842825,1.0476838549335474,-0.1266724673087142,-0.36250492625221287,-0.8944978883215076,1.7191537689485854,1.2463039591796496,1.1309095685096544,-0.7393832749927863,-0.3547450824579746,-1.298147157935198,1.634902557517309,1.1923204578146742,0.9180887106739474
1.1092172612957478,-0.4731071880834881,-0.43222280209338687,-1.2930367444706359,1.3845033540077223,1.0831184022855191,1.2481088886273999,-1.2484893306598195,-0.4256108802506804,-1.5520195576990206,1.3043835789785012,1.031043563420148,1.222619753587415,-1.0240520593558275,-0.5180603934147311,-1.5648746739001744,1.219437017522864,1.0286848677052376,1.200763365273291,-0.7462269444961707,-0.6121483087288724,-1.4627811874463623,1.1384226401231181,1.0309546972324433,1.1766819146796823,-0.426562903748852,-0.7063015867478042,-1.3281128055689961,1.0609094110916504,1.0333023947708395,1.152423488427893,-0.27605356879616133,-0.704639425872244,-1.2708325026391116,1.0603360522996326,1.031906256503099,1.0372625116980903,-0.6819242965594138,-0.1903380694589416,-1.3545049811430232,1.879519376613783,1.2444245255842825,1.0476838549335474,-0.1266724673087142,-0.36250492625221287,-0.8944978883215076,1.7191537689485854,1.2463039591796496,1.1309095685096544,-0.7393832749927863,-0.3547450824579746,-1.298147157935198,1.634902557517309,1.1923204578146742,1.2217894800516613,-1.1978179757133223,-0.43806513076328774,-1.5923561154810277,1.4776517926512986,1.1423867969090171,0.912890373788812
1.2481088886273999,-1.2484893306598195,-0.4256108802506804,-1.5520195576990206,1.3043835789785012,1.031043563420148,1.222619753587415,-1.0240520593558275,-0.5180603934147311,-1.5648746739001744,1.219437017522864,1.0286848677052376,1.200763365273291,-0.7462269444961707,-0.6121483087288724,-1.4627811874463623,1.1384226401231181,1.0309546972324433,1.1766819146796823,-0.426562903748852,-0.7063015867478042,-1.3281128055689961,1.0609094110916504,1.0333023947708395,1.152423488427893,-0.27605356879616133,-0.704639425872244,-1.2708325026391116,1.0603360522996326,1.031906256503099,1.0372625116980903,-0.6819242965594138,-0.1903380694589416,-1.3545049811430232,1.879519376613783,1.2444245255842825,1.0476838549335474,-0.1266724673087142,-0.36250492625221287,-0.8944978883215076,1.7191537689485854,1.2463039591796496,1.1309095685096544,-0.7393832749927863,-0.3547450824579746,-1.298147157935198,1.634902557517309,1.1923204578146742,1.2217894800516613,-1.1978179757133223,-0.43806513076328774,-1.5923561154810277,1.4776517926512986,1.1423867969090171,1.1273018390059686,-0.8747994360882442,-0.3495141651430111,-1.5928240022619258,1.5536401312784645,1.1391827963656134,0.9125568217539184
1.222619753587415,-1.0240520593558275,-0.5180603934147311,-1.5648746739001744,1.219437017522864,1.0286848677052376,1.200763365273291,-0.7462269444961707,-0.6121483087288724,-1.4627811874463623,1.1384226401231181,1.0309546972324433,1.1766819146796823,-0.426562903748852,-0.7063015867478042,-1.3281128055689961,1.0609094110916504,1.0333023947708395,1.152423488427893,-0.27605356879616133,-0.704639425872244,-1.2708325026391116,1.0603360522996326,1.031906256503099,1.0372625116980903,-0.6819242965594138,-0.1903380694589416,-1.3545049811430232,1.879519376613783,1.2444245255842825,1.0476838549335474,-0.1266724673087142,-0.36250492625221287,-0.8944978883215076,1.7191537689485854,1.2463039591796496,1.1309095685096544,-0.7393832749927863,-0.3547450824579746,-1.298147157935198,1.634902557517309,1.1923204578146742,1.2217894800516613,-1.1978179757133223,-0.43806513076328774,-1.5923561154810277,1.4776517926512986,1.1423867969090171,1.1273018390059686,-0.8747994360882442,-0.3495141651430111,-1.5928240022619258,1.5536401312784645,1.1391827963656134,1.1679268405656904,-0.4423694710062732,-0.7117485502658909,-1.499743197210382,1.2297249447839078,1.1414298610217937,0.912790752110188
1.200763365273291,-0.7462269444961707,-0.6121483087288724,-1.4627811874463623,1.1384226401231181,1.0309546972324433,1.1766819146796823,-0.426562903748852,-0.7063015867478042,-1.3281128055689961,1.0609094110916504,1.0333023947708395,1.152423488427893,-0.27605356879616133,-0.704639425872244,-1.2708325026391116,1.0603360522996326,1.031906256503099,1.0372625116980903,-0.6819242965594138,-0.1903380694589416,-1.3545049811430232,1.879519376613783,1.2444245255842825,1.0476838549335474,-0.1266724673087142,-0.36250492625221287,-0.8944978883215076,1.7191537689485854,1.2463039591796496,1.1309095685096544,-0.7393832749927863,-0.3547450824579746,-1.298147157935198,1.634902557517309,1.1923204578146742,1.2217894800516613,-1.1978179757133223,-0.43806513076328774,-1.5923561154810277,1.4776517926512986,1.1423867969090171,1.1273018390059686,-0.8747994360882442,-0.3495141651430111,-1.5928240022619258,1.5536401312784645,1.1391827963656134,1.1679268405656904,-0.4423694710062732,-0.7117485502658909,-1.499743197210382,1.2297249447839078,1.1414298610217937,1.2748132226279065,-1.2601289080638305,-0.6147311872993048,-1.7474337341684991,1.226423048761771,1.0859551383544264,0.9070155637541955
1.1766819146796823,-0.426562903748852,-0.7063015867478042,-1.3281128055689961,1.0609094110916504,1.0333023947708395,1.152423488427893,-0.27605356879616133,-0.704639425872244,-1.2708325026391116,1.0603360522996326,1.031906256503099,1.0372625116980903,-0.6819242965594138,-0.1903380694589416,-1.3545049811430232,1.879519376613783,1.2444245255842825,1.0476838549335474,-0.1266724673087142,-0.36250492625221287,-0.8944978883215076,1.7191537689485854,1.2463039591796496,1.1309095685096544,-0.7393832749927863,-0.3547450824579746,-1.298147157935198,1.634902557517309,1.1923204578146742,1.2217894800516613,-1.1978179757133223,-0.43806513076328774,-1.5923561154810277,1.4776517926512986,1.1423867969090171,1.1273018390059686,-0.8747994360882442,-0.3495141651430111,-1.5928240022619258,1.5536401312784645,1.1391827963656134,1.1679268405656904,-0.4423694710062732,-0.7117485502658909,-1.499743197210382,1.2297249447839078,1.1414298610217937,1.2748132226279065,-1.2601289080638305,-0.6147311872993048,-1.7474337341684991,1.226423048761771,1.0859551383544264,1.1859188043186024,-0.6899588931664177,-0.7072980259247035,-1.638640962831666,1.1503045861534376,1.0894999612967615,0.9073845970579468
1.152423488427893,-0.27605356879616133,-0.704639425872244,-1.2708325026391116,1.0603360522996326,1.031906256503099,1.0372625116980903,-0.6819242965594138,-0.1903380694589416,-1.3545049811430232,1.879519376613783,1.2444245255842825,1.0476838549335474,-0.1266724673087142,-0.36250492625221287,-0.8944978883215076,1.7191537689485854,1.2463039591796496,1.1309095685096544,-0.7393832749927863,-0.3547450824579746,-1.298147157935198,1.634902557517309,1.1923204578146742,1.2217894800516613,-1.1978179757133223,-0.43806513076328774,-1.5923561154810277,1.4776517926512986,1.1423867969090171,1.1273018390059686,-0.8747994360882442,-0.3495141651430111,-1.5928240022619258,1.5536401312784645,1.1391827963656134,1.1679268405656904,-0.4423694710062732,-0.7117485502658909,-1.499743197210382,1.2297249447839078,1.1414298610217937,1.2748132226279065,-1.2601289080638305,-0.6147311872993048,-1.7474337341684991,1.226423048761771,1.0859551383544264,1.1859188043186024,-0.6899588931664177,-0.7072980259247035,-1.638640962831666,1.1503045861534376,1.0894999612967615,1.1316812014242008,-0.38596840747520655,-0.7087376667208943,-1.5733612563976433,1.1433185549145304,1.085658616190308,0.906984694355176
1.0372625116980903,-0.6819242965594138,-0.1903380694589416,-1.3545049811430232,1.879519376613783,1.2444245255842825,1.0476838549335474,-0.1266724673087142,-0.36250492625221287,-0.8944978883215076,1.7191537689485854,1.2463039591796496,1.1309095685096544,-0.7393832749927863,-0.3547450824579746,-1.298147157935198,1.634902557517309,1.1923204578146742,1.2217894800516613,-1.1978179757133223,-0.43806513076328774,-1.5923561154810277,1.4776517926512986,1.1423867969090171,1.1273018390059686,-0.8747994360882442,-0.3495141651430111,-1.5928240022619258,1.5536401312784645,1.1391827963656134,1.1679268405656904,-0.4423694710062732,-0.7117485502658909,-1.499743197210382,1.2297249447839078,1.1414298610217937,1.2748132226279065,-1.2601289080638305,-0.6147311872993048,-1.7474337341684991,1.226423048761771,1.0859551383544264,1.1859188043186024,-0.6899588931664177,-0.7072980259247035,-1.638640962831666,1.1503045861534376,1.0894999612967615,1.1316812014242008,-0.38596840747520655,-0.7087376667208943,-1.5733612563976433,1.1433185549145304,1.085658616190308,1.2420895678175403,-1.2055434510487752,-0.6105386671658705,-1.7336022772405733,1.1434405461468735,1.031848816574098,0.9013828325839115
1.0476838549335474,-0.1266724673087142,-0.36250492625221287,-0.8944978883215076,1.7191537689485854,1.2463039591796496,1.1309095685096544,-0.7393832749927863,-0.3547450824579746,-1.298147157935198,1.634902557517309,1.1923204578146742,1.2217894800516613,-1.1978179757133223,-0.43806513076328774,-1.5923561154810277,1.4776517926512986,1.1423867969090171,1.1273018390059686,-0.8747994360882442,-0.3495141651430111,-1.5928240022619258,1.5536401312784645,1.1391827963656134,1.1679268405656904,-0.4423694710062732,-0.7117485502658909,-1.499743197210382,1.2297249447839078,1.1414298610217937,1.2748132226279065,-1.2601289080638305,-0.6147311872993048,-1.7474337341684991,1.226423048761771,1.0859551383544264,1.1859188043186024,-0.6899588931664177,-0.7072980259247035,-1.638640962831666,1.1503045861534376,1.0894999612967615,1.1316812014242008,-0.38596840747520655,-0.7087376667208943,-1.5733612563976433,1.1433185549145304,1.085658616190308,1.2420895678175403,-1.2055434510487752,-0.6105386671658705,-1.7336022772405733,1.1434405461468735,1.031848816574098,1.177111245584832,-0.703766059633729,-0.7037672324935019,-1.5683875428118532,1.0702498731148002,1.038147153282248,0.902038520058676
1.1309095685096544,-0.7393832749927863,-0.3547450824579746,-1.298147157935198,1.634902557517309,1.1923204578146742,1.2217894800516613,-1.1978179757133223,-0.43806513076328774,-1.5923561154810277,1.4776517926512986,1.1423867969090171,1.1273018390059686,-0.8747994360882442,-0.3495141651430111,-1.5928240022619258,1.5536401312784645,1.1391827963656134,1.1679268405656904,-0.4423694710062732,-0.7117485502658909,-1.499743197210382,1.2297249447839078,1.1414298610217937,1.2748132226279065,-1.2601289080638305,-0.6147311872993048,-1.7474337341684991,1.226423048761771,1.0859551383544264,1.1859188043186024,-0.6899588931664177,-0.7072980259247035,-1.638640962831666,1.1503045861534376,1.0894999612967615,1.1316812014242008,-0.38596840747520655,-0.7087376667208943,-1.5733612563976433,1.1433185549145304,1.085658616190308,1.2420895678175403,-1.2055434510487752,-0.6105386671658705,-1.7336022772405733,1.1434405461468735,1.031848816574098,1.177111245584832,-0.703766059633729,-0.7037672324935019,-1.5683875428118532,1.0702498731148002,1.038147153282248,1.141188651228247,-1.2346835518196746,-0.7709826865253773,-1.3456679860676548,1.3872359576122313,1.267365609405768,0.9259012758352244
1.2217894800516613,-1.1978179757133223,-0.43806513076328774,-1.5923561154810277,1.4776517926512986,1.1423867969090171,1.1273018390059686,-0.8747994360882442,-0.3495141651430111,-1.5928240022619258,1.5536401312784645,1.1391827963656134,1.1679268405656904,-0.4423694710062732,-0.7117485502658909,-1.499743197210382,1.2297249447839078,1.1414298610217937,1.2748132226279065,-1.2601289080638305,-0.6147311872993048,-1.7474337341684991,1.226423048761771,1.0859551383544264,1.1859188043186024,-0.6899588931664177,-0.7072980259247035,-1.638640962831666,1.1503045861534376,1.0894999612967615,1.1316812014242008,-0.38596840747520655,-0.7087376667208943,-1.5733612563976433,1.1433185549145304,1.085658616190308,1.2420895678175403,-1.2055434510487752,-0.6105386671658705,-1.7336022772405733,1.1434405461468735,1.031848816574098,1.177111245584832,-0.703766059633729,-0.7037672324935019,-1.5683875428118532,1.0702498731148002,1.038147153282248,1.141188651228247,-1.2346835518196746,-0.7709826865253773,-1.3456679860676548,1.3872359576122313,1.267365609405768,1.2308613605103749,-1.3016784062122997,-0.8534010216163218,-1.3175500486098917,1.1572296217761733,1.1660316968432458,0.9153519228369714
1.1273018390059686,-0.8747994360882442,-0.3495141651430111,-1.5928240022619258,1.5536401312784645,1.1391827963656134,1.1679268405656904,-0.4423694710062732,-0.7117485502658909,-1.499743197210382,1.2297249447839078,1.1414298610217937,1.2748132226279065,-1.2601289080638305,-0.6147311872993048,-1.7474337341684991,1.226423048761771,1.0859551383544264,1.1859188043186024,-0.6899588931664177,-0.7072980259247035,-1.638640962831666,1.1503045861534376,1.0894999612967615,1.1316812014242008,-0.38596840747520655,-0.7087376667208943,-1.5733612563976433,1.1433185549145304,1.085658616190308,1.2420895678175403,-1.2055434510487752,-0.6105386671658705,-1.7336022772405733,1.1434405461468735,1.031848816574098,1.177111245584832,-0.703766059633729,-0.7037672324935019,-1.5683875428118532,1.0702498731148002,1.038147153282248,1.141188651228247,-1.2346835518196746,-0.7709826865253773,-1.3456679860676548,1.3872359576122313,1.267365609405768,1.2308613605103749,-1.3016784062122997,-0.8534010216163218,-1.3175500486098917,1.1572296217761733,1.1660316968432458,1.228653351359712,-1.4245134486782922,-0.8482187680811003,-1.4666107092767258,1.0804158091434788,1.114162185175058,0.9099520544750634
1.1679268405656904,-0.4423694710062732,-0.7117485502658909,-1.499743197210382,1.2297249447839078,1.1414298610217937,1.2748132226279065,-1.2601289080638305,-0.6147311872993048,-1.7474337341684991,1.226423048761771,1.0859551383544264,1.1859188043186024,-0.6899588931664177,-0.7072980259247035,-1.638640962831666,1.1503045861534376,1.0894999612967615,1.1316812014242008,-0.38596840747520655,-0.7087376667208943,-1.5733612563976433,1.1433185549145304,1.085658616190308,1.2420895678175403,-1.2055434510487752,-0.6105386671658705,-1.7336022772405733,1.1434405461468735,1.031848816574098,1.177111245584832,-0.703766059633729,-0.7037672324935019,-1.5683875428118532,1.0702498731148002,1.038147153282248,1.141188651228247,-1.2346835518196746,-0.7709826865253773,-1.3456679860676548,1.3872359576122313,1.267365609405768,1.2308613605103749,-1.3016784062122997,-0.8534010216163218,-1.3175500486098917,1.1572296217761733,1.1660316968432458,1.228653351359712,-1.4245134486782922,-0.8482187680811003,-1.4666107092767258,1.0804158091434788,1.114162185175058,1.1887283355451845,-1.5393154866403498,-0.7951155558610057,-1.8489520775085804,1.0429279034441237,1.063270492757288,0.904653981851426
1.2748132226279065,-1.2601289080638305,-0.6147311872993048,-1.7474337341684991,1.226423048761771,1.0859551383544264,1.1859188043186024,-0.6899588931664177,-0.7072980259247035,-1.638640962831666,1.1503045861534376,1.0894999612967615,1.1316812014242008,-0.38596840747520655,-0.7087376667208943,-1.5733612563976433,1.1433185549145304,1.085658616190308,1.2420895678175403,-1.2055434510487752,-0.6105386671658705,-1.7336022772405733,1.1434405461468735,1.031848816574098,1.177111245584832,-0.703766059633729,-0.7037672324935019,-1.5683875428118532,1.0702498731148002,1.038147153282248,1.141188651228247,-1.2346835518196746,-0.7709826865253773,-1.3456679860676548,1.3872359576122313,1.267365609405768,1.2308613605103749,-1.3016784062122997,-0.8534010216163218,-1.3175500486098917,1.1572296217761733,1.1660316968432458,1.228653351359712,-1.4245134486782922,-0.8482187680811003,-1.4666107092767258,1.0804158091434788,1.114162185175058,1.1887283355451845,-1.5393154866403498,-0.7951155558610057,-1.8489520775085804,1.0429279034441237,1.063270492757288,1.146654530818138,-1.2805655162309506,-0.8406260217133508,-1.8111897983413565,0.970493576052583,1.0407064211789272,0.90230495229026
1.1859188043186024,-0.6899588931664177,-0.7072980259247035,-1.638640962831666,1.1503045861534376,1.0894999612967615,1.1316812014242008,-0.38596840747520655,-0.7087376667208943,-1.5733612563976433,1.1433185549145304,1.085658616190308,1.2420895678175403,-1.2055434510487752,-0.6105386671658705,-1.7336022772405733,1.1434405461468735,1.031848816574098,1.177111245584832,-0.703766059633729,-0.7037672324935019,-1.5683875428118532,1.0702498731148002,1.038147153282248,1.141188651228247,-1.2346835518196746,-0.7709826865253773,-1.3456679860676548,1.3872359576122313,1.267365609405768,1.2308613605103749,-1.3016784062122997,-0.8534010216163218,-1.3175500486098917,1.1572296217761733,1.1660316968432458,1.228653351359712,-1.4245134486782922,-0.8482187680811003,-1.4666107092767258,1.0804158091434788,1.114162185175058,1.1887283355451845,-1.5393154866403498,-0.7951155558610057,-1.8489520775085804,1.0429279034441237,1.063270492757288,1.146654530818138,-1.2805655162309506,-0.8406260217133508,-1.8111897983413565,0.970493576052583,1.0407064211789272,1.1885909768253813,-1.4450256784111033,-0.7934514239944447,-1.4452488279689428,0.97081481963109,1.0155738804151033,0.8996885325986096
1.1316812014242008,-0.38596840747520655,-0.7087376667208943,-1.5733612563976433,1.1433185549145304,1.085658616190308,1.2420895678175403,-1.2055434510487752,-0.6105386671658705,-1.7336022772405733,1.1434405461468735,1.031848816574098,1.177111245584832,-0.703766059633729,-0.7037672324935019,-1.5683875428118532,1.0702498731148002,1.038147153282248,1.141188651228247,-1.2346835518196746,-0.7709826865253773,-1.3456679860676548,1.3872359576122313,1.267365609405768,1.2308613605103749,-1.3016784062122997,-0.8534010216163218,-1.3175500486098917,1.1572296217761733,1.1660316968432458,1.228653351359712,-1.4245134486782922,-0.8482187680811003,-1.4666107092767258,1.0804158091434788,1.114162185175058,1.1887283355451845,-1.5393154866403498,-0.7951155558610057,-1.8489520775085804,1.0429279034441237,1.063270492757288,1.146654530818138,-1.2805655162309506,-0.8406260217133508,-1.8111897983413565,0.970493576052583,1.0407064211789272,1.1885909768253813,-1.4450256784111033,-0.7934514239944447,-1.4452488279689428,0.97081481963109,1.0155738804151033,1.1755570761887204,-1.6256038267706492,-0.7389301364766968,-1.6693827258888667,0.9319931431247722,0.9630603309297086,0.8942216167685231
1.2420895678175403,-1.2055434510487752,-0.6105386671658705,-1.7336022772405733,1.1434405461468735,1.031848816574098,1.177111245584832,-0.703766059633729,-0.7037672324935019,-1.5683875428118532,1.0702498731148002,1.038147153282248,1.141188651228247,-1.2346835518196746,-0.7709826865253773,-1.3456679860676548,1.3872359576122313,1.267365609405768,1.2308613605103749,-1.3016784062122997,-0.8534010216163218,-1.3175500486098917,1.1572296217761733,1.1660316968432458,1.228653351359712,-1.4245134486782922,-0.8482187680811003,-1.4666107092767258,1.0804158091434788,1.114162185175058,1.1887283355451845,-1.5393154866403498,-0.7951155558610057,-1.8489520775085804,1.0429279034441237,1.063270492757288,1.146654530818138,-1.2805655162309506,-0.8406260217133508,-1.8111897983413565,0.970493576052583,1.0407064211789272,1.1885909768253813,-1.4450256784111033,-0.7934514239944447,-1.4452488279689428,0.97081481963109,1.0155738804151033,1.1755570761887204,-1.6256038267706492,-0.7389301364766968,-1.6693827258888667,0.9319931431247722,0.9630603309297086,1.1352702891992335,-1.4704611542490065,-0.7837096497585025,-1.671128494329055,0.8538414933107029,0.9365477118364786,0.8914615242126362
1.177111245584832,-0.703766059633729,-0.7037672324935019,-1.5683875428118532,1.0702498731148002,1.038147153282248,1.141188651228247,-1.2346835518196746,-0.7709826865253773,-1.3456679860676548,1.3872359576122313,1.267365609405768,1.2308613605103749,-1.3016784062122997,-0.8534010216163218,-1.3175500486098917,1.1572296217761733,1.1660316968432458,1.228653351359712,-1.4245134486782922,-0.8482187680811003,-1.4666107092767258,1.0804158091434788,1.114162185175058,1.1887283355451845,-1.5393154866403498,-0.7951155558610057,-1.8489520775085804,1.0429279034441237,1.063270492757288,1.146654530818138,-1.2805655162309506,-0.8406260217133508,-1.8111897983413565,0.970493576052583,1.0407064211789272,1.1885909768253813,-1.4450256784111033,-0.7934514239944447,-1.4452488279689428,0.97081481963109,1.0155738804151033,1.1755570761887204,-1.6256038267706492,-0.7389301364766968,-1.6693827258888667,0.9319931431247722,0.9630603309297086,1.1352702891992335,-1.4704611542490065,-0.7837096497585025,-1.671128494329055,0.8538414933107029,0.9365477118364786,1.1201628816744016,-1.641877341195494,-0.7319498458831699,-1.9001213798969954,0.8203549000322353,0.8890507341767254,0.8865168579009144
1.141188651228247,-1.2346835518196746,-0.7709826865253773,-1.3456679860676548,1.3872359576122313,1.267365609405768,1.2308613605103749,-1.3016784062122997,-0.8534010216163218,-1.3175500486098917,1.1572296217761733,1.1660316968432458,1.228653351359712,-1.4245134486782922,-0.8482187680811003,-1.4666107092767258,1.0804158091434788,1.114162185175058,1.1887283355451845,-1.5393154866403498,-0.7951155558610057,-1.8489520775085804,1.0429279034441237,1.063270492757288,1.146654530818138,-1.2805655162309506,-0.8406260217133508,-1.8111897983413565,0.970493576052583,1.0407064211789272,1.1885909768253813,-1.4450256784111033,-0.7934514239944447,-1.4452488279689428,0.97081481963109,1.0155738804151033,1.1755570761887204,-1.6256038267706492,-0.7389301364766968,-1.6693827258888667,0.9319931431247722,0.9630603309297086,1.1352702891992335,-1.4704611542490065,-0.7837096497585025,-1.671128494329055,0.8538414933107029,0.9365477118364786,1.1201628816744016,-1.641877341195494,-0.7319498458831699,-1.9001213798969954,0.8203549000322353,0.8890507341767254,1.061639003246511,-1.2489053677000346,-0.7839873128816301,-1.3956765463587733,0.7793780450878388,0.889070134217342,0.8865188775394685
1.2308613605103749,-1.3016784062122997,-0.8534010216163218,-1.3175500486098917,1.1572296217761733,1.1660316968432458,1.228653351359712,-1.4245134486782922,-0.8482187680811003,-1.4666107092767258,1.0804158091434788,1.114162185175058,1.1887283355451845,-1.5393154866403498,-0.7951155558610057,-1.8489520775085804,1.0429279034441237,1.063270492757288,1.146654530818138,-1.2805655162309506,-0.8406260217133508,-1.8111897983413565,0.970493576052583,1.0407064211789272,1.1885909768253813,-1.4450256784111033,-0.7934514239944447,-1.4452488279689428,0.97081481963109,1.0155738804151033,1.1755570761887204,-1.6256038267706492,-0.7389301364766968,-1.6693827258888667,0.9319931431247722,0.9630603309297086,1.1352702891992335,-1.4704611542490065,-0.7837096497585025,-1.671128494329055,0.8538414933107029,0.9365477118364786,1.1201628816744016,-1.641877341195494,-0.7319498458831699,-1.9001213798969954,0.8203549000322353,0.8890507341767254,1.061639003246511,-1.2489053677000346,-0.7839873128816301,-1.3956765463587733,0.7793780450878388,0.889070134217342,1.1205219599979845,-1.445730971743048,-0.7320522075419486,-1.0996718180507892,0.7820455867017638,0.8642603207939265,0.8839360553331027
1.228653351359712,-1.4245134486782922,-0.8482187680811003,-1.4666107092767258,1.0804158091434788,1.114162185175058,1.1887283355451845,-1.5393154866403498,-0.7951155558610057,-1.8489520775085804,1.0429279034441237,1.063270492757288,1.146654530818138,-1.2805655162309506,-0.8406260217133508,-1.8111897983413565,0.970493576052583,1.0407064211789272,1.1885909768253813,-1.4450256784111033,-0.7934514239944447,-1.4452488279689428,0.97081481963109,1.0155738804151033,1.1755570761887204,-1.6256038267706492,-0.7389301364766968,-1.6693827258888667,0.9319931431247722,0.9630603309297086,1.1352702891992335,-1.4704611542490065,-0.7837096497585025,-1.671128494329055,0.8538414933107029,0.9365477118364786,1.1201628816744016,-1.641877341195494,-0.7319498458831699,-1.9001213798969954,0.8203549000322353,0.8890507341767254,1.061639003246511,-1.2489053677000346,-0.7839873128816301,-1.3956765463587733,0.7793780450878388,0.889070134217342,1.1205219599979845,-1.445730971743048,-0.7320522075419486,-1.0996718180507892,0.7820455867017638,0.8642603207939265,1.1213707242333997,-1.434121476279591,-0.7288425814421007,-0.9954209207970237,0.7413167805964659,0.8375706919801015,0.8811575352046545
1.1887283355451845,-1.5393154866403498,-0.7951155558610057,-1.8489520775085804,1.0429279034441237,1.063270492757288,1.146654530818138,-1.2805655162309506,-0.8406260217133508,-1.8111897983413565,0.970493576052583,1.0407064211789272,1.1885909768253813,-1.4450256784111033,-0.7934514239944447,-1.4452488279689428,0.97081481963109,1.0155738804151033,1.1755570761887204,-1.6256038267706492,-0.7389301364766968,-1.6693827258888667,0.9319931431247722,0.9630603309297086,1.1352702891992335,-1.4704611542490065,-0.7837096497585025,-1.671128494329055,0.8538414933107029,0.9365477118364786,1.1201628816744016,-1.641877341195494,-0.7319498458831699,-1.9001213798969954,0.8203549000322353,0.8890507341767254,1.061639003246511,-1.2489053677000346,-0.7839873128816301,-1.3956765463587733,0.7793780450878388,0.889070134217342,1.1205219599979845,-1.445730971743048,-0.7320522075419486,-1.0996718180507892,0.7820455867017638,0.8642603207939265,1.1213707242333997,-1.434121476279591,-0.7288425814421007,-0.9954209207970237,0.7413167805964659,0.8375706919801015,1.1733732574713764,-1.1946103102843748,-0.6893425316766701,-1.3071826420778139,0.8046017655621959,0.8630364674257806,0.8838086462469223
1.146654530818138,-1.2805655162309506,-0.8406260217133508,-1.8111897983413565,0.970493576052583,1.0407064211789272,1.1885909768253813,-1.4450256784111033,-0.7934514239944447,-1.4452488279689428,0.97081481963109,1.0155738804151033,1.1755570761887204,-1.6256038267706492,-0.7389301364766968,-1.6693827258888667,0.9319931431247722,0.9630603309297086,1.1352702891992335,-1.4704611542490065,-0.7837096497585025,-1.671128494329055,0.8538414933107029,0.9365477118364786,1.1201628816744016,-1.641877341195494,-0.7319498458831699,-1.9001213798969954,0.8203549000322353,0.8890507341767254,1.061639003246511,-1.2489053677000346,-0.7839873128816301,-1.3956765463587733,0.7793780450878388,0.889070134217342,1.1205219599979845,-1.445730971743048,-0.7320522075419486,-1.0996718180507892,0.7820455867017638,0.8642603207939265,1.1213707242333997,-1.434121476279591,-0.7288425814421007,-0.9954209207970237,0.7413167805964659,0.8375706919801015,1.1733732574713764,-1.1946103102843748,-0.6893425316766701,-1.3071826420778139,0.8046017655621959,0.8630364674257806,1.0649105574062634,-1.3361034205851448,-0.7282707430753976,-1.5043070162260892,0.7423333741993338,0.8392674875309919,0.8813341798715735
1.1885909768253813,-1.4450256784111033,-0.7934514239944447,-1.4452488279689428,0.97081481963109,1.0155738804151033,1.1755570761887204,-1.6256038267706492,-0.7389301364766968,-1.6693827258888667,0.9319931431247722,0.9630603309297086,1.1352702891992335,-1.4704611542490065,-0.7837096497585025,-1.671128494329055,0.8538414933107029,0.9365477118364786,1.1201628816744016,-1.641877341195494,-0.7319498458831699,-1.9001213798969954,0.8203549000322353,0.8890507341767254,1.061639003246511,-1.2489053677000346,-0.7839873128816301,-1.3956765463587733,0.7793780450878388,0.889070134217342,1.1205219599979845,-1.445730971743048,-0.7320522075419486,-1.0996718180507892,0.7820455867017638,0.8642603207939265,1.1213707242333997,-1.434121476279591,-0.7288425814421007,-0.9954209207970237,0.7413167805964659,0.8375706919801015,1.1733732574713764,-1.1946103102843748,-0.6893425316766701,-1.3071826420778139,0.8046017655621959,0.8630364674257806,1.0649105574062634,-1.3361034205851448,-0.7282707430753976,-1.5043070162260892,0.7423333741993338,0.8392674875309919,1.0170748597519574,-1.409631907816157,-0.7221657683712193,-1.6337049401910968,0.6654544995760554,0.7867345296506566,0.8758652435332072
1.1755570761887204,-1.6256038267706492,-0.7389301364766968,-1.6693827258888667,0.9319931431247722,0.9630603309297086,1.1352702891992335,-1.4704611542490065,-0.7837096497585025,-1.671128494329055,0.8538414933107029,0.9365477118364786,1.1201628816744016,-1.641877341195494,-0.7319498458831699,-1.9001213798969954,0.8203549000322353,0.8890507341767254,1.061639003246511,-1.2489053677000346,-0.7839873128816301,-1.3956765463587733,0.7793780450878388,0.889070134217342,1.1205219599979845,-1.445730971743048,-0.7320522075419486,-1.0996718180507892,0.7820455867017638,0.8642603207939265,1.1213707242333997,-1.434121476279591,-0.7288425814421007,-0.9954209207970237,0.7413167805964659,0.8375706919801015,1.1733732574713764,-1.1946103102843748,-0.6893425316766701,-1.3071826420778139,0.8046017655621959,0.8630364674257806,1.0649105574062634,-1.3361034205851448,-0.7282707430753976,-1.5043070162260892,0.7423333741993338,0.8392674875309919,1.0170748597519574,-1.409631907816157,-0.7221657683712193,-1.6337049401910968,0.6654544995760554,0.7867345296506566,1.023088698378199,-1.5368033163496437,-0.7196586313328793,-1.6973050933151335,0.5928941145777593,0.7392781377659376,0.8709248023980004
1.1352702891992335,-1.4704611542490065,-0.7837096497585025,-1.671128494329055,0.8538414933107029,0.9365477118364786,1.1201628816744016,-1.641877341195494,-0.7319498458831699,-1.9001213798969954,0.8203549000322353,0.8890507341767254,1.061639003246511,-1.2489053677000346,-0.7839873128816301,-1.3956765463587733,0.7793780450878388,0.889070134217342,1.1205219599979845,-1.445730971743048,-0.7320522075419486,-1.0996718180507892,0.7820455867017638,0.8642603207939265,1.1213707242333997,-1.434121476279591,-0.7288425814421007,-0.9954209207970237,0.7413167805964659,0.8375706919801015,1.1733732574713764,-1.1946103102843748,-0.6893425316766701,-1.3071826420778139,0.8046017655621959,0.8630364674257806,1.0649105574062634,-1.3361034205851448,-0.7282707430753976,-1.5043070162260892,0.7423333741993338,0.8392674875309919,1.0170748597519574,-1.409631907816157,-0.7221657683712193,-1.6337049401910968,0.6654544995760554,0.7867345296506566,1.023088698378199,-1.5368033163496437,-0.7196586313328793,-1.6973050933151335,0.5928941145777593,0.7392781377659376,0.9775218602349814,-1.4192464405668783,-0.7157826614807656,-1.5805456688450006,0.5509616616466665,0.7116221114648167,0.8680456755923569
1.1201628816744016,-1.641877341195494,-0.7319498458831699,-1.9001213798969954,0.8203549000322353,0.8890507341767254,1.061639003246511,-1.2489053677000346,-0.7839873128816301,-1.3956765463587733,0.7793780450878388,0.889070134217342,1.1205219599979845,-1.445730971743048,-0.7320522075419486,-1.0996718180507892,0.7820455867017638,0.8642603207939265,1.1213707242333997,-1.434121476279591,-0.7288425814421007,-0.9954209207970237,0.7413167805964659,0.8375706919801015,1.1733732574713764,-1.1946103102843748,-0.6893425316766701,-1.3071826420778139,0.8046017655621959,0.8630364674257806,1.0649105574062634,-1.3361034205851448,-0.7282707430753976,-1.5043070162260892,0.7423333741993338,0.8392674875309919,1.0170748597519574,-1.409631907816157,-0.7221657683712193,-1.6337049401910968,0.6654544995760554,0.7867345296506566,1.023088698378199,-1.5368033163496437,-0.7196586313328793,-1.6973050933151335,0.5928941145777593,0.7392781377659376,0.9775218602349814,-1.4192464405668783,-0.7157826614807656,-1.5805456688450006,0.5509616616466665,0.7116221114648167,1.1893990914516968,-1.0995085828913702,-0.9334471433839909,0.5577819574284831,0.81088838040233,0.9879428446443056,0.8968120074286804
1.061639003246511,-1.2489053677000346,-0.7839873128816301,-1.3956765463587733,0.7793780450878388,0.889070134217342,1.1205219599979845,-1.445730971743048,-0.7320522075419486,-1.0996718180507892,0.7820455867017638,0.8642603207939265,1.1213707242333997,-1.434121476279591,-0.7288425814421007,-0.9954209207970237,0.7413167805964659,0.8375706919801015,1.1733732574713764,-1.1946103102843748,-0.6893425316766701,-1.3071826420778139,0.8046017655621959,0.8630364674257806,1.0649105574062634,-1.3361034205851448,-0.7282707430753976,-1.5043070162260892,0.7423333741993338,0.8392674875309919,1.0170748597519574,-1.409631907816157,-0.7221657683712193,-1.6337049401910968,0.6654544995760554,0.7867345296506566,1.023088698378199,-1.5368033163496437,-0.7196586313328793,-1.6973050933151335,0.5928941145777593,0.7392781377659376,0.9775218602349814,-1.4192464405668783,-0.7157826614807656,-1.5805456688450006,0.5509616616466665,0.7116221114648167,1.1893990914516968,-1.0995085828913702,-0.9334471433839909,0.5577819574284831,0.81088838040233,0.9879428446443056,1.2402063777594894,-1.3734733952137872,-0.8322883331490383,-0.14046562620232927,0.8122262175837048,0.9378251444970046,0.8915945111636638
1.1205219599979845,-1.445730971743048,-0.7320522075419486,-1.0996718180507892,0.7820455867017638,0.8642603207939265,1.1213707242333997,-1.434121476279591,-0.7288425814421007,-0.9954209207970237,0.7413167805964659,0.8375706919801015,1.1733732574713764,-1.1946103102843748,-0.6893425316766701,-1.3071826420778139,0.8046017655621959,0.8630364674257806,1.0649105574062634,-1.3361034205851448,-0.7282707430753976,-1.5043070162260892,0.7423333741993338,0.8392674875309919,1.0170748597519574,-1.409631907816157,-0.7221657683712193,-1.6337049401910968,0.6654544995760554,0.7867345296506566,1.023088698378199,-1.5368033163496437,-0.7196586313328793,-1.6973050933151335,0.5928941145777593,0.7392781377659376,0.9775218602349814,-1.4192464405668783,-0.7157826614807656,-1.5805456688450006,0.5509616616466665,0.7116221114648167,1.1893990914516968,-1.0995085828913702,-0.9334471433839909,0.5577819574284831,0.81088838040233,0.9879428446443056,1.2402063777594894,-1.3734733952137872,-0.8322883331490383,-0.14046562620232927,0.8122262175837048,0.9378251444970046,1.1612809146582042,-1.4175508185613228,-0.8252507006242087,-0.7335581499164535,0.6996405092532962,0.8618209388677154,0.8836821038139479
1.1213707242333997,-1.434121476279591,-0.7288425814421007,-0.9954209207970237,0.7413167805964659,0.8375706919801015,1.1733732574713764,-1.1946103102843748,-0.6893425316766701,-1.3071826420778139,0.8046017655621959,0.8630364674257806,1.0649105574062634,-1.3361034205851448,-0.7282707430753976,-1.5043070162260892,0.7423333741993338,0.8392674875309919,1.0170748597519574,-1.409631907816157,-0.7221657683712193,-1.6337049401910968,0.6654544995760554,0.7867345296506566,1.023088698378199,-1.5368033163496437,-0.7196586313328793,-1.6973050933151335,0.5928941145777593,0.7392781377659376,0.9775218602349814,-1.4192464405668783,-0.7157826614807656,-1.5805456688450006,0.5509616616466665,0.7116221114648167,1.1893990914516968,-1.0995085828913702,-0.9334471433839909,0.5577819574284831,0.81088838040233,0.9879428446443056,1.2402063777594894,-1.3734733952137872,-0.8322883331490383,-0.14046562620232927,0.8122262175837048,0.9378251444970046,1.1612809146582042,-1.4175508185613228,-0.8252507006242087,-0.7335581499164535,0.6996405092532962,0.8618209388677154,1.0761587509770398,-1.2372230244642957,-0.8200221419877294,-0.9288740345759093,0.6263807078562269,0.8121286268128455,0.8785088925176533
1.1733732574713764,-1.1946103102843748,-0.6893425316766701,-1.3071826420778139,0.8046017655621959,0.8630364674257806,1.0649105574062634,-1.3361034205851448,-0.7282707430753976,-1.5043070162260892,0.7423333741993338,0.8392674875309919,1.0170748597519574,-1.409631907816157,-0.7221657683712193,-1.6337049401910968,0.6654544995760554,0.7867345296506566,1.023088698378199,-1.5368033163496437,-0.7196586313328793,-1.6973050933151335,0.5928941145777593,0.7392781377659376,0.9775218602349814,-1.4192464405668783,-0.7157826614807656,-1.5805456688450006,0.5509616616466665,0.7116221114648167,1.1893990914516968,-1.0995085828913702,-0.9334471433839909,0.5577819574284831,0.81088838040233,0.9879428446443056,1.2402063777594894,-1.3734733952137872,-0.8322883331490383,-0.14046562620232927,0.8122262175837048,0.9378251444970046,1.1612809146582042,-1.4175508185613228,-0.8252507006242087,-0.7335581499164535,0.6996405092532962,0.8618209388677154,1.0761587509770398,-1.2372230244642957,-0.8200221419877294,-0.9288740345759093,0.6263807078562269,0.8121286268128455,1.0439283803424224,-1.3685143177189427,-0.7675717303791445,-1.2193914799552872,0.5920686405722307,0.7633933091622798,0.8734353089918954
1.0649105574062634,-1.3361034205851448,-0.7282707430753976,-1.5043070162260892,0.7423333741993338,0.8392674875309919,1.0170748597519574,-1.409631907816157,-0.7221657683712193,-1.6337049401910968,0.6654544995760554,0.7867345296506566,1.023088698378199,-1.5368033163496437,-0.7196586313328793,-1.6973050933151335,0.5928941145777593,0.7392781377659376,0.9775218602349814,-1.4192464405668783,-0.7157826614807656,-1.5805456688450006,0.5509616616466665,0.7116221114648167,1.1893990914516968,-1.0995085828913702,-0.9334471433839909,0.5577819574284831,0.81088838040233,0.9879428446443056,1.2402063777594894,-1.3734733952137872,-0.8322883331490383,-0.14046562620232927,0.8122262175837048,0.9378251444970046,1.1612809146582042,-1.4175508185613228,-0.8252507006242087,-0.7335581499164535,0.6996405092532962,0.8618209388677154,1.0761587509770398,-1.2372230244642957,-0.8200221419877294,-0.9288740345759093,0.6263807078562269,0.8121286268128455,1.0439283803424224,-1.3685143177189427,-0.7675717303791445,-1.2193914799552872,0.5920686405722307,0.7633933091622798,0.9896395476467391,-1.1371219586107089,-0.7663839038015421,-0.9552232903905504,0.5535641412700077,0.7386424611627732,0.8708586253728572
1.0170748597519574,-1.409631907816157,-0.7221657683712193,-1.6337049401910968,0.6654544995760554,0.7867345296506566,1.023088698378199,-1.5368033163496437,-0.7196586313328793,-1.6973050933151335,0.5928941145777593,0.7392781377659376,0.9775218602349814,-1.4192464405668783,-0.7157826614807656,-1.5805456688450006,0.5509616616466665,0.7116221114648167,1.1893990914516968,-1.0995085828913702,-0.9334471433839909,0.5577819574284831,0.81088838040233,0.9879428446443056,1.2402063777594894,-1.3734733952137872,-0.8322883331490383,-0.14046562620232927,0.8122262175837048,0.9378251444970046,1.1612809146582042,-1.4175508185613228,-0.8252507006242087,-0.7335581499164535,0.6996405092532962,0.8618209388677154,1.0761587509770398,-1.2372230244642957,-0.8200221419877294,-0.9288740345759093,0.6263807078562269,0.8121286268128455,1.0439283803424224,-1.3685143177189427,-0.7675717303791445,-1.2193914799552872,0.5920686405722307,0.7633933091622798,0.9896395476467391,-1.1371219586107089,-0.7663839038015421,-0.9552232903905504,0.5535641412700077,0.7386424611627732,0.9849610403400657,-1.1248241300786117,-0.7159156085711494,-0.6914586314222327,0.5553411468878203,0.7132125965597088,0.8682112528239093
1.023088698378199,-1.5368033163496437,-0.7196586313328793,-1.6973050933151335,0.5928941145777593,0.7392781377659376,0.9775218602349814,-1.4192464405668783,-0.7157826614807656,-1.5805456688450006,0.5509616616466665,0.7116221114648167,1.1893990914516968,-1.0995085828913702,-0.9334471433839909,0.5577819574284831,0.81088838040233,0.9879428446443056,1.2402063777594894,-1.3734733952137872,-0.8322883331490383,-0.14046562620232927,0.8122262175837048,0.9378251444970046,1.1612809146582042,-1.4175508185613228,-0.8252507006242087,-0.7335581499164535,0.6996405092532962,0.8618209388677154,1.0761587509770398,-1.2372230244642957,-0.8200221419877294,-0.9288740345759093,0.6263807078562269,0.8121286268128455,1.0439283803424224,-1.3685143177189427,-0.7675717303791445,-1.2193914799552872,0.5920686405722307,0.7633933091622798,0.9896395476467391,-1.1371219586107089,-0.7663839038015421,-0.9552232903905504,0.5535641412700077,0.7386424611627732,0.9849610403400657,-1.1248241300786117,-0.7159156085711494,-0.6914586314222327,0.5553411468878203,0.7132125965597088,0.9422542005862355,-1.1712826845276525,-0.6617665888320909,-0.9175910080421702,0.5207810307647256,0.6647000606617084,0.8631608619617913
0.9775218602349814,-1.4192464405668783,-0.7157826614807656,-1.5805456688450006,0.5509616616466665,0.7116221114648167,1.1893990914516968,-1.0995085828913702,-0.9334471433839909,0.5577819574284831,0.81088838040233,0.9879428446443056,1.2402063777594894,-1.3734733952137872,-0.8322883331490383,-0.14046562620232927,0.8122262175837048,0.9378251444970046,1.1612809146582042,-1.4175508185613228,-0.8252507006242087,-0.7335581499164535,0.6996405092532962,0.8618209388677154,1.0761587509770398,-1.2372230244642957,-0.8200221419877294,-0.9288740345759093,0.6263807078562269,0.8121286268128455,1.0439283803424224,-1.3685143177189427,-0.7675717303791445,-1.2193914799552872,0.5920686405722307,0.7633933091622798,0.9896395476467391,-1.1371219586107089,-0.7663839038015421,-0.9552232903905504,0.5535641412700077,0.7386424611627732,0.9849610403400657,-1.1248241300786117,-0.7159156085711494,-0.6914586314222327,0.5553411468878203,0.7132125965597088,0.9422542005862355,-1.1712826845276525,-0.6617665888320909,-0.9175910080421702,0.5207810307647256,0.6647000606617084,0.9322790298145525,-1.3371368274464002,-0.6072046324543683,-1.0236927894910572,0.48417959468707056,0.6141972081839516,0.8579032694665066
1.1893990914516968,-1.0995085828913702,-0.9334471433839909,0.5577819574284831,0.81088838040233,0.9879428446443056,1.2402063777594894,-1.3734733952137872,-0.8322883331490383,-0.14046562620232927,0.8122262175837048,0.9378251444970046,1.1612809146582042,-1.4175508185613228,-0.8252507006242087,-0.7335581499164535,0.6996405092532962,0.8618209388677154,1.0761587509770398,-1.2372230244642957,-0.8200221419877294,-0.9288740345759093,0.6263807078562269,0.8121286268128455,1.0439283803424224,-1.3685143177189427,-0.7675717303791445,-1.2193914799552872,0.5920686405722307,0.7633933091622798,0.9896395476467391,-1.1371219586107089,-0.7663839038015421,-0.9552232903905504,0.5535641412700077,0.7386424611627732,0.9849610403400657,-1.1248241300786117,-0.7159156085711494,-0.6914586314222327,0.5553411468878203,0.7132125965597088,0.9422542005862355,-1.1712826845276525,-0.6617665888320909,-0.9175910080421702,0.5207810307647256,0.6647000606617084,0.9322790298145525,-1.3371368274464002,-0.6072046324543683,-1.0236927894910572,0.48417959468707056,0.6141972081839516,0.8914151372398602,-1.2373107853478662,-0.6057925508759573,-1.0332420988849196,0.4442193333455419,0.5888708800518528,0.855266675567596
1.2402063777594894,-1.3734733952137872,-0.8322883331490383,-0.14046562620232927,0.8122262175837048,0.9378251444970046,1.1612809146582042,-1.4175508185613228,-0.8252507006242087,-0.7335581499164535,0.6996405092532962,0.8618209388677154,1.0761587509770398,-1.2372230244642957,-0.8200221419877294,-0.9288740345759093,0.6263807078562269,0.8121286268128455,1.0439283803424224,-1.3685143177189427,-0.7675717303791445,-1.2193914799552872,0.5920686405722307,0.7633933091622798,0.9896395476467391,-1.1371219586107089,-0.7663839038015421,-0.9552232903905504,0.5535641412700077,0.7386424611627732,0.9849610403400657,-1.1248241300786117,-0.7159156085711494,-0.6914586314222327,0.5553411468878203,0.7132125965597088,0.9422542005862355,-1.1712826845276525,-0.6617665888320909,-0.9175910080421702,0.5207810307647256,0.6647000606617084,0.9322790298145525,-1.3371368274464002,-0.6072046324543683,-1.0236927894910572,0.48417959468707056,0.6141972081839516,0.8914151372398602,-1.2373107853478662,-0.6057925508759573,-1.0332420988849196,0.4442193333455419,0.5888708800518528,0.8717172747334827,-1.1956732309204414,-0.5563531517392946,-0.7696932502750485,0.44980653178690283,0.5671675158024447,0.8530072498242605
1.1612809146582042,-1.4175508185613228,-0.8252507006242087,-0.7335581499164535,0.6996405092532962,0.8618209388677154,1.0761587509770398,-1.2372230244642957,-0.8200221419877294,-0.9288740345759093,0.6263807078562269,0.8121286268128455,1.0439283803424224,-1.3685143177189427,-0.7675717303791445,-1.2193914799552872,0.5920686405722307,0.7633933091622798,0.9896395476467391,-1.1371219586107089,-0.7663839038015421,-0.9552232903905504,0.5535641412700077,0.7386424611627732,0.9849610403400657,-1.1248241300786117,-0.7159156085711494,-0.6914586314222327,0.5553411468878203,0.7132125965597088,0.9422542005862355,-1.1712826845276525,-0.6617665888320909,-0.9175910080421702,0.5207810307647256,0.6647000606617084,0.9322790298145525,-1.3371368274464002,-0.6072046324543683,-1.0236927894910572,0.48417959468707056,0.6141972081839516,0.8914151372398602,-1.2373107853478662,-0.6057925508759573,-1.0332420988849196,0.4442193333455419,0.5888708800518528,0.8717172747334827,-1.1956732309204414,-0.5563531517392946,-0.7696932502750485,0.44980653178690283,0.5671675158024447,0.8887564652167093,-1.2030337836255989,-0.5517333505776566,-0.5927653920599346,0.40901673006543326,0.5397745954979818,0.8501555136321294
1.0761587509770398,-1.2372230244642957,-0.8200221419877294,-0.9288740345759093,0.6263807078562269,0.8121286268128455,1.0439283803424224,-1.3685143177189427,-0.7675717303791445,-1.2193914799552872,0.5920686405722307,0.7633933091622798,0.9896395476467391,-1.1371219586107089,-0.7663839038015421,-0.9552232903905504,0.5535641412700077,0.7386424611627732,0.9849610403400657,-1.1248241300786117,-0.7159156085711494,-0.6914586314222327,0.5553411468878203,0.7132125965597088,0.9422542005862355,-1.1712826845276525,-0.6617665888320909,-0.9175910080421702,0.5207810307647256,0.6647000606617084,0.9322790298145525,-1.3371368274464002,-0.6072046324543683,-1.0236927894910572,0.48417959468707056,0.6141972081839516,0.8914151372398602,-1.2373107853478662,-0.6057925508759573,-1.0332420988849196,0.4442193333455419,0.5888708800518528,0.8717172747334827,-1.1956732309204414,-0.5563531517392946,-0.7696932502750485,0.44980653178690283,0.5671675158024447,0.8887564652167093,-1.2030337836255989,-0.5517333505776566,-0.5927653920599346,0.40901673006543326,0.5397745954979818,0.8183824879405832,-1.0610283313902567,-0.49830084452088846,-0.6393474775482303,0.40768295925848186,0.5122486617125178,0.8472899300898948
1.0439283803424224,-1.3685143177189427,-0.7675717303791445,-1.2193914799552872,0.5920686405722307,0.7633933091622798,0.9896395476467391,-1.1371219586107089,-0.7663839038015421,-0.9552232903905504,0.5535641412700077,0.7386424611627732,0.9849610403400657,-1.1248241300786117,-0.7159156085711494,-0.6914586314222327,0.5553411468878203,0.7132125965597088,0.9422542005862355,-1.1712826845276525,-0.6617665888320909,-0.9175910080421702,0.5207810307647256,0.6647000606617084,0.9322790298145525,-1.3371368274464002,-0.6072046324543683,-1.0236927894910572,0.48417959468707056,0.6141972081839516,0.8914151372398602,-1.2373107853478662,-0.6057925508759573,-1.0332420988849196,0.4442193333455419,0.5888708800518528,0.8717172747334827,-1.1956732309204414,-0.5563531517392946,-0.7696932502750485,0.44980653178690283,0.5671675158024447,0.8887564652167093,-1.2030337836255989,-0.5517333505776566,-0.5927653920599346,0.40901673006543326,0.5397745954979818,0.8183824879405832,-1.0610283313902567,-0.49830084452088846,-0.6393474775482303,0.40768295925848186,0.5122486617125178,0.8238062657361137,-1.182912914753161,-0.493012375832412,-0.7994183682779222,0.33728588544707805,0.46577171856508387,0.8424514543304643
0.9896395476467391,-1.1371219586107089,-0.7663839038015421,-0.9552232903905504,0.5535641412700077,0.7386424611627732,0.9849610403400657,-1.1248241300786117,-0.7159156085711494,-0.6914586314222327,0.5553411468878203,0.7132125965597088,0.9422542005862355,-1.1712826845276525,-0.6617665888320909,-0.9175910080421702,0.5207810307647256,0.6647000606617084,0.9322790298145525,-1.3371368274464002,-0.6072046324543683,-1.0236927894910572,0.48417959468707056,0.6141972081839516,0.8914151372398602,-1.2373107853478662,-0.6057925508759573,-1.0332420988849196,0.4442193333455419,0.5888708800518528,0.8717172747334827,-1.1956732309204414,-0.5563531517392946,-0.7696932502750485,0.44980653178690283,0.5671675158024447,0.8887564652167093,-1.2030337836255989,-0.5517333505776566,-0.5927653920599346,0.40901673006543326,0.5397745954979818,0.8183824879405832,-1.0610283313902567,-0.49830084452088846,-0.6393474775482303,0.40768295925848186,0.5122486617125178,0.8238062657361137,-1.182912914753161,-0.493012375832412,-0.7994183682779222,0.33728588544707805,0.46577171856508387,0.8134773805510064,-1.3704985768174438,-0.3890923524156894,-0.8489131124677437,0.3403356662556816,0.4156840025364263,0.8372370795579858
0.9849610403400657,-1.1248241300786117,-0.7159156085711494,-0.6914586314222327,0.5553411468878203,0.7132125965597088,0.9422542005862355,-1.1712826845276525,-0.6617665888320909,-0.9175910080421702,0.5207810307647256,0.6647000606617084,0.9322790298145525,-1.3371368274464002,-0.6072046324543683,-1.0236927894910572,0.48417959468707056,0.6141972081839516,0.8914151372398602,-1.2373107853478662,-0.6057925508759573,-1.0332420988849196,0.4442193333455419,0.5888708800518528,0.8717172747334827,-1.1956732309204414,-0.5563531517392946,-0.7696932502750485,0.44980653178690283,0.5671675158024447,0.8887564652167093,-1.2030337836255989,-0.5517333505776566,-0.5927653920599346,0.40901673006543326,0.5397745954979818,0.8183824879405832,-1.0610283313902567,-0.49830084452088846,-0.6393474775482303,0.40768295925848186,0.5122486617125178,0.8238062657361137,-1.182912914753161,-0.493012375832412,-0.7994183682779222,0.33728588544707805,0.46577171856508387,0.8134773805510064,-1.3704985768174438,-0.3890923524156894,-0.8489131124677437,0.3403356662556816,0.4156840025364263,0.7531101973665919,-1.0676508169162224,-0.43729166713700507,-0.5518792936552158,0.30113175055468544,0.41614070009106763,0.8372846239939551
0.9422542005862355,-1.1712826845276525,-0.6617665888320909,-0.9175910080421702,0.5207810307647256,0.6647000606617084,0.9322790298145525,-1.3371368274464002,-0.6072046324543683,-1.0236927894910572,0.48417959468707056,0.6141972081839516,0.8914151372398602,-1.2373107853478662,-0.6057925508759573,-1.0332420988849196,0.4442193333455419,0.5888708800518528,0.8717172747334827,-1.1956732309204414,-0.5563531517392946,-0.7696932502750485,0.44980653178690283,0.5671675158024447,0.8887564652167093,-1.2030337836255989,-0.5517333505776566,-0.5927653920599346,0.40901673006543326,0.5397745954979818,0.8183824879405832,-1.0610283313902567,-0.49830084452088846,-0.6393474775482303,0.40768295925848186,0.5122486617125178,0.8238062657361137,-1.182912914753161,-0.493012375832412,-0.7994183682779222,0.33728588544707805,0.46577171856508387,0.8134773805510064,-1.3704985768174438,-0.3890923524156894,-0.8489131124677437,0.3403356662556816,0.4156840025364263,0.7531101973665919,-1.0676508169162224,-0.43729166713700507,-0.5518792936552158,0.30113175055468544,0.41614070009106763,0.7692073653843459,-1.2345256015415358,-0.3772752856407946,-0.7978078024747391,0.26675868765451766,0.3640159876493872,0.8318581879907025
0.9322790298145525,-1.3371368274464002,-0.6072046324543683,-1.0236927894910572,0.48417959468707056,0.6141972081839516,0.8914151372398602,-1.2373107853478662,-0.6057925508759573,-1.0332420988849196,0.4442193333455419,0.5888708800518528,0.8717172747334827,-1.1956732309204414,-0.5563531517392946,-0.7696932502750485,0.44980653178690283,0.5671675158024447,0.8887564652167093,-1.2030337836255989,-0.5517333505776566,-0.5927653920599346,0.40901673006543326,0.5397745954979818,0.8183824879405832,-1.0610283313902567,-0.49830084452088846,-0.6393474775482303,0.40768295925848186,0.5122486617125178,0.8238062657361137,-1.182912914753161,-0.493012375832412,-0.7994183682779222,0.33728588544707805,0.46577171856508387,0.8134773805510064,-1.3704985768174438,-0.3890923524156894,-0.8489131124677437,0.3403356662556816,0.4156840025364263,0.7531101973665919,-1.0676508169162224,-0.43729166713700507,-0.5518792936552158,0.30113175055468544,0.41614070009106763,0.7692073653843459,-1.2345256015415358,-0.3772752856407946,-0.7978078024747391,0.26675868765451766,0.3640159876493872,0.7862137013015236,-1.275214983513881,-0.3291949854892998,-0.5126509502007053,0.2675231660438507,0.341430552463529,0.829506934374123
0.8914151372398602,-1.2373107853478662,-0.6057925508759573,-1.0332420988849196,0.4442193333455419,0.5888708800518528,0.8717172747334827,-1.1956732309204414,-0.5563531517392946,-0.7696932502750485,0.44980653178690283,0.5671675158024447,0.8887564652167093,-1.2030337836255989,-0.5517333505776566,-0.5927653920599346,0.40901673006543326,0.5397745954979818,0.8183824879405832,-1.0610283313902567,-0.49830084452088846,-0.6393474775482303,0.40768295925848186,0.5122486617125178,0.8238062657361137,-1.182912914753161,-0.493012375832412,-0.7994183682779222,0.33728588544707805,0.46577171856508387,0.8134773805510064,-1.3704985768174438,-0.3890923524156894,-0.8489131124677437,0.3403356662556816,0.4156840025364263,0.7531101973665919,-1.0676508169162224,-0.43729166713700507,-0.5518792936552158,0.30113175055468544,0.41614070009106763,0.7692073653843459,-1.2345256015415358,-0.3772752856407946,-0.7978078024747391,0.26675868765451766,0.3640159876493872,0.7862137013015236,-1.275214983513881,-0.3291949854892998,-0.5126509502007053,0.2675231660438507,0.341430552463529,0.6760367573982017,-1.015184285680271,-0.3256808374989942,-0.4576703146183458,0.23086073435004814,0.3166487540524119,0.8269270286667507
0.8717172747334827,-1.1956732309204414,-0.5563531517392946,-0.7696932502750485,0.44980653178690283,0.5671675158024447,0.8887564652167093,-1.2030337836255989,-0.5517333505776566,-0.5927653920599346,0.40901673006543326,0.5397745954979818,0.8183824879405832,-1.0610283313902567,-0.49830084452088846,-0.6393474775482303,0.40768295925848186,0.5122486617125178,0.8238062657361137,-1.182912914753161,-0.493012375832412,-0.7994183682779222,0.33728588544707805,0.46577171856508387,0.8134773805510064,-1.3704985768174438,-0.3890923524156894,-0.8489131124677437,0.3403356662556816,0.4156840025364263,0.7531101973665919,-1.0676508169162224,-0.43729166713700507,-0.5518792936552158,0.30113175055468544,0.41614070009106763,0.7692073653843459,-1.2345256015415358,-0.3772752856407946,-0.7978078024747391,0.26675868765451766,0.3640159876493872,0.7862137013015236,-1.275214983513881,-0.3291949854892998,-0.5126509502007053,0.2675231660438507,0.341430552463529,0.6760367573982017,-1.015184285680271,-0.3256808374989942,-0.4576703146183458,0.23086073435004814,0.3166487540524119,0.6893767564892225,-1.259071624690379,-0.2673694936335053,-0.6052170368568893,0.19077034902735177,0.26285551629069903,0.8213268910650655
0.8887564652167093,-1.2030337836255989,-0.5517333505776566,-0.5927653920599346,0.40901673006543326,0.5397745954979818,0.8183824879405832,-1.0610283313902567,-0.49830084452088846,-0.6393474775482303,0.40768295925848186,0.5122486617125178,0.8238062657361137,-1.182912914753161,-0.493012375832412,-0.7994183682779222,0.33728588544707805,0.46577171856508387,0.8134773805510064,-1.3704985768174438,-0.3890923524156894,-0.8489131124677437,0.3403356662556816,0.4156840025364263,0.7531101973665919,-1.0676508169162224,-0.43729166713700507,-0.5518792936552158,0.30113175055468544,0.41614070009106763,0.7692073653843459,-1.2345256015415358,-0.3772752856407946,-0.7978078024747391,0.26675868765451766,0.3640159876493872,0.7862137013015236,-1.275214983513881,-0.3291949854892998,-0.5126509502007053,0.2675231660438507,0.341430552463529,0.6760367573982017,-1.015184285680271,-0.3256808374989942,-0.4576703146183458,0.23086073435004814,0.3166487540524119,0.6893767564892225,-1.259071624690379,-0.2673694936335053,-0.6052170368568893,0.19077034902735177,0.26285551629069903,0.6288643617012659,-1.0883782652680174,-0.26459613097399276,-0.5187785891481163,0.1548032673578861,0.23982134185926526,0.8189289215111849
0.8183824879405832,-1.0610283313902567,-0.49830084452088846,-0.6393474775482303,0.40768295925848186,0.5122486617125178,0.8238062657361137,-1.182912914753161,-0.493012375832412,-0.7994183682779222,0.33728588544707805,0.46577171856508387,0.8134773805510064,-1.3704985768174438,-0.3890923524156894,-0.8489131124677437,0.3403356662556816,0.4156840025364263,0.7531101973665919,-1.0676508169162224,-0.43729166713700507,-0.5518792936552158,0.30113175055468544,0.41614070009106763,0.7692073653843459,-1.2345256015415358,-0.3772752856407946,-0.7978078024747391,0.26675868765451766,0.3640159876493872,0.7862137013015236,-1.275214983513881,-0.3291949854892998,-0.5126509502007053,0.2675231660438507,0.341430552463529,0.6760367573982017,-1.015184285680271,-0.3256808374989942,-0.4576703146183458,0.23086073435004814,0.3166487540524119,0.6893767564892225,-1.259071624690379,-0.2673694936335053,-0.6052170368568893,0.19077034902735177,0.26285551629069903,0.6288643617012659,-1.0883782652680174,-0.26459613097399276,-0.5187785891481163,0.1548032673578861,0.23982134185926526,0.6213687607229045,-1.107594262594521,-0.21235332836652093,-0.45416578956094894,0.15531563053373232,0.21521729260184763,0.8163675203549554
0.8238062657361137,-1.182912914753161,-0.493012375832412,-0.7994183682779222,0.33728588544707805,0.46577171856508387,0.8134773805510064,-1.3704985768174438,-0.3890923524156894,-0.8489131124677437,0.3403356662556816,0.4156840025364263,0.7531101973665919,-1.0676508169162224,-0.43729166713700507,-0.5518792936552158,0.30113175055468544,0.41614070009106763,0.7692073653843459,-1.2345256015415358,-0.3772752856407946,-0.7978078024747391,0.26675868765451766,0.3640159876493872,0.7862137013015236,-1.275214983513881,-0.3291949854892998,-0.5126509502007053,0.2675231660438507,0.341430552463529,0.6760367573982017,-1.015184285680271,-0.3256808374989942,-0.4576703146183458,0.23086073435004814,0.3166487540524119,0.6893767564892225,-1.259071624690379,-0.2673694936335053,-0.6052170368568893,0.19077034902735177,0.26285551629069903,0.6288643617012659,-1.0883782652680174,-0.26459613097399276,-0.5187785891481163,0.1548032673578861,0.23982134185926526,0.6213687607229045,-1.107594262594521,-0.21235332836652093,-0.45416578956094894,0.15531563053373232,0.21521729260184763,0.5782361643143173,-0.9676689035041098,-0.20697767684748092,-0.37990069969090967,0.12017808924418348,0.19128877930407465,0.8138764457766808
0.8134773805510064,-1.3704985768174438,-0.3890923524156894,-0.8489131124677437,0.3403356662556816,0.4156840025364263,0.7531101973665919,-1.0676508169162224,-0.43729166713700507,-0.5518792936552158,0.30113175055468544,0.41614070009106763,0.7692073653843459,-1.2345256015415358,-0.3772752856407946,-0.7978078024747391,0.26675868765451766,0.3640159876493872,0.7862137013015236,-1.275214983513881,-0.3291949854892998,-0.5126509502007053,0.2675231660438507,0.341430552463529,0.6760367573982017,-1.015184285680271,-0.3256808374989942,-0.4576703146183458,0.23086073435004814,0.3166487540524119,0.6893767564892225,-1.259071624690379,-0.2673694936335053,-0.6052170368568893,0.19077034902735177,0.26285551629069903,0.6288643617012659,-1.0883782652680174,-0.26459613097399276,-0.5187785891481163,0.1548032673578861,0.23982134185926526,0.6213687607229045,-1.107594262594521,-0.21235332836652093,-0.45416578956094894,0.15531563053373232,0.21521729260184763,0.5782361643143173,-0.9676689035041098,-0.20697767684748092,-0.37990069969090967,0.12017808924418348,0.19128877930407465,0.5296506210969504,-0.8866272837841173,-0.2035786550412005,-0.3074849208858135,0.07850181790103784,0.1642611942514434,0.8110627427605795
0.7531101973665919,-1.0676508169162224,-0.43729166713700507,-0.5518792936552158,0.30113175055468544,0.41614070009106763,0.7692073653843459,-1.2345256015415358,-0.3772752856407946,-0.7978078024747391,0.26675868765451766,0.3640159876493872,0.7862137013015236,-1.275214983513881,-0.3291949854892998,-0.5126509502007053,0.2675231660438507,0.341430552463529,0.6760367573982017,-1.015184285680271,-0.3256808374989942,-0.4576703146183458,0.23086073435004814,0.3166487540524119,0.6893767564892225,-1.259071624690379,-0.2673694936335053,-0.6052170368568893,0.19077034902735177,0.26285551629069903,0.6288643617012659,-1.0883782652680174,-0.26459613097399276,-0.5187785891481163,0.1548032673578861,0.23982134185926526,0.6213687607229045,-1.107594262594521,-0.21235332836652093,-0.45416578956094894,0.15531563053373232,0.21521729260184763,0.5782361643143173,-0.9676689035041098,-0.20697767684748092,-0.37990069969090967,0.12017808924418348,0.19128877930407465,0.5296506210969504,-0.8866272837841173,-0.2035786550412005,-0.3074849208858135,0.07850181790103784,0.1642611942514434,0.577480827712404,-1.21685229542445,-0.09731646030258964,-0.43592821365859846,0.07957940712007724,0.11239125791164849,0.8056628301882924
0.7692073653843459,-1.2345256015415358,-0.3772752856407946,-0.7978078024747391,0.26675868765451766,0.3640159876493872,0.7862137013015236,-1.275214983513881,-0.3291949854892998,-0.5126509502007053,0.2675231660438507,0.341430552463529,0.6760367573982017,-1.015184285680271,-0.3256808374989942,-0.4576703146183458,0.23086073435004814,0.3166487540524119,0.6893767564892225,-1.259071624690379,-0.2673694936335053,-0.6052170368568893,0.19077034902735177,0.26285551629069903,0.6288643617012659,-1.0883782652680174,-0.26459613097399276,-0.5187785891481163,0.1548032673578861,0.23982134185926526,0.6213687607229045,-1.107594262594521,-0.21235332836652093,-0.45416578956094894,0.15531563053373232,0.21521729260184763,0.5782361643143173,-0.9676689035041098,-0.20697767684748092,-0.37990069969090967,0.12017808924418348,0.19128877930407465,0.5296506210969504,-0.8866272837841173,-0.2035786550412005,-0.3074849208858135,0.07850181790103784,0.1642611942514434,0.577480827712404,-1.21685229542445,-0.09731646030258964,-0.43592821365859846,0.07957940712007724,0.11239125791164849,0.5159083515745329,-1.0490560893065284,-0.09312973542869547,-0.33891872844065385,0.04482410502523097,0.0895175874150226,0.8032815698744192
0.7862137013015236,-1.275214983513881,-0.3291949854892998,-0.5126509502007053,0.2675231660438507,0.341430552463529,0.6760367573982017,-1.015184285680271,-0.3256808374989942,-0.4576703146183458,0.23086073435004814,0.3166487540524119,0.6893767564892225,-1.259071624690379,-0.2673694936335053,-0.6052170368568893,0.19077034902735177,0.26285551629069903,0.6288643617012659,-1.0883782652680174,-0.26459613097399276,-0.5187785891481163,0.1548032673578861,0.23982134185926526,0.6213687607229045,-1.107594262594521,-0.21235332836652093,-0.45416578956094894,0.15531563053373232,0.21521729260184763,0.5782361643143173,-0.9676689035041098,-0.20697767684748092,-0.37990069969090967,0.12017808924418348,0.19128877930407465,0.5296506210969504,-0.8866272837841173,-0.2035786550412005,-0.3074849208858135,0.07850181790103784,0.1642611942514434,0.577480827712404,-1.21685229542445,-0.09731646030258964,-0.43592821365859846,0.07957940712007724,0.11239125791164849,0.5159083515745329,-1.0490560893065284,-0.09312973542869547,-0.33891872844065385,0.04482410502523097,0.0895175874150226,0.45927780549205,-0.8990660359840795,-0.08833526864433541,-0.2974982771394988,0.008543912526082921,0.06526840129202226,0.8007571116958797
0.6760367573982017,-1.015184285680271,-0.3256808374989942,-0.4576703146183458,0.23086073435004814,0.3166487540524119,0.6893767564892225,-1.259071624690379,-0.2673694936335053,-0.6052170368568893,0.19077034902735177,0.26285551629069903,0.6288643617012659,-1.0883782652680174,-0.26459613097399276,-0.5187785891481163,0.1548032673578861,0.23982134185926526,0.6213687607229045,-1.107594262594521,-0.21235332836652093,-0.45416578956094894,0.15531563053373232,0.21521729260184763,0.5782361643143173,-0.9676689035041098,-0.20697767684748092,-0.37990069969090967,0.12017808924418348,0.19128877930407465,0.5296506210969504,-0.8866272837841173,-0.2035786550412005,-0.3074849208858135,0.07850181790103784,0.1642611942514434,0.577480827712404,-1.21685229542445,-0.09731646030258964,-0.43592821365859846,0.07957940712007724,0.11239125791164849,0.5159083515745329,-1.0490560893065284,-0.09312973542869547,-0.33891872844065385,0.04482410502523097,0.0895175874150226,0.45927780549205,-0.8990660359840795,-0.08833526864433541,-0.2974982771394988,0.008543912526082921,0.06526840129202226,0.4985142373543026,-1.173725104202745,-0.028142561477470032,-0.41447016398285985,-0.030973114004595653,0.011740680485032672,0.795184615700164
0.6893767564892225,-1.259071624690379,-0.2673694936335053,-0.6052170368568893,0.19077034902735177,0.26285551629069903,0.6288643617012659,-1.0883782652680174,-0.26459613097399276,-0.5187785891481163,0.1548032673578861,0.23982134185926526,0.6213687607229045,-1.107594262594521,-0.21235332836652093,-0.45416578956094894,0.15531563053373232,0.21521729260184763,0.5782361643143173,-0.9676689035041098,-0.20697767684748092,-0.37990069969090967,0.12017808924418348,0.19128877930407465,0.5296506210969504,-0.8866272837841173,-0.2035786550412005,-0.3074849208858135,0.07850181790103784,0.1642611942514434,0.577480827712404,-1.21685229542445,-0.09731646030258964,-0.43592821365859846,0.07957940712007724,0.11239125791164849,0.5159083515745329,-1.0490560893065284,-0.09312973542869547,-0.33891872844065385,0.04482410502523097,0.0895175874150226,0.45927780549205,-0.8990660359840795,-0.08833526864433541,-0.2974982771394988,0.008543912526082921,0.06526840129202226,0.4985142373543026,-1.173725104202745,-0.028142561477470032,-0.41447016398285985,-0.030973114004595653,0.011740680485032672,0.4324036697681002,-1.0166137392268968,0.020933498414605546,-0.35002775540804854,-0.030086644382895506,-0.010257497513556854,0.7928944984121106
0.6288643617012659,-1.0883782652680174,-0.26459613097399276,-0.5187785891481163,0.1548032673578861,0.23982134185926526,0.6213687607229045,-1.107594262594521,-0.21235332836652093,-0.45416578956094894,0.15531563053373232,0.21521729260184763,0.5782361643143173,-0.9676689035041098,-0.20697767684748092,-0.37990069969090967,0.12017808924418348,0.19128877930407465,0.5296506210969504,-0.8866272837841173,-0.2035786550412005,-0.3074849208858135,0.07850181790103784,0.1642611942514434,0.577480827712404,-1.21685229542445,-0.09731646030258964,-0.43592821365859846,0.07957940712007724,0.11239125791164849,0.5159083515745329,-1.0490560893065284,-0.09312973542869547,-0.33891872844065385,0.04482410502523097,0.0895175874150226,0.45927780549205,-0.8990660359840795,-0.08833526864433541,-0.2974982771394988,0.008543912526082921,0.06526840129202226,0.4985142373543026,-1.173725104202745,-0.028142561477470032,-0.41447016398285985,-0.030973114004595653,0.011740680485032672,0.4324036697681002,-1.0166137392268968,0.020933498414605546,-0.35002775540804854,-0.030086644382895506,-0.010257497513556854,0.3677928039636223,-0.8617375931180015,0.025169479887836858,-0.51663570365796,-0.03192871199129195,-0.014320353317571595,0.7924715353687058
0.6213687607229045,-1.107594262594521,-0.21235332836652093,-0.45416578956094894,0.15531563053373232,0.21521729260184763,0.5782361643143173,-0.9676689035041098,-0.20697767684748092,-0.37990069969090967,0.12017808924418348,0.19128877930407465,0.5296506210969504,-0.8866272837841173,-0.2035786550412005,-0.3074849208858135,0.07850181790103784,0.1642611942514434,0.577480827712404,-1.21685229542445,-0.09731646030258964,-0.43592821365859846,0.07957940712007724,0.11239125791164849,0.5159083515745329,-1.0490560893065284,-0.09312973542869547,-0.33891872844065385,0.04482410502523097,0.0895175874150226,0.45927780549205,-0.8990660359840795,-0.08833526864433541,-0.2974982771394988,0.008543912526082921,0.06526840129202226,0.4985142373543026,-1.173725104202745,-0.028142561477470032,-0.41447016398285985,-0.030973114004595653,0.011740680485032672,0.4324036697681002,-1.0166137392268968,0.020933498414605546,-0.35002775540804854,-0.030086644382895506,-0.010257497513556854,0.3677928039636223,-0.8617375931180015,0.025169479887836858,-0.51663570365796,-0.03192871199129195,-0.014320353317571595,0.4790374573846701,-0.9725595678553879,-0.08300619155245796,-0.1795095777954299,-0.03523060801340633,0.036509734220136765,0.7977631946247968
0.5782361643143173,-0.9676689035041098,-0.20697767684748092,-0.37990069969090967,0.12017808924418348,0.19128877930407465,0.5296506210969504,-0.8866272837841173,-0.2035786550412005,-0.3074849208858135,0.07850181790103784,0.1642611942514434,0.577480827712404,-1.21685229542445,-0.09731646030258964,-0.43592821365859846,0.07957940712007724,0.11239125791164849,0.5159083515745329,-1.0490560893065284,-0.09312973542869547,-0.33891872844065385,0.04482410502523097,0.0895175874150226,0.45927780549205,-0.8990660359840795,-0.08833526864433541,-0.2974982771394988,0.008543912526082921,0.06526840129202226,0.4985142373543026,-1.173725104202745,-0.028142561477470032,-0.41447016398285985,-0.030973114004595653,0.011740680485032672,0.4324036697681002,-1.0166137392268968,0.020933498414605546,-0.35002775540804854,-0.030086644382895506,-0.010257497513556854,0.3677928039636223,-0.8617375931180015,0.025169479887836858,-0.51663570365796,-0.03192871199129195,-0.014320353317571595,0.4790374573846701,-0.9725595678553879,-0.08300619155245796,-0.1795095777954299,-0.03523060801340633,0.036509734220136765,0.3897012719230371,-1.0820202531531191,0.03692085569524468,-0.5350612262976163,-0.10448909698958805,-0.0633713570198542,0.7873650873900518
0.5296506210969504,-0.8866272837841173,-0.2035786550412005,-0.3074849208858135,0.07850181790103784,0.1642611942514434,0.577480827712404,-1.21685229542445,-0.09731646030258964,-0.43592821365859846,0.07957940712007724,0.11239125791164849,0.5159083515745329,-1.0490560893065284,-0.09312973542869547,-0.33891872844065385,0.04482410502523097,0.0895175874150226,0.45927780549205,-0.8990660359840795,-0.08833526864433541,-0.2974982771394988,0.008543912526082921,0.06526840129202226,0.4985142373543026,-1.173725104202745,-0.028142561477470032,-0.41447016398285985,-0.030973114004595653,0.011740680485032672,0.4324036697681002,-1.0166137392268968,0.020933498414605546,-0.35002775540804854,-0.030086644382895506,-0.010257497513556854,0.3677928039636223,-0.8617375931180015,0.025169479887836858,-0.51663570365796,-0.03192871199129195,-0.014320353317571595,0.4790374573846701,-0.9725595678553879,-0.08300619155245796,-0.1795095777954299,-0.03523060801340633,0.036509734220136765,0.3897012719230371,-1.0820202531531191,0.03692085569524468,-0.5350612262976163,-0.10448909698958805,-0.0633713570198542,0.33234984583584243,-1.0746114485665679,0.09139651070986567,-0.666084121403999,-0.14000481109937907,-0.11057462631732366,0.7824509975468973
0.577480827712404,-1.21685229542445,-0.09731646030258964,-0.43592821365859846,0.07957940712007724,0.11239125791164849,0.5159083515745329,-1.0490560893065284,-0.09312973542869547,-0.33891872844065385,0.04482410502523097,0.0895175874150226,0.45927780549205,-0.8990660359840795,-0.08833526864433541,-0.2974982771394988,0.008543912526082921,0.06526840129202226,0.4985142373543026,-1.173725104202745,-0.028142561477470032,-0.41447016398285985,-0.030973114004595653,0.011740680485032672,0.4324036697681002,-1.0166137392268968,0.020933498414605546,-0.35002775540804854,-0.030086644382895506,-0.010257497513556854,0.3677928039636223,-0.8617375931180015,0.025169479887836858,-0.51663570365796,-0.03192871199129195,-0.014320353317571595,0.4790374573846701,-0.9725595678553879,-0.08300619155245796,-0.1795095777954299,-0.03523060801340633,0.036509734220136765,0.3897012719230371,-1.0820202531531191,0.03692085569524468,-0.5350612262976163,-0.10448909698958805,-0.0633713570198542,0.33234984583584243,-1.0746114485665679,0.09139651070986567,-0.666084121403999,-0.14000481109937907,-0.11057462631732366,0.30359507829747745,-1.0114837768590714,0.1447938664582043,-0.48910174350472657,-0.1372112118786986,-0.13524229145216554,0.7798829736685181
0.5159083515745329,-1.0490560893065284,-0.09312973542869547,-0.33891872844065385,0.04482410502523097,0.0895175874150226,0.45927780549205,-0.8990660359840795,-0.08833526864433541,-0.2974982771394988,0.008543912526082921,0.06526840129202226,0.4985142373543026,-1.173725104202745,-0.028142561477470032,-0.41447016398285985,-0.030973114004595653,0.011740680485032672,0.4324036697681002,-1.0166137392268968,0.020933498414605546,-0.35002775540804854,-0.030086644382895506,-0.010257497513556854,0.3677928039636223,-0.8617375931180015,0.025169479887836858,-0.51663570365796,-0.03192871199129195,-0.014320353317571595,0.4790374573846701,-0.9725595678553879,-0.08300619155245796,-0.1795095777954299,-0.03523060801340633,0.036509734220136765,0.3897012719230371,-1.0820202531531191,0.03692085569524468,-0.5350612262976163,-0.10448909698958805,-0.0633713570198542,0.33234984583584243,-1.0746114485665679,0.09139651070986567,-0.666084121403999,-0.14000481109937907,-0.11057462631732366,0.30359507829747745,-1.0114837768590714,0.1447938664582043,-0.48910174350472657,-0.1372112118786986,-0.13524229145216554,0.2745778596182886,-0.8481032919961431,0.14255403035151576,-0.011880986665039854,-0.14311965389856648,-0.13660812832445363,0.7797407834092117
0.45927780549205,-0.8990660359840795,-0.08833526864433541,-0.2974982771394988,0.008543912526082921,0.06526840129202226,0.4985142373543026,-1.173725104202745,-0.028142561477470032,-0.41447016398285985,-0.030973114004595653,0.011740680485032672,0.4324036697681002,-1.0166137392268968,0.020933498414605546,-0.35002775540804854,-0.030086644382895506,-0.010257497513556854,0.3677928039636223,-0.8617375931180015,0.025169479887836858,-0.51663570365796,-0.03192871199129195,-0.014320353317571595,0.4790374573846701,-0.9725595678553879,-0.08300619155245796,-0.1795095777954299,-0.03523060801340633,0.036509734220136765,0.3897012719230371,-1.0820202531531191,0.03692085569524468,-0.5350612262976163,-0.10448909698958805,-0.0633713570198542,0.33234984583584243,-1.0746114485665679,0.09139651070986567,-0.666084121403999,-0.14000481109937907,-0.11057462631732366,0.30359507829747745,-1.0114837768590714,0.1447938664582043,-0.48910174350472657,-0.1372112118786986,-0.13524229145216554,0.2745778596182886,-0.8481032919961431,0.14255403035151576,-0.011880986665039854,-0.14311965389856648,-0.13660812832445363,0.29791882705704337,-0.8931381518060113,0.14934315245443325,0.07693979816877339,-0.1748251751848092,-0.1596244079147109,0.777344676795305
0.4985142373543026,-1.173725104202745,-0.028142561477470032,-0.41447016398285985,-0.030973114004595653,0.011740680485032672,0.4324036697681002,-1.0166137392268968,0.020933498414605546,-0.35002775540804854,-0.030086644382895506,-0.010257497513556854,0.3677928039636223,-0.8617375931180015,0.025169479887836858,-0.51663570365796,-0.03192871199129195,-0.014320353317571595,0.4790374573846701,-0.9725595678553879,-0.08300619155245796,-0.1795095777954299,-0.03523060801340633,0.036509734220136765,0.3897012719230371,-1.0820202531531191,0.03692085569524468,-0.5350612262976163,-0.10448909698958805,-0.0633713570198542,0.33234984583584243,-1.0746114485665679,0.09139651070986567,-0.666084121403999,-0.14000481109937907,-0.11057462631732366,0.30359507829747745,-1.0114837768590714,0.1447938664582043,-0.48910174350472657,-0.1372112118786986,-0.13524229145216554,0.2745778596182886,-0.8481032919961431,0.14255403035151576,-0.011880986665039854,-0.14311965389856648,-0.13660812832445363,0.29791882705704337,-0.8931381518060113,0.14934315245443325,0.07693979816877339,-0.1748251751848092,-0.1596244079147109,0.22867366686739937,-0.7632423401355469,0.2038822098983843,0.054844106427963495,-0.1785093104016021,-0.18755415817600563,0.7744370539945209
0.4324036697681002,-1.0166137392268968,0.020933498414605546,-0.35002775540804854,-0.030086644382895506,-0.010257497513556854,0.3677928039636223,-0.8617375931180015,0.025169479887836858,-0.51663570365796,-0.03192871199129195,-0.014320353317571595,0.4790374573846701,-0.9725595678553879,-0.08300619155245796,-0.1795095777954299,-0.03523060801340633,0.036509734220136765,0.3897012719230371,-1.0820202531531191,0.03692085569524468,-0.5350612262976163,-0.10448909698958805,-0.0633713570198542,0.33234984583584243,-1.0746114485665679,0.09139651070986567,-0.666084121403999,-0.14000481109937907,-0.11057462631732366,0.30359507829747745,-1.0114837768590714,0.1447938664582043,-0.48910174350472657,-0.1372112118786986,-0.13524229145216554,0.2745778596182886,-0.8481032919961431,0.14255403035151576,-0.011880986665039854,-0.14311965389856648,-0.13660812832445363,0.29791882705704337,-0.8931381518060113,0.14934315245443325,0.07693979816877339,-0.1748251751848092,-0.1596244079147109,0.22867366686739937,-0.7632423401355469,0.2038822098983843,0.054844106427963495,-0.1785093104016021,-0.18755415817600563,0.22804639396048174,-0.886073893024111,0.21799220287814938,-0.14910203244517628,-0.2534200598097286,-0.23864451470203837,0.769118299471279
0.3677928039636223,-0.8617375931180015,0.025169479887836858,-0.51663570365796,-0.03192871199129195,-0.014320353317571595,0.4790374573846701,-0.9725595678553879,-0.08300619155245796,-0.1795095777954299,-0.03523060801340633,0.036509734220136765,0.3897012719230371,-1.0820202531531191,0.03692085569524468,-0.5350612262976163,-0.10448909698958805,-0.0633713570198542,0.33234984583584243,-1.0746114485665679,0.09139651070986567,-0.666084121403999,-0.14000481109937907,-0.11057462631732366,0.30359507829747745,-1.0114837768590714,0.1447938664582043,-0.48910174350472657,-0.1372112118786986,-0.13524229145216554,0.2745778596182886,-0.8481032919961431,0.14255403035151576,-0.011880986665039854,-0.14311965389856648,-0.13660812832445363,0.29791882705704337,-0.8931381518060113,0.14934315245443325,0.07693979816877339,-0.1748251751848092,-0.1596244079147109,0.22867366686739937,-0.7632423401355469,0.2038822098983843,0.054844106427963495,-0.1785093104016021,-0.18755415817600563,0.22804639396048174,-0.886073893024111,0.21799220287814938,-0.14910203244517628,-0.2534200598097286,-0.23864451470203837,0.19767194799262114,-0.9899267930935582,0.27839246990092986,-0.36477181138088144,-0.2902044827358983,-0.2882211650070046,0.763957129125514
0.4790374573846701,-0.9725595678553879,-0.08300619155245796,-0.1795095777954299,-0.03523060801340633,0.036509734220136765,0.3897012719230371,-1.0820202531531191,0.03692085569524468,-0.5350612262976163,-0.10448909698958805,-0.0633713570198542,0.33234984583584243,-1.0746114485665679,0.09139651070986567,-0.666084121403999,-0.14000481109937907,-0.11057462631732366,0.30359507829747745,-1.0114837768590714,0.1447938664582043,-0.48910174350472657,-0.1372112118786986,-0.13524229145216554,0.2745778596182886,-0.8481032919961431,0.14255403035151576,-0.011880986665039854,-0.14311965389856648,-0.13660812832445363,0.29791882705704337,-0.8931381518060113,0.14934315245443325,0.07693979816877339,-0.1748251751848092,-0.1596244079147109,0.22867366686739937,-0.7632423401355469,0.2038822098983843,0.054844106427963495,-0.1785093104016021,-0.18755415817600563,0.22804639396048174,-0.886073893024111,0.21799220287814938,-0.14910203244517628,-0.2534200598097286,-0.23864451470203837,0.19767194799262114,-0.9899267930935582,0.27839246990092986,-0.36477181138088144,-0.2902044827358983,-0.2882211650070046,0.14422138902688708,-0.7912981682474255,0.2739397957683745,0.013267790758517929,-0.2875410074963855,-0.28528660118352456,0.7642626314878223
0.3897012719230371,-1.0820202531531191,0.03692085569524468,-0.5350612262976163,-0.10448909698958805,-0.0633713570198542,0.33234984583584243,-1.0746114485665679,0.09139651070986567,-0.666084121403999,-0.14000481109937907,-0.11057462631732366,0.30359507829747745,-1.0114837768590714,0.1447938664582043,-0.48910174350472657,-0.1372112118786986,-0.13524229145216554,0.2745778596182886,-0.8481032919961431,0.14255403035151576,-0.011880986665039854,-0.14311965389856648,-0.13660812832445363,0.29791882705704337,-0.8931381518060113,0.14934315245443325,0.07693979816877339,-0.1748251751848092,-0.1596244079147109,0.22867366686739937,-0.7632423401355469,0.2038822098983843,0.054844106427963495,-0.1785093104016021,-0.18755415817600563,0.22804639396048174,-0.886073893024111,0.21799220287814938,-0.14910203244517628,-0.2534200598097286,-0.23864451470203837,0.19767194799262114,-0.9899267930935582,0.27839246990092986,-0.36477181138088144,-0.2902044827358983,-0.2882211650070046,0.14422138902688708,-0.7912981682474255,0.2739397957683745,0.013267790758517929,-0.2875410074963855,-0.28528660118352456,0.2290837111636186,-1.0383685220243697,0.33254135827409054,0.16512586046025715,-0.2884925391086695,-0.31351745212544474,0.761323662642189
0.33234984583584243,-1.0746114485665679,0.09139651070986567,-0.666084121403999,-0.14000481109937907,-0.11057462631732366,0.30359507829747745,-1.0114837768590714,0.1447938664582043,-0.48910174350472657,-0.1372112118786986,-0.13524229145216554,0.2745778596182886,-0.8481032919961431,0.14255403035151576,-0.011880986665039854,-0.14311965389856648,-0.13660812832445363,0.29791882705704337,-0.8931381518060113,0.14934315245443325,0.07693979816877339,-0.1748251751848092,-0.1596244079147109,0.22867366686739937,-0.7632423401355469,0.2038822098983843,0.054844106427963495,-0.1785093104016021,-0.18755415817600563,0.22804639396048174,-0.886073893024111,0.21799220287814938,-0.14910203244517628,-0.2534200598097286,-0.23864451470203837,0.19767194799262114,-0.9899267930935582,0.27839246990092986,-0.36477181138088144,-0.2902044827358983,-0.2882211650070046,0.14422138902688708,-0.7912981682474255,0.2739397957683745,0.013267790758517929,-0.2875410074963855,-0.28528660118352456,0.2290837111636186,-1.0383685220243697,0.33254135827409054,0.16512586046025715,-0.2884925391086695,-0.31351745212544474,0.21563473211254613,-1.03131489958585,0.3377854098384324,0.21187501050184807,-0.32610650241478006,-0.338306550967181,0.7587429969244934
0.30359507829747745,-1.0114837768590714,0.1447938664582043,-0.48910174350472657,-0.1372112118786986,-0.13524229145216554,0.2745778596182886,-0.8481032919961431,0.14255403035151576,-0.011880986665039854,-0.14311965389856648,-0.13660812832445363,0.29791882705704337,-0.8931381518060113,0.14934315245443325,0.07693979816877339,-0.1748251751848092,-0.1596244079147109,0.22867366686739937,-0.7632423401355469,0.2038822098983843,0.054844106427963495,-0.1785093104016021,-0.18755415817600563,0.22804639396048174,-0.886073893024111,0.21799220287814938,-0.14910203244517628,-0.2534200598097286,-0.23864451470203837,0.19767194799262114,-0.9899267930935582,0.27839246990092986,-0.36477181138088144,-0.2902044827358983,-0.2882211650070046,0.14422138902688708,-0.7912981682474255,0.2739397957683745,0.013267790758517929,-0.2875410074963855,-0.28528660118352456,0.2290837111636186,-1.0383685220243697,0.33254135827409054,0.16512586046025715,-0.2884925391086695,-0.31351745212544474,0.21563473211254613,-1.03131489958585,0.3377854098384324,0.21187501050184807,-0.32610650241478006,-0.338306550967181,0.45024028334491517,-0.6753355689240055,0.09813670574351446,0.03594516481701579,0.19394618744271075,0.08594311162771298,0.8029094495653295
0.2745778596182886,-0.8481032919961431,0.14255403035151576,-0.011880986665039854,-0.14311965389856648,-0.13660812832445363,0.29791882705704337,-0.8931381518060113,0.14934315245443325,0.07693979816877339,-0.1748251751848092,-0.1596244079147109,0.22867366686739937,-0.7632423401355469,0.2038822098983843,0.054844106427963495,-0.1785093104016021,-0.18755415817600563,0.22804639396048174,-0.886073893024111,0.21799220287814938,-0.14910203244517628,-0.2534200598097286,-0.23864451470203837,0.19767194799262114,-0.9899267930935582,0.27839246990092986,-0.36477181138088144,-0.2902044827358983,-0.2882211650070046,0.14422138902688708,-0.7912981682474255,0.2739397957683745,0.013267790758517929,-0.2875410074963855,-0.28528660118352456,0.2290837111636186,-1.0383685220243697,0.33254135827409054,0.16512586046025715,-0.2884925391086695,-0.31351745212544474,0.21563473211254613,-1.03131489958585,0.3377854098384324,0.21187501050184807,-0.32610650241478006,-0.338306550967181,0.45024028334491517,-0.6753355689240055,0.09813670574351446,0.03594516481701579,0.19394618744271075,0.08594311162771298,0.3346251447733953,-0.6913045056476949,0.04022059802432729,0.3975183375887915,-0.18943972481963767,-0.11563130857801344,0.7819245723372212
0.29791882705704337,-0.8931381518060113,0.14934315245443325,0.07693979816877339,-0.1748251751848092,-0.1596244079147109,0.22867366686739937,-0.7632423401355469,0.2038822098983843,0.054844106427963495,-0.1785093104016021,-0.18755415817600563,0.22804639396048174,-0.886073893024111,0.21799220287814938,-0.14910203244517628,-0.2534200598097286,-0.23864451470203837,0.19767194799262114,-0.9899267930935582,0.27839246990092986,-0.36477181138088144,-0.2902044827358983,-0.2882211650070046,0.14422138902688708,-0.7912981682474255,0.2739397957683745,0.013267790758517929,-0.2875410074963855,-0.28528660118352456,0.2290837111636186,-1.0383685220243697,0.33254135827409054,0.16512586046025715,-0.2884925391086695,-0.31351745212544474,0.21563473211254613,-1.03131489958585,0.3377854098384324,0.21187501050184807,-0.32610650241478006,-0.338306550967181,0.45024028334491517,-0.6753355689240055,0.09813670574351446,0.03594516481701579,0.19394618744271075,0.08594311162771298,0.3346251447733953,-0.6913045056476949,0.04022059802432729,0.3975183375887915,-0.18943972481963767,-0.11563130857801344,0.27734334633738045,-0.7395032573110037,0.15684557756897458,0.43676463410598126,-0.22469925734150556,-0.19131278767762108,0.7740457623883893
0.22867366686739937,-0.7632423401355469,0.2038822098983843,0.054844106427963495,-0.1785093104016021,-0.18755415817600563,0.22804639396048174,-0.886073893024111,0.21799220287814938,-0.14910203244517628,-0.2534200598097286,-0.23864451470203837,0.19767194799262114,-0.9899267930935582,0.27839246990092986,-0.36477181138088144,-0.2902044827358983,-0.2882211650070046,0.14422138902688708,-0.7912981682474255,0.2739397957683745,0.013267790758517929,-0.2875410074963855,-0.28528660118352456,0.2290837111636186,-1.0383685220243697,0.33254135827409054,0.16512586046025715,-0.2884925391086695,-0.31351745212544474,0.21563473211254613,-1.03131489958585,0.3377854098384324,0.21187501050184807,-0.32610650241478006,-0.338306550967181,0.45024028334491517,-0.6753355689240055,0.09813670574351446,0.03594516481701579,0.19394618744271075,0.08594311162771298,0.3346251447733953,-0.6913045056476949,0.04022059802432729,0.3975183375887915,-0.18943972481963767,-0.11563130857801344,0.27734334633738045,-0.7395032573110037,0.15684557756897458,0.43676463410598126,-0.22469925734150556,-0.19131278767762108,0.31076912239825133,-1.0793967443599817,0.2720297163868779,0.19120186321130395,-0.25831190822672856,-0.26679418818875117,0.7661877815934296
0.22804639396048174,-0.886073893024111,0.21799220287814938,-0.14910203244517628,-0.2534200598097286,-0.23864451470203837,0.19767194799262114,-0.9899267930935582,0.27839246990092986,-0.36477181138088144,-0.2902044827358983,-0.2882211650070046,0.14422138902688708,-0.7912981682474255,0.2739397957683745,0.013267790758517929,-0.2875410074963855,-0.28528660118352456,0.2290837111636186,-1.0383685220243697,0.33254135827409054,0.16512586046025715,-0.2884925391086695,-0.31351745212544474,0.21563473211254613,-1.03131489958585,0.3377854098384324,0.21187501050184807,-0.32610650241478006,-0.338306550967181,0.45024028334491517,-0.6753355689240055,0.09813670574351446,0.03594516481701579,0.19394618744271075,0.08594311162771298,0.3346251447733953,-0.6913045056476949,0.04022059802432729,0.3975183375887915,-0.18943972481963767,-0.11563130857801344,0.27734334633738045,-0.7395032573110037,0.15684557756897458,0.43676463410598126,-0.22469925734150556,-0.19131278767762108,0.31076912239825133,-1.0793967443599817,0.2720297163868779,0.19120186321130395,-0.25831190822672856,-0.26679418818875117,0.17622775831215579,-0.7512017015998937,0.2782410653966378,0.20313861813979803,-0.2971986467236301,-0.29283877547311954,0.7634764134244852
0.19767194799262114,-0.9899267930935582,0.27839246990092986,-0.36477181138088144,-0.2902044827358983,-0.2882211650070046,0.14422138902688708,-0.7912981682474255,0.2739397957683745,0.013267790758517929,-0.2875410074963855,-0.28528660118352456,0.2290837111636186,-1.0383685220243697,0.33254135827409054,0.16512586046025715,-0.2884925391086695,-0.31351745212544474,0.21563473211254613,-1.03131489958585,0.3377854098384324,0.21187501050184807,-0.32610650241478006,-0.338306550967181,0.45024028334491517,-0.6753355689240055,0.09813670574351446,0.03594516481701579,0.19394618744271075,0.08594311162771298,0.3346251447733953,-0.6913045056476949,0.04022059802432729,0.3975183375887915,-0.18943972481963767,-0.11563130857801344,0.27734334633738045,-0.7395032573110037,0.15684557756897458,0.43676463410598126,-0.22469925734150556,-0.19131278767762108,0.31076912239825133,-1.0793967443599817,0.2720297163868779,0.19120186321130395,-0.25831190822672856,-0.26679418818875117,0.17622775831215579,-0.7512017015998937,0.2782410653966378,0.20313861813979803,-0.2971986467236301,-0.29283877547311954,0.1936892331500285,-0.935687578927406,0.3385238030446861,0.1121123754668332,-0.3306161116371016,-0.3408457798007099,0.7584786508568163
0.14422138902688708,-0.7912981682474255,0.2739397957683745,0.013267790758517929,-0.2875410074963855,-0.28528660118352456,0.2290837111636186,-1.0383685220243697,0.33254135827409054,0.16512586046025715,-0.2884925391086695,-0.31351745212544474,0.21563473211254613,-1.03131489958585,0.3377854098384324,0.21187501050184807,-0.32610650241478006,-0.338306550967181,0.45024028334491517,-0.6753355689240055,0.09813670574351446,0.03594516481701579,0.19394618744271075,0.08594311162771298,0.3346251447733953,-0.6913045056476949,0.04022059802432729,0.3975183375887915,-0.18943972481963767,-0.11563130857801344,0.27734334633738045,-0.7395032573110037,0.15684557756897458,0.43676463410598126,-0.22469925734150556,-0.19131278767762108,0.31076912239825133,-1.0793967443599817,0.2720297163868779,0.19120186321130395,-0.25831190822672856,-0.26679418818875117,0.17622775831215579,-0.7512017015998937,0.2782410653966378,0.20313861813979803,-0.2971986467236301,-0.29283877547311954,0.1936892331500285,-0.935687578927406,0.3385238030446861,0.1121123754668332,-0.3306161116371016,-0.3408457798007099,0.1468107137342291,-0.8321278450884377,0.3434090537313695,0.22668145346462865,-0.36721754771475656,-0.3651467855124492,0.7559487980071345
0.2290837111636186,-1.0383685220243697,0.33254135827409054,0.16512586046025715,-0.2884925391086695,-0.31351745212544474,0.21563473211254613,-1.03131489958585,0.3377854098384324,0.21187501050184807,-0.32610650241478006,-0.338306550967181,0.45024028334491517,-0.6753355689240055,0.09813670574351446,0.03594516481701579,0.19394618744271075,0.08594311162771298,0.3346251447733953,-0.6913045056476949,0.04022059802432729,0.3975183375887915,-0.18943972481963767,-0.11563130857801344,0.27734334633738045,-0.7395032573110037,0.15684557756897458,0.43676463410598126,-0.22469925734150556,-0.19131278767762108,0.31076912239825133,-1.0793967443599817,0.2720297163868779,0.19120186321130395,-0.25831190822672856,-0.26679418818875117,0.17622775831215579,-0.7512017015998937,0.2782410653966378,0.20313861813979803,-0.2971986467236301,-0.29283877547311954,0.1936892331500285,-0.935687578927406,0.3385238030446861,0.1121123754668332,-0.3306161116371016,-0.3408457798007099,0.1468107137342291,-0.8321278450884377,0.3434090537313695,0.22668145346462865,-0.36721754771475656,-0.3651467855124492,0.13265786153791978,-0.8480974968772624,0.3967215282012798,0.24056278081700908,-0.36791289773911745,-0.3907637443945851,0.7532819480340552
0.21563473211254613,-1.03131489958585,0.3377854098384324,0.21187501050184807,-0.32610650241478006,-0.338306550967181,0.45024028334491517,-0.6753355689240055,0.09813670574351446,0.03594516481701579,0.19394618744271075,0.08594311162771298,0.3346251447733953,-0.6913045056476949,0.04022059802432729,0.3975183375887915,-0.18943972481963767,-0.11563130857801344,0.27734334633738045,-0.7395032573110037,0.15684557756897458,0.43676463410598126,-0.22469925734150556,-0.19131278767762108,0.31076912239825133,-1.0793967443599817,0.2720297163868779,0.19120186321130395,-0.25831190822672856,-0.26679418818875117,0.17622775831215579,-0.7512017015998937,0.2782410653966378,0.20313861813979803,-0.2971986467236301,-0.29283877547311954,0.1936892331500285,-0.935687578927406,0.3385238030446861,0.1121123754668332,-0.3306161116371016,-0.3408457798007099,0.1468107137342291,-0.8321278450884377,0.3434090537313695,0.22668145346462865,-0.36721754771475656,-0.3651467855124492,0.13265786153791978,-0.8480974968772624,0.3967215282012798,0.24056278081700908,-0.36791289773911745,-0.3907637443945851,0.08589581613318777,-0.7353149192510401,0.40529682541802203,0.3217688224198596,-0.4031764966353977,-0.41486705377620114,0.7507726763335681
0.45024028334491517,-0.6753355689240055,0.09813670574351446,0.03594516481701579,0.19394618744271075,0.08594311162771298,0.3346251447733953,-0.6913045056476949,0.04022059802432729,0.3975183375887915,-0.18943972481963767,-0.11563130857801344,0.27734334633738045,-0.7395032573110037,0.15684557756897458,0.43676463410598126,-0.22469925734150556,-0.19131278767762108,0.31076912239825133,-1.0793967443599817,0.2720297163868779,0.19120186321130395,-0.25831190822672856,-0.26679418818875117,0.17622775831215579,-0.7512017015998937,0.2782410653966378,0.20313861813979803,-0.2971986467236301,-0.29283877547311954,0.1936892331500285,-0.935687578927406,0.3385238030446861,0.1121123754668332,-0.3306161116371016,-0.3408457798007099,0.1468107137342291,-0.8321278450884377,0.3434090537313695,0.22668145346462865,-0.36721754771475656,-0.3651467855124492,0.13265786153791978,-0.8480974968772624,0.3967215282012798,0.24056278081700908,-0.36791289773911745,-0.3907637443945851,0.08589581613318777,-0.7353149192510401,0.40529682541802203,0.3217688224198596,-0.4031764966353977,-0.41486705377620114,0.14559473673671017,-1.0470353328388422,0.46617130052733097,0.22201394247564818,-0.44129875674294217,-0.46626209626655685,0.7454222025200119
0.3346251447733953,-0.6913045056476949,0.04022059802432729,0.3975183375887915,-0.18943972481963767,-0.11563130857801344,0.27734334633738045,-0.7395032573110037,0.15684557756897458,0.43676463410598126,-0.22469925734150556,-0.19131278767762108,0.31076912239825133,-1.0793967443599817,0.2720297163868779,0.19120186321130395,-0.25831190822672856,-0.26679418818875117,0.17622775831215579,-0.7512017015998937,0.2782410653966378,0.20313861813979803,-0.2971986467236301,-0.29283877547311954,0.1936892331500285,-0.935687578927406,0.3385238030446861,0.1121123754668332,-0.3306161116371016,-0.3408457798007099,0.1468107137342291,-0.8321278450884377,0.3434090537313695,0.22668145346462865,-0.36721754771475656,-0.3651467855124492,0.13265786153791978,-0.8480974968772624,0.3967215282012798,0.24056278081700908,-0.36791289773911745,-0.3907637443945851,0.08589581613318777,-0.7353149192510401,0.40529682541802203,0.3217688224198596,-0.4031764966353977,-0.41486705377620114,0.14559473673671017,-1.0470353328388422,0.46617130052733097,0.22201394247564818,-0.44129875674294217,-0.46626209626655685,0.1285311307947243,-1.0380141625665908,0.5216200589828133,0.28291445175639823,-0.4382489759343386,-0.4901611744466996,0.7429341922806005
0.27734334633738045,-0.7395032573110037,0.15684557756897458,0.43676463410598126,-0.22469925734150556,-0.19131278767762108,0.31076912239825133,-1.0793967443599817,0.2720297163868779,0.19120186321130395,-0.25831190822672856,-0.26679418818875117,0.17622775831215579,-0.7512017015998937,0.2782410653966378,0.20313861813979803,-0.2971986467236301,-0.29283877547311954,0.1936892331500285,-0.935687578927406,0.3385238030446861,0.1121123754668332,-0.3306161116371016,-0.3408457798007099,0.1468107137342291,-0.8321278450884377,0.3434090537313695,0.22668145346462865,-0.36721754771475656,-0.3651467855124492,0.13265786153791978,-0.8480974968772624,0.3967215282012798,0.24056278081700908,-0.36791289773911745,-0.3907637443945851,0.08589581613318777,-0.7353149192510401,0.40529682541802203,0.3217688224198596,-0.4031764966353977,-0.41486705377620114,0.14559473673671017,-1.0470353328388422,0.46617130052733097,0.22201394247564818,-0.44129875674294217,-0.46626209626655685,0.1285311307947243,-1.0380141625665908,0.5216200589828133,0.28291445175639823,-0.4382489759343386,-0.4901611744466996,0.09480590878294981,-0.9884857426610135,0.5311722388384749,0.3227566035567641,-0.47681853722714546,-0.5163593100214493,0.740206838988053
0.31076912239825133,-1.0793967443599817,0.2720297163868779,0.19120186321130395,-0.25831190822672856,-0.26679418818875117,0.17622775831215579,-0.7512017015998937,0.2782410653966378,0.20313861813979803,-0.2971986467236301,-0.29283877547311954,0.1936892331500285,-0.935687578927406,0.3385238030446861,0.1121123754668332,-0.3306161116371016,-0.3408457798007099,0.1468107137342291,-0.8321278450884377,0.3434090537313695,0.22668145346462865,-0.36721754771475656,-0.3651467855124492,0.13265786153791978,-0.8480974968772624,0.3967215282012798,0.24056278081700908,-0.36791289773911745,-0.3907637443945851,0.08589581613318777,-0.7353149192510401,0.40529682541802203,0.3217688224198596,-0.4031764966353977,-0.41486705377620114,0.14559473673671017,-1.0470353328388422,0.46617130052733097,0.22201394247564818,-0.44129875674294217,-0.46626209626655685,0.1285311307947243,-1.0380141625665908,0.5216200589828133,0.28291445175639823,-0.4382489759343386,-0.4901611744466996,0.09480590878294981,-0.9884857426610135,0.5311722388384749,0.3227566035567641,-0.47681853722714546,-0.5163593100214493,0.07292368499849752,-0.9669585198106787,0.5345301542204266,0.33199982628374997,-0.5159533245631456,-0.541353776973134,0.7376047934515816
0.17622775831215579,-0.7512017015998937,0.2782410653966378,0.20313861813979803,-0.2971986467236301,-0.29283877547311954,0.1936892331500285,-0.935687578927406,0.3385238030446861,0.1121123754668332,-0.3306161116371016,-0.3408457798007099,0.1468107137342291,-0.8321278450884377,0.3434090537313695,0.22668145346462865,-0.36721754771475656,-0.3651467855124492,0.13265786153791978,-0.8480974968772624,0.3967215282012798,0.24056278081700908,-0.36791289773911745,-0.3907637443945851,0.08589581613318777,-0.7353149192510401,0.40529682541802203,0.3217688224198596,-0.4031764966353977,-0.41486705377620114,0.14559473673671017,-1.0470353328388422,0.46617130052733097,0.22201394247564818,-0.44129875674294217,-0.46626209626655685,0.1285311307947243,-1.0380141625665908,0.5216200589828133,0.28291445175639823,-0.4382489759343386,-0.4901611744466996,0.09480590878294981,-0.9884857426610135,0.5311722388384749,0.3227566035567641,-0.47681853722714546,-0.5163593100214493,0.07292368499849752,-0.9669585198106787,0.5345301542204266,0.33199982628374997,-0.5159533245631456,-0.541353776973134,-0.022060003874750985,-0.7492882639135824,0.4712821893601305,0.4503872448600025,-0.4778961264461849,-0.48999204560643866,0.7429517994152012
0.1936892331500285,-0.935687578927406,0.3385238030446861,0.1121123754668332,-0.3306161116371016,-0.3408457798007099,0.1468107137342291,-0.8321278450884377,0.3434090537313695,0.22668145346462865,-0.36721754771475656,-0.3651467855124492,0.13265786153791978,-0.8480974968772624,0.3967215282012798,0.24056278081700908,-0.36791289773911745,-0.3907637443945851,0.08589581613318777,-0.7353149192510401,0.40529682541802203,0.3217688224198596,-0.4031764966353977,-0.41486705377620114,0.14559473673671017,-1.0470353328388422,0.46617130052733097,0.22201394247564818,-0.44129875674294217,-0.46626209626655685,0.1285311307947243,-1.0380141625665908,0.5216200589828133,0.28291445175639823,-0.4382489759343386,-0.4901611744466996,0.09480590878294981,-0.9884857426610135,0.5311722388384749,0.3227566035567641,-0.47681853722714546,-0.5163593100214493,0.07292368499849752,-0.9669585198106787,0.5345301542204266,0.33199982628374997,-0.5159533245631456,-0.541353776973134,-0.022060003874750985,-0.7492882639135824,0.4712821893601305,0.4503872448600025,-0.4778961264461849,-0.48999204560643866,0.14240408086188489,-0.7724149521697163,0.409549533807575,0.7997091738961734,-0.4449178299691512,-0.4410595040659216,0.7480459149068348
0.1468107137342291,-0.8321278450884377,0.3434090537313695,0.22668145346462865,-0.36721754771475656,-0.3651467855124492,0.13265786153791978,-0.8480974968772624,0.3967215282012798,0.24056278081700908,-0.36791289773911745,-0.3907637443945851,0.08589581613318777,-0.7353149192510401,0.40529682541802203,0.3217688224198596,-0.4031764966353977,-0.41486705377620114,0.14559473673671017,-1.0470353328388422,0.46617130052733097,0.22201394247564818,-0.44129875674294217,-0.46626209626655685,0.1285311307947243,-1.0380141625665908,0.5216200589828133,0.28291445175639823,-0.4382489759343386,-0.4901611744466996,0.09480590878294981,-0.9884857426610135,0.5311722388384749,0.3227566035567641,-0.47681853722714546,-0.5163593100214493,0.07292368499849752,-0.9669585198106787,0.5345301542204266,0.33199982628374997,-0.5159533245631456,-0.541353776973134,-0.022060003874750985,-0.7492882639135824,0.4712821893601305,0.4503872448600025,-0.4778961264461849,-0.48999204560643866,0.14240408086188489,-0.7724149521697163,0.409549533807575,0.7997091738961734,-0.4449178299691512,-0.4410595040659216,0.04142749176765086,-0.7309850678455735,0.4778723542025577,0.7989627606470652,-0.5178604541621018,-0.5145010072063421,0.7404002973464492
0.13265786153791978,-0.8480974968772624,0.3967215282012798,0.24056278081700908,-0.36791289773911745,-0.3907637443945851,0.08589581613318777,-0.7353149192510401,0.40529682541802203,0.3217688224198596,-0.4031764966353977,-0.41486705377620114,0.14559473673671017,-1.0470353328388422,0.46617130052733097,0.22201394247564818,-0.44129875674294217,-0.46626209626655685,0.1285311307947243,-1.0380141625665908,0.5216200589828133,0.28291445175639823,-0.4382489759343386,-0.4901611744466996,0.09480590878294981,-0.9884857426610135,0.5311722388384749,0.3227566035567641,-0.47681853722714546,-0.5163593100214493,0.07292368499849752,-0.9669585198106787,0.5345301542204266,0.33199982628374997,-0.5159533245631456,-0.541353776973134,-0.022060003874750985,-0.7492882639135824,0.4712821893601305,0.4503872448600025,-0.4778961264461849,-0.48999204560643866,0.14240408086188489,-0.7724149521697163,0.409549533807575,0.7997091738961734,-0.4449178299691512,-0.4410595040659216,0.04142749176765086,-0.7309850678455735,0.4778723542025577,0.7989627606470652,-0.5178604541621018,-0.5145010072063421,0.04538966575741708,-0.8656034236267658,0.5412799661987825,0.6675157797640942,-0.5563649534643489,-0.5675545707877305,0.7348771634233412
0.08589581613318777,-0.7353149192510401,0.40529682541802203,0.3217688224198596,-0.4031764966353977,-0.41486705377620114,0.14559473673671017,-1.0470353328388422,0.46617130052733097,0.22201394247564818,-0.44129875674294217,-0.46626209626655685,0.1285311307947243,-1.0380141625665908,0.5216200589828133,0.28291445175639823,-0.4382489759343386,-0.4901611744466996,0.09480590878294981,-0.9884857426610135,0.5311722388384749,0.3227566035567641,-0.47681853722714546,-0.5163593100214493,0.07292368499849752,-0.9669585198106787,0.5345301542204266,0.33199982628374997,-0.5159533245631456,-0.541353776973134,-0.022060003874750985,-0.7492882639135824,0.4712821893601305,0.4503872448600025,-0.4778961264461849,-0.48999204560643866,0.14240408086188489,-0.7724149521697163,0.409549533807575,0.7997091738961734,-0.4449178299691512,-0.4410595040659216,0.04142749176765086,-0.7309850678455735,0.4778723542025577,0.7989627606470652,-0.5178604541621018,-0.5145010072063421,0.04538966575741708,-0.8656034236267658,0.5412799661987825,0.6675157797640942,-0.5563649534643489,-0.5675545707877305,-0.05383370091570458,-0.8577959431357244,0.5636394920617144,0.5391568505079769,-0.6711790349722447,-0.6436946233989663,0.7269506137422964
0.14559473673671017,-1.0470353328388422,0.46617130052733097,0.22201394247564818,-0.44129875674294217,-0.46626209626655685,0.1285311307947243,-1.0380141625665908,0.5216200589828133,0.28291445175639823,-0.4382489759343386,-0.4901611744466996,0.09480590878294981,-0.9884857426610135,0.5311722388384749,0.3227566035567641,-0.47681853722714546,-0.5163593100214493,0.07292368499849752,-0.9669585198106787,0.5345301542204266,0.33199982628374997,-0.5159533245631456,-0.541353776973134,-0.022060003874750985,-0.7492882639135824,0.4712821893601305,0.4503872448600025,-0.4778961264461849,-0.48999204560643866,0.14240408086188489,-0.7724149521697163,0.409549533807575,0.7997091738961734,-0.4449178299691512,-0.4410595040659216,0.04142749176765086,-0.7309850678455735,0.4778723542025577,0.7989627606470652,-0.5178604541621018,-0.5145010072063421,0.04538966575741708,-0.8656034236267658,0.5412799661987825,0.6675157797640942,-0.5563649534643489,-0.5675545707877305,-0.05383370091570458,-0.8577959431357244,0.5636394920617144,0.5391568505079769,-0.6711790349722447,-0.6436946233989663,-0.003708984523760345,-0.9550529214951268,0.6572667864900411,0.5469724473007526,-0.5942960939745541,-0.6425180249485133,0.7270731033617845
0.1285311307947243,-1.0380141625665908,0.5216200589828133,0.28291445175639823,-0.4382489759343386,-0.4901611744466996,0.09480590878294981,-0.9884857426610135,0.5311722388384749,0.3227566035567641,-0.47681853722714546,-0.5163593100214493,0.07292368499849752,-0.9669585198106787,0.5345301542204266,0.33199982628374997,-0.5159533245631456,-0.541353776973134,-0.022060003874750985,-0.7492882639135824,0.4712821893601305,0.4503872448600025,-0.4778961264461849,-0.48999204560643866,0.14240408086188489,-0.7724149521697163,0.409549533807575,0.7997091738961734,-0.4449178299691512,-0.4410595040659216,0.04142749176765086,-0.7309850678455735,0.4778723542025577,0.7989627606470652,-0.5178604541621018,-0.5145010072063421,0.04538966575741708,-0.8656034236267658,0.5412799661987825,0.6675157797640942,-0.5563649534643489,-0.5675545707877305,-0.05383370091570458,-0.8577959431357244,0.5636394920617144,0.5391568505079769,-0.6711790349722447,-0.6436946233989663,-0.003708984523760345,-0.9550529214951268,0.6572667864900411,0.5469724473007526,-0.5942960939745541,-0.6425180249485133,-0.06442324699155688,-0.6896400762594019,0.6082323801966014,0.8516989443064993,-0.6271442664704201,-0.638303307379101,0.7275118759533415
0.09480590878294981,-0.9884857426610135,0.5311722388384749,0.3227566035567641,-0.47681853722714546,-0.5163593100214493,0.07292368499849752,-0.9669585198106787,0.5345301542204266,0.33199982628374997,-0.5159533245631456,-0.541353776973134,-0.022060003874750985,-0.7492882639135824,0.4712821893601305,0.4503872448600025,-0.4778961264461849,-0.48999204560643866,0.14240408086188489,-0.7724149521697163,0.409549533807575,0.7997091738961734,-0.4449178299691512,-0.4410595040659216,0.04142749176765086,-0.7309850678455735,0.4778723542025577,0.7989627606470652,-0.5178604541621018,-0.5145010072063421,0.04538966575741708,-0.8656034236267658,0.5412799661987825,0.6675157797640942,-0.5563649534643489,-0.5675545707877305,-0.05383370091570458,-0.8577959431357244,0.5636394920617144,0.5391568505079769,-0.6711790349722447,-0.6436946233989663,-0.003708984523760345,-0.9550529214951268,0.6572667864900411,0.5469724473007526,-0.5942960939745541,-0.6425180249485133,-0.06442324699155688,-0.6896400762594019,0.6082323801966014,0.8516989443064993,-0.6271442664704201,-0.638303307379101,-0.06795382203489175,-0.7358547048325111,0.6682600326799288,0.9671263318997656,-0.6284129752867968,-0.667031975867876,0.724521081880618
0.07292368499849752,-0.9669585198106787,0.5345301542204266,0.33199982628374997,-0.5159533245631456,-0.541353776973134,-0.022060003874750985,-0.7492882639135824,0.4712821893601305,0.4503872448600025,-0.4778961264461849,-0.48999204560643866,0.14240408086188489,-0.7724149521697163,0.409549533807575,0.7997091738961734,-0.4449178299691512,-0.4410595040659216,0.04142749176765086,-0.7309850678455735,0.4778723542025577,0.7989627606470652,-0.5178604541621018,-0.5145010072063421,0.04538966575741708,-0.8656034236267658,0.5412799661987825,0.6675157797640942,-0.5563649534643489,-0.5675545707877305,-0.05383370091570458,-0.8577959431357244,0.5636394920617144,0.5391568505079769,-0.6711790349722447,-0.6436946233989663,-0.003708984523760345,-0.9550529214951268,0.6572667864900411,0.5469724473007526,-0.5942960939745541,-0.6425180249485133,-0.06442324699155688,-0.6896400762594019,0.6082323801966014,0.8516989443064993,-0.6271442664704201,-0.638303307379101,-0.06795382203489175,-0.7358547048325111,0.6682600326799288,0.9671263318997656,-0.6284129752867968,-0.667031975867876,-0.034768879934299356,-0.973515232532806,0.7321700311669216,0.6694826380299189,-0.6639327557710021,-0.7168434179041826,0.7193354685740283
-0.022060003874750985,-0.7492882639135824,0.4712821893601305,0.4503872448600025,-0.4778961264461849,-0.48999204560643866,0.14240408086188489,-0.7724149521697163,0.409549533807575,0.7997091738961734,-0.4449178299691512,-0.4410595040659216,0.04142749176765086,-0.7309850678455735,0.4778723542025577,0.7989627606470652,-0.5178604541621018,-0.5145010072063421,0.04538966575741708,-0.8656034236267658,0.5412799661987825,0.6675157797640942,-0.5563649534643489,-0.5675545707877305,-0.05383370091570458,-0.8577959431357244,0.5636394920617144,0.5391568505079769,-0.6711790349722447,-0.6436946233989663,-0.003708984523760345,-0.9550529214951268,0.6572667864900411,0.5469724473007526,-0.5942960939745541,-0.6425180249485133,-0.06442324699155688,-0.6896400762594019,0.6082323801966014,0.8516989443064993,-0.6271442664704201,-0.638303307379101,-0.06795382203489175,-0.7358547048325111,0.6682600326799288,0.9671263318997656,-0.6284129752867968,-0.667031975867876,-0.034768879934299356,-0.973515232532806,0.7321700311669216,0.6694826380299189,-0.6639327557710021,-0.7168434179041826,-0.07194049154973767,-0.9473935517364283,0.7351326348447053,0.6017089316186236,-0.7041532650748661,-0.7419407326849363,0.7167227160784895
0.14240408086188489,-0.7724149521697163,0.409549533807575,0.7997091738961734,-0.4449178299691512,-0.4410595040659216,0.04142749176765086,-0.7309850678455735,0.4778723542025577,0.7989627606470652,-0.5178604541621018,-0.5145010072063421,0.04538966575741708,-0.8656034236267658,0.5412799661987825,0.6675157797640942,-0.5563649534643489,-0.5675545707877305,-0.05383370091570458,-0.8577959431357244,0.5636394920617144,0.5391568505079769,-0.6711790349722447,-0.6436946233989663,-0.003708984523760345,-0.9550529214951268,0.6572667864900411,0.5469724473007526,-0.5942960939745541,-0.6425180249485133,-0.06442324699155688,-0.6896400762594019,0.6082323801966014,0.8516989443064993,-0.6271442664704201,-0.638303307379101,-0.06795382203489175,-0.7358547048325111,0.6682600326799288,0.9671263318997656,-0.6284129752867968,-0.667031975867876,-0.034768879934299356,-0.973515232532806,0.7321700311669216,0.6694826380299189,-0.6639327557710021,-0.7168434179041826,-0.07194049154973767,-0.9473935517364283,0.7351326348447053,0.6017089316186236,-0.7041532650748661,-0.7419407326849363,-0.1275316292772093,-0.736943546019092,0.7362508089199811,0.8954917933725004,-0.7042142606910377,-0.7421786758133703,0.7166979450419048
0.04142749176765086,-0.7309850678455735,0.4778723542025577,0.7989627606470652,-0.5178604541621018,-0.5145010072063421,0.04538966575741708,-0.8656034236267658,0.5412799661987825,0.6675157797640942,-0.5563649534643489,-0.5675545707877305,-0.05383370091570458,-0.8577959431357244,0.5636394920617144,0.5391568505079769,-0.6711790349722447,-0.6436946233989663,-0.003708984523760345,-0.9550529214951268,0.6572667864900411,0.5469724473007526,-0.5942960939745541,-0.6425180249485133,-0.06442324699155688,-0.6896400762594019,0.6082323801966014,0.8516989443064993,-0.6271442664704201,-0.638303307379101,-0.06795382203489175,-0.7358547048325111,0.6682600326799288,0.9671263318997656,-0.6284129752867968,-0.667031975867876,-0.034768879934299356,-0.973515232532806,0.7321700311669216,0.6694826380299189,-0.6639327557710021,-0.7168434179041826,-0.07194049154973767,-0.9473935517364283,0.7351326348447053,0.6017089316186236,-0.7041532650748661,-0.7419407326849363,-0.1275316292772093,-0.736943546019092,0.7362508089199811,0.8954917933725004,-0.7042142606910377,-0.7421786758133703,-0.07564576056427315,-0.9113503256880858,0.7946367878481324,1.0309674003906282,-0.7039621454775269,-0.7677827471605072,0.71403243672388
0.04538966575741708,-0.8656034236267658,0.5412799661987825,0.6675157797640942,-0.5563649534643489,-0.5675545707877305,-0.05383370091570458,-0.8577959431357244,0.5636394920617144,0.5391568505079769,-0.6711790349722447,-0.6436946233989663,-0.003708984523760345,-0.9550529214951268,0.6572667864900411,0.5469724473007526,-0.5942960939745541,-0.6425180249485133,-0.06442324699155688,-0.6896400762594019,0.6082323801966014,0.8516989443064993,-0.6271442664704201,-0.638303307379101,-0.06795382203489175,-0.7358547048325111,0.6682600326799288,0.9671263318997656,-0.6284129752867968,-0.667031975867876,-0.034768879934299356,-0.973515232532806,0.7321700311669216,0.6694826380299189,-0.6639327557710021,-0.7168434179041826,-0.07194049154973767,-0.9473935517364283,0.7351326348447053,0.6017089316186236,-0.7041532650748661,-0.7419407326849363,-0.1275316292772093,-0.736943546019092,0.7362508089199811,0.8954917933725004,-0.7042142606910377,-0.7421786758133703,-0.07564576056427315,-0.9113503256880858,0.7946367878481324,1.0309674003906282,-0.7039621454775269,-0.7677827471605072,-0.10079552712765423,-0.897284358233303,0.8033940509494706,0.9323278425059313,-0.7411288075983751,-0.792491272619773,0.7114601590870593
-0.05383370091570458,-0.8577959431357244,0.5636394920617144,0.5391568505079769,-0.6711790349722447,-0.6436946233989663,-0.003708984523760345,-0.9550529214951268,0.6572667864900411,0.5469724473007526,-0.5942960939745541,-0.6425180249485133,-0.06442324699155688,-0.6896400762594019,0.6082323801966014,0.8516989443064993,-0.6271442664704201,-0.638303307379101,-0.06795382203489175,-0.7358547048325111,0.6682600326799288,0.9671263318997656,-0.6284129752867968,-0.667031975867876,-0.034768879934299356,-0.973515232532806,0.7321700311669216,0.6694826380299189,-0.6639327557710021,-0.7168434179041826,-0.07194049154973767,-0.9473935517364283,0.7351326348447053,0.6017089316186236,-0.7041532650748661,-0.7419407326849363,-0.1275316292772093,-0.736943546019092,0.7362508089199811,0.8954917933725004,-0.7042142606910377,-0.7421786758133703,-0.07564576056427315,-0.9113503256880858,0.7946367878481324,1.0309674003906282,-0.7039621454775269,-0.7677827471605072,-0.10079552712765423,-0.897284358233303,0.8033940509494706,0.9323278425059313,-0.7411288075983751,-0.792491272619773,-0.16056771486160654,-0.8191562231404099,0.8132125785288912,0.8281488820682178,-0.7788728948856534,-0.8188650909482418,0.708714516365654
-0.003708984523760345,-0.9550529214951268,0.6572667864900411,0.5469724473007526,-0.5942960939745541,-0.6425180249485133,-0.06442324699155688,-0.6896400762594019,0.6082323801966014,0.8516989443064993,-0.6271442664704201,-0.638303307379101,-0.06795382203489175,-0.7358547048325111,0.6682600326799288,0.9671263318997656,-0.6284129752867968,-0.667031975867876,-0.034768879934299356,-0.973515232532806,0.7321700311669216,0.6694826380299189,-0.6639327557710021,-0.7168434179041826,-0.07194049154973767,-0.9473935517364283,0.7351326348447053,0.6017089316186236,-0.7041532650748661,-0.7419407326849363,-0.1275316292772093,-0.736943546019092,0.7362508089199811,0.8954917933725004,-0.7042142606910377,-0.7421786758133703,-0.07564576056427315,-0.9113503256880858,0.7946367878481324,1.0309674003906282,-0.7039621454775269,-0.7677827471605072,-0.10079552712765423,-0.897284358233303,0.8033940509494706,0.9323278425059313,-0.7411288075983751,-0.792491272619773,-0.16056771486160654,-0.8191562231404099,0.8132125785288912,0.8281488820682178,-0.7788728948856534,-0.8188650909482418,-0.20561436081476217,-0.7843160546638203,0.8180945578025602,0.7478450260078195,-0.8148969057968782,-0.842974454494196,0.706204614397223
-0.06442324699155688,-0.6896400762594019,0.6082323801966014,0.8516989443064993,-0.6271442664704201,-0.638303307379101,-0.06795382203489175,-0.7358547048325111,0.6682600326799288,0.9671263318997656,-0.6284129752867968,-0.667031975867876,-0.034768879934299356,-0.973515232532806,0.7321700311669216,0.6694826380299189,-0.6639327557710021,-0.7168434179041826,-0.07194049154973767,-0.9473935517364283,0.7351326348447053,0.6017089316186236,-0.7041532650748661,-0.7419407326849363,-0.1275316292772093,-0.736943546019092,0.7362508089199811,0.8954917933725004,-0.7042142606910377,-0.7421786758133703,-0.07564576056427315,-0.9113503256880858,0.7946367878481324,1.0309674003906282,-0.7039621454775269,-0.7677827471605072,-0.10079552712765423,-0.897284358233303,0.8033940509494706,0.9323278425059313,-0.7411288075983751,-0.792491272619773,-0.16056771486160654,-0.8191562231404099,0.8132125785288912,0.8281488820682178,-0.7788728948856534,-0.8188650909482418,-0.20561436081476217,-0.7843160546638203,0.8180945578025602,0.7478450260078195,-0.8148969057968782,-0.842974454494196,-0.23579853257667918,-0.6475765286831459,0.8164542188154565,1.0040637128889522,-0.8176254430269748,-0.8421600633973344,0.7062893964700965
-0.06795382203489175,-0.7358547048325111,0.6682600326799288,0.9671263318997656,-0.6284129752867968,-0.667031975867876,-0.034768879934299356,-0.973515232532806,0.7321700311669216,0.6694826380299189,-0.6639327557710021,-0.7168434179041826,-0.07194049154973767,-0.9473935517364283,0.7351326348447053,0.6017089316186236,-0.7041532650748661,-0.7419407326849363,-0.1275316292772093,-0.736943546019092,0.7362508089199811,0.8954917933725004,-0.7042142606910377,-0.7421786758133703,-0.07564576056427315,-0.9113503256880858,0.7946367878481324,1.0309674003906282,-0.7039621454775269,-0.7677827471605072,-0.10079552712765423,-0.897284358233303,0.8033940509494706,0.9323278425059313,-0.7411288075983751,-0.792491272619773,-0.16056771486160654,-0.8191562231404099,0.8132125785288912,0.8281488820682178,-0.7788728948856534,-0.8188650909482418,-0.20561436081476217,-0.7843160546638203,0.8180945578025602,0.7478450260078195,-0.8148969057968782,-0.842974454494196,-0.23579853257667918,-0.6475765286831459,0.8164542188154565,1.0040637128889522,-0.8176254430269748,-0.8421600633973344,-0.14487960286996435,-0.8859660233736922,0.8727347860091674,1.169392216235986,-0.8138803121940104,-0.8660802708229792,0.7037991865734948
-0.034768879934299356,-0.973515232532806,0.7321700311669216,0.6694826380299189,-0.6639327557710021,-0.7168434179041826,-0.07194049154973767,-0.9473935517364283,0.7351326348447053,0.6017089316186236,-0.7041532650748661,-0.7419407326849363,-0.1275316292772093,-0.736943546019092,0.7362508089199811,0.8954917933725004,-0.7042142606910377,-0.7421786758133703,-0.07564576056427315,-0.9113503256880858,0.7946367878481324,1.0309674003906282,-0.7039621454775269,-0.7677827471605072,-0.10079552712765423,-0.897284358233303,0.8033940509494706,0.9323278425059313,-0.7411288075983751,-0.792491272619773,-0.16056771486160654,-0.8191562231404099,0.8132125785288912,0.8281488820682178,-0.7788728948856534,-0.8188650909482418,-0.20561436081476217,-0.7843160546638203,0.8180945578025602,0.7478450260078195,-0.8148969057968782,-0.842974454494196,-0.23579853257667918,-0.6475765286831459,0.8164542188154565,1.0040637128889522,-0.8176254430269748,-0.8421600633973344,-0.14487960286996435,-0.8859660233736922,0.8727347860091674,1.169392216235986,-0.8138803121940104,-0.8660802708229792,-0.15291955813864996,-0.8464265832633302,0.6864001495571291,0.9418608887730928,-0.7461507799965428,-0.7421971262564265,0.7166960242610738
-0.07194049154973767,-0.9473935517364283,0.7351326348447053,0.6017089316186236,-0.7041532650748661,-0.7419407326849363,-0.1275316292772093,-0.736943546019092,0.7362508089199811,0.8954917933725004,-0.7042142606910377,-0.7421786758133703,-0.07564576056427315,-0.9113503256880858,0.7946367878481324,1.0309674003906282,-0.7039621454775269,-0.7677827471605072,-0.10079552712765423,-0.897284358233303,0.8033940509494706,0.9323278425059313,-0.7411288075983751,-0.792491272619773,-0.16056771486160654,-0.8191562231404099,0.8132125785288912,0.8281488820682178,-0.7788728948856534,-0.8188650909482418,-0.20561436081476217,-0.7843160546638203,0.8180945578025602,0.7478450260078195,-0.8148969057968782,-0.842974454494196,-0.23579853257667918,-0.6475765286831459,0.8164542188154565,1.0040637128889522,-0.8176254430269748,-0.8421600633973344,-0.14487960286996435,-0.8859660233736922,0.8727347860091674,1.169392216235986,-0.8138803121940104,-0.8660802708229792,-0.15291955813864996,-0.8464265832633302,0.6864001495571291,0.9418608887730928,-0.7461507799965428,-0.7421971262564265,-0.0743569177806192,-0.7058104156584056,0.6816887720117841,1.1066247371421973,-0.7078983959078305,-0.7188410165762503,0.7191275088396454
-0.1275316292772093,-0.736943546019092,0.7362508089199811,0.8954917933725004,-0.7042142606910377,-0.7421786758133703,-0.07564576056427315,-0.9113503256880858,0.7946367878481324,1.0309674003906282,-0.7039621454775269,-0.7677827471605072,-0.10079552712765423,-0.897284358233303,0.8033940509494706,0.9323278425059313,-0.7411288075983751,-0.792491272619773,-0.16056771486160654,-0.8191562231404099,0.8132125785288912,0.8281488820682178,-0.7788728948856534,-0.8188650909482418,-0.20561436081476217,-0.7843160546638203,0.8180945578025602,0.7478450260078195,-0.8148969057968782,-0.842974454494196,-0.23579853257667918,-0.6475765286831459,0.8164542188154565,1.0040637128889522,-0.8176254430269748,-0.8421600633973344,-0.14487960286996435,-0.8859660233736922,0.8727347860091674,1.169392216235986,-0.8138803121940104,-0.8660802708229792,-0.15291955813864996,-0.8464265832633302,0.6864001495571291,0.9418608887730928,-0.7461507799965428,-0.7421971262564265,-0.0743569177806192,-0.7058104156584056,0.6816887720117841,1.1066247371421973,-0.7078983959078305,-0.7188410165762503,-0.10738122045173376,-0.9510577919555488,0.8111635822052676,0.8193803128483301,-0.7803327232993712,-0.8192220160774909,0.7086773587242763
-0.07564576056427315,-0.9113503256880858,0.7946367878481324,1.0309674003906282,-0.7039621454775269,-0.7677827471605072,-0.10079552712765423,-0.897284358233303,0.8033940509494706,0.9323278425059313,-0.7411288075983751,-0.792491272619773,-0.16056771486160654,-0.8191562231404099,0.8132125785288912,0.8281488820682178,-0.7788728948856534,-0.8188650909482418,-0.20561436081476217,-0.7843160546638203,0.8180945578025602,0.7478450260078195,-0.8148969057968782,-0.842974454494196,-0.23579853257667918,-0.6475765286831459,0.8164542188154565,1.0040637128889522,-0.8176254430269748,-0.8421600633973344,-0.14487960286996435,-0.8859660233736922,0.8727347860091674,1.169392216235986,-0.8138803121940104,-0.8660802708229792,-0.15291955813864996,-0.8464265832633302,0.6864001495571291,0.9418608887730928,-0.7461507799965428,-0.7421971262564265,-0.0743569177806192,-0.7058104156584056,0.6816887720117841,1.1066247371421973,-0.7078983959078305,-0.7188410165762503,-0.10738122045173376,-0.9510577919555488,0.8111635822052676,0.8193803128483301,-0.7803327232993712,-0.8192220160774909,-0.1528063357199579,-0.9629159469560252,0.8778732743393735,0.6219611487988966,-0.8150880253942175,-0.8690422336776487,0.7034908318388216
-0.10079552712765423,-0.897284358233303,0.8033940509494706,0.9323278425059313,-0.7411288075983751,-0.792491272619773,-0.16056771486160654,-0.8191562231404099,0.8132125785288912,0.8281488820682178,-0.7788728948856534,-0.8188650909482418,-0.20561436081476217,-0.7843160546638203,0.8180945578025602,0.7478450260078195,-0.8148969057968782,-0.842974454494196,-0.23579853257667918,-0.6475765286831459,0.8164542188154565,1.0040637128889522,-0.8176254430269748,-0.8421600633973344,-0.14487960286996435,-0.8859660233736922,0.8727347860091674,1.169392216235986,-0.8138803121940104,-0.8660802708229792,-0.15291955813864996,-0.8464265832633302,0.6864001495571291,0.9418608887730928,-0.7461507799965428,-0.7421971262564265,-0.0743569177806192,-0.7058104156584056,0.6816887720117841,1.1066247371421973,-0.7078983959078305,-0.7188410165762503,-0.10738122045173376,-0.9510577919555488,0.8111635822052676,0.8193803128483301,-0.7803327232993712,-0.8192220160774909,-0.1528063357199579,-0.9629159469560252,0.8778732743393735,0.6219611487988966,-0.8150880253942175,-0.8690422336776487,-0.2122389992685145,-0.8769467380792794,0.8852450383076632,0.6446527859588963,-0.8586104307201959,-0.8967925481185773,0.7006018891793812
-0.16056771486160654,-0.8191562231404099,0.8132125785288912,0.8281488820682178,-0.7788728948856534,-0.8188650909482418,-0.20561436081476217,-0.7843160546638203,0.8180945578025602,0.7478450260078195,-0.8148969057968782,-0.842974454494196,-0.23579853257667918,-0.6475765286831459,0.8164542188154565,1.0040637128889522,-0.8176254430269748,-0.8421600633973344,-0.14487960286996435,-0.8859660233736922,0.8727347860091674,1.169392216235986,-0.8138803121940104,-0.8660802708229792,-0.15291955813864996,-0.8464265832633302,0.6864001495571291,0.9418608887730928,-0.7461507799965428,-0.7421971262564265,-0.0743569177806192,-0.7058104156584056,0.6816887720117841,1.1066247371421973,-0.7078983959078305,-0.7188410165762503,-0.10738122045173376,-0.9510577919555488,0.8111635822052676,0.8193803128483301,-0.7803327232993712,-0.8192220160774909,-0.1528063357199579,-0.9629159469560252,0.8778732743393735,0.6219611487988966,-0.8150880253942175,-0.8690422336776487,-0.2122389992685145,-0.8769467380792794,0.8852450383076632,0.6446527859588963,-0.8586104307201959,-0.8967925481185773,-0.24513428139146745,-0.8303833912748505,0.942140542791437,0.6812259183949161,-0.852767050690912,-0.9184195643463203,0.6983504116363164
-0.20561436081476217,-0.7843160546638203,0.8180945578025602,0.7478450260078195,-0.8148969057968782,-0.842974454494196,-0.23579853257667918,-0.6475765286831459,0.8164542188154565,1.0040637128889522,-0.8176254430269748,-0.8421600633973344,-0.14487960286996435,-0.8859660233736922,0.8727347860091674,1.169392216235986,-0.8138803121940104,-0.8660802708229792,-0.15291955813864996,-0.8464265832633302,0.6864001495571291,0.9418608887730928,-0.7461507799965428,-0.7421971262564265,-0.0743569177806192,-0.7058104156584056,0.6816887720117841,1.1066247371421973,-0.7078983959078305,-0.7188410165762503,-0.10738122045173376,-0.9510577919555488,0.8111635822052676,0.8193803128483301,-0.7803327232993712,-0.8192220160774909,-0.1528063357199579,-0.9629159469560252,0.8778732743393735,0.6219611487988966,-0.8150880253942175,-0.8690422336776487,-0.2122389992685145,-0.8769467380792794,0.8852450383076632,0.6446527859588963,-0.8586104307201959,-0.8967925481185773,-0.24513428139146745,-0.8303833912748505,0.942140542791437,0.6812259183949161,-0.852767050690912,-0.9184195643463203,-0.27178406806432126,-0.8126999505105705,0.900778516241869,0.6656067707045713,-0.9316140505293421,-0.9444319633263021,0.695642394426363
-0.23579853257667918,-0.6475765286831459,0.8164542188154565,1.0040637128889522,-0.8176254430269748,-0.8421600633973344,-0.14487960286996435,-0.8859660233736922,0.8727347860091674,1.169392216235986,-0.8138803121940104,-0.8660802708229792,-0.15291955813864996,-0.8464265832633302,0.6864001495571291,0.9418608887730928,-0.7461507799965428,-0.7421971262564265,-0.0743569177806192,-0.7058104156584056,0.6816887720117841,1.1066247371421973,-0.7078983959078305,-0.7188410165762503,-0.10738122045173376,-0.9510577919555488,0.8111635822052676,0.8193803128483301,-0.7803327232993712,-0.8192220160774909,-0.1528063357199579,-0.9629159469560252,0.8778732743393735,0.6219611487988966,-0.8150880253942175,-0.8690422336776487,-0.2122389992685145,-0.8769467380792794,0.8852450383076632,0.6446527859588963,-0.8586104307201959,-0.8967925481185773,-0.24513428139146745,-0.8303833912748505,0.942140542791437,0.6812259183949161,-0.852767050690912,-0.9184195643463203,-0.27178406806432126,-0.8126999505105705,0.900778516241869,0.6656067707045713,-0.9316140505293421,-0.9444319633263021,-0.30441260315025775,-0.7817991969839987,0.9596266289051198,0.6773302798293691,-0.92773879571521,-0.9687152722446525,0.6931143838989174
-0.14487960286996435,-0.8859660233736922,0.8727347860091674,1.169392216235986,-0.8138803121940104,-0.8660802708229792,-0.15291955813864996,-0.8464265832633302,0.6864001495571291,0.9418608887730928,-0.7461507799965428,-0.7421971262564265,-0.0743569177806192,-0.7058104156584056,0.6816887720117841,1.1066247371421973,-0.7078983959078305,-0.7188410165762503,-0.10738122045173376,-0.9510577919555488,0.8111635822052676,0.8193803128483301,-0.7803327232993712,-0.8192220160774909,-0.1528063357199579,-0.9629159469560252,0.8778732743393735,0.6219611487988966,-0.8150880253942175,-0.8690422336776487,-0.2122389992685145,-0.8769467380792794,0.8852450383076632,0.6446527859588963,-0.8586104307201959,-0.8967925481185773,-0.24513428139146745,-0.8303833912748505,0.942140542791437,0.6812259183949161,-0.852767050690912,-0.9184195643463203,-0.27178406806432126,-0.8126999505105705,0.900778516241869,0.6656067707045713,-0.9316140505293421,-0.9444319633263021,-0.30441260315025775,-0.7817991969839987,0.9596266289051198,0.6773302798293691,-0.92773879571521,-0.9687152722446525,-0.3180429818114757,-0.8142258924690543,1.017752439455308,0.5879860906648031,-0.928503274104567,-0.9965338173198047,0.6902183380987069
-0.15291955813864996,-0.8464265832633302,0.6864001495571291,0.9418608887730928,-0.7461507799965428,-0.7421971262564265,-0.0743569177806192,-0.7058104156584056,0.6816887720117841,1.1066247371421973,-0.7078983959078305,-0.7188410165762503,-0.10738122045173376,-0.9510577919555488,0.8111635822052676,0.8193803128483301,-0.7803327232993712,-0.8192220160774909,-0.1528063357199579,-0.9629159469560252,0.8778732743393735,0.6219611487988966,-0.8150880253942175,-0.8690422336776487,-0.2122389992685145,-0.8769467380792794,0.8852450383076632,0.6446527859588963,-0.8586104307201959,-0.8967925481185773,-0.24513428139146745,-0.8303833912748505,0.942140542791437,0.6812259183949161,-0.852767050690912,-0.9184195643463203,-0.27178406806432126,-0.8126999505105705,0.900778516241869,0.6656067707045713,-0.9316140505293421,-0.9444319633263021,-0.30441260315025775,-0.7817991969839987,0.9596266289051198,0.6773302798293691,-0.92773879571521,-0.9687152722446525,-0.3180429818114757,-0.8142258924690543,1.017752439455308,0.5879860906648031,-0.928503274104567,-0.9965338173198047,-0.3096065387804684,-0.870206891800184,1.02626019144389,0.5373121597023646,-0.9673249506108847,-1.0215098898321122,0.6876182075128112
-0.0743569177806192,-0.7058104156584056,0.6816887720117841,1.1066247371421973,-0.7078983959078305,-0.7188410165762503,-0.10738122045173376,-0.9510577919555488,0.8111635822052676,0.8193803128483301,-0.7803327232993712,-0.8192220160774909,-0.1528063357199579,-0.9629159469560252,0.8778732743393735,0.6219611487988966,-0.8150880253942175,-0.8690422336776487,-0.2122389992685145,-0.8769467380792794,0.8852450383076632,0.6446527859588963,-0.8586104307201959,-0.8967925481185773,-0.24513428139146745,-0.8303833912748505,0.942140542791437,0.6812259183949161,-0.852767050690912,-0.9184195643463203,-0.27178406806432126,-0.8126999505105705,0.900778516241869,0.6656067707045713,-0.9316140505293421,-0.9444319633263021,-0.30441260315025775,-0.7817991969839987,0.9596266289051198,0.6773302798293691,-0.92773879571521,-0.9687152722446525,-0.3180429818114757,-0.8142258924690543,1.017752439455308,0.5879860906648031,-0.928503274104567,-0.9965338173198047,-0.3096065387804684,-0.870206891800184,1.02626019144389,0.5373121597023646,-0.9673249506108847,-1.0215098898321122,-0.3776291981993852,-0.7653663061286808,1.0343603379420665,0.6159548130462585,-1.0028406647206758,-1.0441966906147693,0.6852564012447504
-0.10738122045173376,-0.9510577919555488,0.8111635822052676,0.8193803128483301,-0.7803327232993712,-0.8192220160774909,-0.1528063357199579,-0.9629159469560252,0.8778732743393735,0.6219611487988966,-0.8150880253942175,-0.8690422336776487,-0.2122389992685145,-0.8769467380792794,0.8852450383076632,0.6446527859588963,-0.8586104307201959,-0.8967925481185773,-0.24513428139146745,-0.8303833912748505,0.942140542791437,0.6812259183949161,-0.852767050690912,-0.9184195643463203,-0.27178406806432126,-0.8126999505105705,0.900778516241869,0.6656067707045713,-0.9316140505293421,-0.9444319633263021,-0.30441260315025775,-0.7817991969839987,0.9596266289051198,0.6773302798293691,-0.92773879571521,-0.9687152722446525,-0.3180429818114757,-0.8142258924690543,1.017752439455308,0.5879860906648031,-0.928503274104567,-0.9965338173198047,-0.3096065387804684,-0.870206891800184,1.02626019144389,0.5373121597023646,-0.9673249506108847,-1.0215098898321122,-0.3776291981993852,-0.7653663061286808,1.0343603379420665,0.6159548130462585,-1.0028406647206758,-1.0441966906147693,-0.4114986321788519,-0.6533161109428322,1.0340431016260418,0.7008320713697834,-1.0013808363069578,-1.044217082853773,0.68525427831352
-0.1528063357199579,-0.9629159469560252,0.8778732743393735,0.6219611487988966,-0.8150880253942175,-0.8690422336776487,-0.2122389992685145,-0.8769467380792794,0.8852450383076632,0.6446527859588963,-0.8586104307201959,-0.8967925481185773,-0.24513428139146745,-0.8303833912748505,0.942140542791437,0.6812259183949161,-0.852767050690912,-0.9184195643463203,-0.27178406806432126,-0.8126999505105705,0.900778516241869,0.6656067707045713,-0.9316140505293421,-0.9444319633263021,-0.30441260315025775,-0.7817991969839987,0.9596266289051198,0.6773302798293691,-0.92773879571521,-0.9687152722446525,-0.3180429818114757,-0.8142258924690543,1.017752439455308,0.5879860906648031,-0.928503274104567,-0.9965338173198047,-0.3096065387804684,-0.870206891800184,1.02626019144389,0.5373121597023646,-0.9673249506108847,-1.0215098898321122,-0.3776291981993852,-0.7653663061286808,1.0343603379420665,0.6159548130462585,-1.0028406647206758,-1.0441966906147693,-0.4114986321788519,-0.6533161109428322,1.0340431016260418,0.7008320713697834,-1.0013808363069578,-1.044217082853773,-0.40901581652282465,-0.7195394765133587,1.0940102312780218,0.6419957716608817,-1.0025844831327526,-1.0719441536157193,0.6823677554340759
-0.2122389992685145,-0.8769467380792794,0.8852450383076632,0.6446527859588963,-0.8586104307201959,-0.8967925481185773,-0.24513428139146745,-0.8303833912748505,0.942140542791437,0.6812259183949161,-0.852767050690912,-0.9184195643463203,-0.27178406806432126,-0.8126999505105705,0.900778516241869,0.6656067707045713,-0.9316140505293421,-0.9444319633263021,-0.30441260315025775,-0.7817991969839987,0.9596266289051198,0.6773302798293691,-0.92773879571521,-0.9687152722446525,-0.3180429818114757,-0.8142258924690543,1.017752439455308,0.5879860906648031,-0.928503274104567,-0.9965338173198047,-0.3096065387804684,-0.870206891800184,1.02626019144389,0.5373121597023646,-0.9673249506108847,-1.0215098898321122,-0.3776291981993852,-0.7653663061286808,1.0343603379420665,0.6159548130462585,-1.0028406647206758,-1.0441966906147693,-0.4114986321788519,-0.6533161109428322,1.0340431016260418,0.7008320713697834,-1.0013808363069578,-1.044217082853773,-0.40901581652282465,-0.7195394765133587,1.0940102312780218,0.6419957716608817,-1.0025844831327526,-1.0719441536157193,-0.33141878817532194,-0.9272970602303562,1.0277045976016324,0.9003979710017165,-0.9672598886203009,-1.020762557445666,0.687696008447881
-0.24513428139146745,-0.8303833912748505,0.942140542791437,0.6812259183949161,-0.852767050690912,-0.9184195643463203,-0.27178406806432126,-0.8126999505105705,0.900778516241869,0.6656067707045713,-0.9316140505293421,-0.9444319633263021,-0.30441260315025775,-0.7817991969839987,0.9596266289051198,0.6773302798293691,-0.92773879571521,-0.9687152722446525,-0.3180429818114757,-0.8142258924690543,1.017752439455308,0.5879860906648031,-0.928503274104567,-0.9965338173198047,-0.3096065387804684,-0.870206891800184,1.02626019144389,0.5373121597023646,-0.9673249506108847,-1.0215098898321122,-0.3776291981993852,-0.7653663061286808,1.0343603379420665,0.6159548130462585,-1.0028406647206758,-1.0441966906147693,-0.4114986321788519,-0.6533161109428322,1.0340431016260418,0.7008320713697834,-1.0013808363069578,-1.044217082853773,-0.40901581652282465,-0.7195394765133587,1.0940102312780218,0.6419957716608817,-1.0025844831327526,-1.0719441536157193,-0.33141878817532194,-0.9272970602303562,1.0277045976016324,0.9003979710017165,-0.9672598886203009,-1.020762557445666,-0.21008445047880395,-0.8969158822398113,0.9598608581743681,1.010895494950402,-0.928247092516644,-0.9692784190654454,0.6930557575767696
-0.27178406806432126,-0.8126999505105705,0.900778516241869,0.6656067707045713,-0.9316140505293421,-0.9444319633263021,-0.30441260315025775,-0.7817991969839987,0.9596266289051198,0.6773302798293691,-0.92773879571521,-0.9687152722446525,-0.3180429818114757,-0.8142258924690543,1.017752439455308,0.5879860906648031,-0.928503274104567,-0.9965338173198047,-0.3096065387804684,-0.870206891800184,1.02626019144389,0.5373121597023646,-0.9673249506108847,-1.0215098898321122,-0.3776291981993852,-0.7653663061286808,1.0343603379420665,0.6159548130462585,-1.0028406647206758,-1.0441966906147693,-0.4114986321788519,-0.6533161109428322,1.0340431016260418,0.7008320713697834,-1.0013808363069578,-1.044217082853773,-0.40901581652282465,-0.7195394765133587,1.0940102312780218,0.6419957716608817,-1.0025844831327526,-1.0719441536157193,-0.33141878817532194,-0.9272970602303562,1.0277045976016324,0.9003979710017165,-0.9672598886203009,-1.020762557445666,-0.21008445047880395,-0.8969158822398113,0.9598608581743681,1.010895494950402,-0.928247092516644,-0.9692784190654454,-0.265843805934775,-0.9426491762888776,1.0846281456279385,0.937968906407706,-0.9670687690229616,-1.0473800141019258,0.684925001791947
-0.30441260315025775,-0.7817991969839987,0.9596266289051198,0.6773302798293691,-0.92773879571521,-0.9687152722446525,-0.3180429818114757,-0.8142258924690543,1.017752439455308,0.5879860906648031,-0.928503274104567,-0.9965338173198047,-0.3096065387804684,-0.870206891800184,1.02626019144389,0.5373121597023646,-0.9673249506108847,-1.0215098898321122,-0.3776291981993852,-0.7653663061286808,1.0343603379420665,0.6159548130462585,-1.0028406647206758,-1.0441966906147693,-0.4114986321788519,-0.6533161109428322,1.0340431016260418,0.7008320713697834,-1.0013808363069578,-1.044217082853773,-0.40901581652282465,-0.7195394765133587,1.0940102312780218,0.6419957716608817,-1.0025844831327526,-1.0719441536157193,-0.33141878817532194,-0.9272970602303562,1.0277045976016324,0.9003979710017165,-0.9672598886203009,-1.020762557445666,-0.21008445047880395,-0.8969158822398113,0.9598608581743681,1.010895494950402,-0.928247092516644,-0.9692784190654454,-0.265843805934775,-0.9426491762888776,1.0846281456279385,0.937968906407706,-0.9670687690229616,-1.0473800141019258,-0.4047647143177882,-0.695079780258529,1.0935158627798056,0.9396118467457246,-1.0023933635354134,-1.0717170553950006,0.6823913974630379
-0.3180429818114757,-0.8142258924690543,1.017752439455308,0.5879860906648031,-0.928503274104567,-0.9965338173198047,-0.3096065387804684,-0.870206891800184,1.02626019144389,0.5373121597023646,-0.9673249506108847,-1.0215098898321122,-0.3776291981993852,-0.7653663061286808,1.0343603379420665,0.6159548130462585,-1.0028406647206758,-1.0441966906147693,-0.4114986321788519,-0.6533161109428322,1.0340431016260418,0.7008320713697834,-1.0013808363069578,-1.044217082853773,-0.40901581652282465,-0.7195394765133587,1.0940102312780218,0.6419957716608817,-1.0025844831327526,-1.0719441536157193,-0.33141878817532194,-0.9272970602303562,1.0277045976016324,0.9003979710017165,-0.9672598886203009,-1.020762557445666,-0.21008445047880395,-0.8969158822398113,0.9598608581743681,1.010895494950402,-0.928247092516644,-0.9692784190654454,-0.265843805934775,-0.9426491762888776,1.0846281456279385,0.937968906407706,-0.9670687690229616,-1.0473800141019258,-0.4047647143177882,-0.695079780258529,1.0935158627798056,0.9396118467457246,-1.0023933635354134,-1.0717170553950006,-0.3557721919379752,-0.9460426623834187,1.161132894673899,0.6861588393109812,-1.0412801020323148,-1.121958456633273,0.6771610233129982
-0.3096065387804684,-0.870206891800184,1.02626019144389,0.5373121597023646,-0.9673249506108847,-1.0215098898321122,-0.3776291981993852,-0.7653663061286808,1.0343603379420665,0.6159548130462585,-1.0028406647206758,-1.0441966906147693,-0.4114986321788519,-0.6533161109428322,1.0340431016260418,0.7008320713697834,-1.0013808363069578,-1.044217082853773,-0.40901581652282465,-0.7195394765133587,1.0940102312780218,0.6419957716608817,-1.0025844831327526,-1.0719441536157193,-0.33141878817532194,-0.9272970602303562,1.0277045976016324,0.9003979710017165,-0.9672598886203009,-1.020762557445666,-0.21008445047880395,-0.8969158822398113,0.9598608581743681,1.010895494950402,-0.928247092516644,-0.9692784190654454,-0.265843805934775,-0.9426491762888776,1.0846281456279385,0.937968906407706,-0.9670687690229616,-1.0473800141019258,-0.4047647143177882,-0.695079780258529,1.0935158627798056,0.9396118467457246,-1.0023933635354134,-1.0717170553950006,-0.3557721919379752,-0.9460426623834187,1.161132894673899,0.6861588393109812,-1.0412801020323148,-1.121958456633273,-0.3740932221563652,-0.850504911901879,1.159769231522697,1.0155820374419546,-1.0389297376224844,-1.1204232007129253,0.6773208509189481
-0.3776291981993852,-0.7653663061286808,1.0343603379420665,0.6159548130462585,-1.0028406647206758,-1.0441966906147693,-0.4114986321788519,-0.6533161109428322,1.0340431016260418,0.7008320713697834,-1.0013808363069578,-1.044217082853773,-0.40901581652282465,-0.7195394765133587,1.0940102312780218,0.6419957716608817,-1.0025844831327526,-1.0719441536157193,-0.33141878817532194,-0.9272970602303562,1.0277045976016324,0.9003979710017165,-0.9672598886203009,-1.020762557445666,-0.21008445047880395,-0.8969158822398113,0.9598608581743681,1.010895494950402,-0.928247092516644,-0.9692784190654454,-0.265843805934775,-0.9426491762888776,1.0846281456279385,0.937968906407706,-0.9670687690229616,-1.0473800141019258,-0.4047647143177882,-0.695079780258529,1.0935158627798056,0.9396118467457246,-1.0023933635354134,-1.0717170553950006,-0.3557721919379752,-0.9460426623834187,1.161132894673899,0.6861588393109812,-1.0412801020323148,-1.121958456633273,-0.3740932221563652,-0.850504911901879,1.159769231522697,1.0155820374419546,-1.0389297376224844,-1.1204232007129253,-0.4181801473904863,-0.6918268369459206,1.160511215353643,1.1809874811747751,-1.038104263616956,-1.1201243698991632,0.6773519606596204
-0.4114986321788519,-0.6533161109428322,1.0340431016260418,0.7008320713697834,-1.0013808363069578,-1.044217082853773,-0.40901581652282465,-0.7195394765133587,1.0940102312780218,0.6419957716608817,-1.0025844831327526,-1.0719441536157193,-0.33141878817532194,-0.9272970602303562,1.0277045976016324,0.9003979710017165,-0.9672598886203009,-1.020762557445666,-0.21008445047880395,-0.8969158822398113,0.9598608581743681,1.010895494950402,-0.928247092516644,-0.9692784190654454,-0.265843805934775,-0.9426491762888776,1.0846281456279385,0.937968906407706,-0.9670687690229616,-1.0473800141019258,-0.4047647143177882,-0.695079780258529,1.0935158627798056,0.9396118467457246,-1.0023933635354134,-1.0717170553950006,-0.3557721919379752,-0.9460426623834187,1.161132894673899,0.6861588393109812,-1.0412801020323148,-1.121958456633273,-0.3740932221563652,-0.850504911901879,1.159769231522697,1.0155820374419546,-1.0389297376224844,-1.1204232007129253,-0.4181801473904863,-0.6918268369459206,1.160511215353643,1.1809874811747751,-1.038104263616956,-1.1201243698991632,-0.44822563884904737,-0.684892685591865,1.1707677059537287,1.0347832012043343,-1.0757182269230665,-1.1460065607238077,0.674657498751729
-0.40901581652282465,-0.7195394765133587,1.0940102312780218,0.6419957716608817,-1.0025844831327526,-1.0719441536157193,-0.33141878817532194,-0.9272970602303562,1.0277045976016324,0.9003979710017165,-0.9672598886203009,-1.020762557445666,-0.21008445047880395,-0.8969158822398113,0.9598608581743681,1.010895494950402,-0.928247092516644,-0.9692784190654454,-0.265843805934775,-0.9426491762888776,1.0846281456279385,0.937968906407706,-0.9670687690229616,-1.0473800141019258,-0.4047647143177882,-0.695079780258529,1.0935158627798056,0.9396118467457246,-1.0023933635354134,-1.0717170553950006,-0.3557721919379752,-0.9460426623834187,1.161132894673899,0.6861588393109812,-1.0412801020323148,-1.121958456633273,-0.3740932221563652,-0.850504911901879,1.159769231522697,1.0155820374419546,-1.0389297376224844,-1.1204232007129253,-0.4181801473904863,-0.6918268369459206,1.160511215353643,1.1809874811747751,-1.038104263616956,-1.1201243698991632,-0.44822563884904737,-0.684892685591865,1.1707677059537287,1.0347832012043343,-1.0757182269230665,-1.1460065607238077,-0.5114203993531911,-0.6068547403059836,1.1789026153792033,0.8553662473430155,-1.1159387362269306,-1.1706250252250558,0.6720945968985277
-0.33141878817532194,-0.9272970602303562,1.0277045976016324,0.9003979710017165,-0.9672598886203009,-1.020762557445666,-0.21008445047880395,-0.8969158822398113,0.9598608581743681,1.010895494950402,-0.928247092516644,-0.9692784190654454,-0.265843805934775,-0.9426491762888776,1.0846281456279385,0.937968906407706,-0.9670687690229616,-1.0473800141019258,-0.4047647143177882,-0.695079780258529,1.0935158627798056,0.9396118467457246,-1.0023933635354134,-1.0717170553950006,-0.3557721919379752,-0.9460426623834187,1.161132894673899,0.6861588393109812,-1.0412801020323148,-1.121958456633273,-0.3740932221563652,-0.850504911901879,1.159769231522697,1.0155820374419546,-1.0389297376224844,-1.1204232007129253,-0.4181801473904863,-0.6918268369459206,1.160511215353643,1.1809874811747751,-1.038104263616956,-1.1201243698991632,-0.44822563884904737,-0.684892685591865,1.1707677059537287,1.0347832012043343,-1.0757182269230665,-1.1460065607238077,-0.5114203993531911,-0.6068547403059836,1.1789026153792033,0.8553662473430155,-1.1159387362269306,-1.1706250252250558,-0.5259953415476406,-0.6571272355984109,1.235659329338064,0.7947754539486069,-1.1137754250400271,-1.1955893478331747,0.6694956895347878
-0.21008445047880395,-0.8969158822398113,0.9598608581743681,1.010895494950402,-0.928247092516644,-0.9692784190654454,-0.265843805934775,-0.9426491762888776,1.0846281456279385,0.937968906407706,-0.9670687690229616,-1.0473800141019258,-0.4047647143177882,-0.695079780258529,1.0935158627798056,0.9396118467457246,-1.0023933635354134,-1.0717170553950006,-0.3557721919379752,-0.9460426623834187,1.161132894673899,0.6861588393109812,-1.0412801020323148,-1.121958456633273,-0.3740932221563652,-0.850504911901879,1.159769231522697,1.0155820374419546,-1.0389297376224844,-1.1204232007129253,-0.4181801473904863,-0.6918268369459206,1.160511215353643,1.1809874811747751,-1.038104263616956,-1.1201243698991632,-0.44822563884904737,-0.684892685591865,1.1707677059537287,1.0347832012043343,-1.0757182269230665,-1.1460065607238077,-0.5114203993531911,-0.6068547403059836,1.1789026153792033,0.8553662473430155,-1.1159387362269306,-1.1706250252250558,-0.5259953415476406,-0.6571272355984109,1.235659329338064,0.7947754539486069,-1.1137754250400271,-1.1955893478331747,-0.5101910001845893,-0.6593801472611868,1.2355336606310239,1.0460309130930465,-1.1139014826467826,-1.195958475880091,0.6694572615103486
-0.265843805934775,-0.9426491762888776,1.0846281456279385,0.937968906407706,-0.9670687690229616,-1.0473800141019258,-0.4047647143177882,-0.695079780258529,1.0935158627798056,0.9396118467457246,-1.0023933635354134,-1.0717170553950006,-0.3557721919379752,-0.9460426623834187,1.161132894673899,0.6861588393109812,-1.0412801020323148,-1.121958456633273,-0.3740932221563652,-0.850504911901879,1.159769231522697,1.0155820374419546,-1.0389297376224844,-1.1204232007129253,-0.4181801473904863,-0.6918268369459206,1.160511215353643,1.1809874811747751,-1.038104263616956,-1.1201243698991632,-0.44822563884904737,-0.684892685591865,1.1707677059537287,1.0347832012043343,-1.0757182269230665,-1.1460065607238077,-0.5114203993531911,-0.6068547403059836,1.1789026153792033,0.8553662473430155,-1.1159387362269306,-1.1706250252250558,-0.5259953415476406,-0.6571272355984109,1.235659329338064,0.7947754539486069,-1.1137754250400271,-1.1955893478331747,-0.5101910001845893,-0.6593801472611868,1.2355336606310239,1.0460309130930465,-1.1139014826467826,-1.195958475880091,-0.47005987780076364,-0.7763471392145914,1.246891864130748,0.9928312908162443,-1.1470708987211555,-1.2195301273056882,0.6670033379880828
-0.4047647143177882,-0.695079780258529,1.0935158627798056,0.9396118467457246,-1.0023933635354134,-1.0717170553950006,-0.3557721919379752,-0.9460426623834187,1.161132894673899,0.6861588393109812,-1.0412801020323148,-1.121958456633273,-0.3740932221563652,-0.850504911901879,1.159769231522697,1.0155820374419546,-1.0389297376224844,-1.1204232007129253,-0.4181801473904863,-0.6918268369459206,1.160511215353643,1.1809874811747751,-1.038104263616956,-1.1201243698991632,-0.44822563884904737,-0.684892685591865,1.1707677059537287,1.0347832012043343,-1.0757182269230665,-1.1460065607238077,-0.5114203993531911,-0.6068547403059836,1.1789026153792033,0.8553662473430155,-1.1159387362269306,-1.1706250252250558,-0.5259953415476406,-0.6571272355984109,1.235659329338064,0.7947754539486069,-1.1137754250400271,-1.1955893478331747,-0.5101910001845893,-0.6593801472611868,1.2355336606310239,1.0460309130930465,-1.1139014826467826,-1.195958475880091,-0.47005987780076364,-0.7763471392145914,1.246891864130748,0.9928312908162443,-1.1470708987211555,-1.2195301273056882,-0.5328499259049826,-0.6977634245013248,1.3077162300435152,0.8398212384770801,-1.1473840095508379,-1.2452841840712778,0.6643222154587457
-0.3557721919379752,-0.9460426623834187,1.161132894673899,0.6861588393109812,-1.0412801020323148,-1.121958456633273,-0.3740932221563652,-0.850504911901879,1.159769231522697,1.0155820374419546,-1.0389297376224844,-1.1204232007129253,-0.4181801473904863,-0.6918268369459206,1.160511215353643,1.1809874811747751,-1.038104263616956,-1.1201243698991632,-0.44822563884904737,-0.684892685591865,1.1707677059537287,1.0347832012043343,-1.0757182269230665,-1.1460065607238077,-0.5114203993531911,-0.6068547403059836,1.1789026153792033,0.8553662473430155,-1.1159387362269306,-1.1706250252250558,-0.5259953415476406,-0.6571272355984109,1.235659329338064,0.7947754539486069,-1.1137754250400271,-1.1955893478331747,-0.5101910001845893,-0.6593801472611868,1.2355336606310239,1.0460309130930465,-1.1139014826467826,-1.195958475880091,-0.47005987780076364,-0.7763471392145914,1.246891864130748,0.9928312908162443,-1.1470708987211555,-1.2195301273056882,-0.5328499259049826,-0.6977634245013248,1.3077162300435152,0.8398212384770801,-1.1473840095508379,-1.2452841840712778,-0.5508609970271917,-0.7396552760765235,1.315531045500059,0.6815380659900325,-1.1881778776467198,-1.271572733793771,0.661585449613811
-0.3740932221563652,-0.850504911901879,1.159769231522697,1.0155820374419546,-1.0389297376224844,-1.1204232007129253,-0.4181801473904863,-0.6918268369459206,1.160511215353643,1.1809874811747751,-1.038104263616956,-1.1201243698991632,-0.44822563884904737,-0.684892685591865,1.1707677059537287,1.0347832012043343,-1.0757182269230665,-1.1460065607238077,-0.5114203993531911,-0.6068547403059836,1.1789026153792033,0.8553662473430155,-1.1159387362269306,-1.1706250252250558,-0.5259953415476406,-0.6571272355984109,1.235659329338064,0.7947754539486069,-1.1137754250400271,-1.1955893478331747,-0.5101910001845893,-0.6593801472611868,1.2355336606310239,1.0460309130930465,-1.1139014826467826,-1.195958475880091,-0.47005987780076364,-0.7763471392145914,1.246891864130748,0.9928312908162443,-1.1470708987211555,-1.2195301273056882,-0.5328499259049826,-0.6977634245013248,1.3077162300435152,0.8398212384770801,-1.1473840095508379,-1.2452841840712778,-0.5508609970271917,-0.7396552760765235,1.315531045500059,0.6815380659900325,-1.1881778776467198,-1.271572733793771,-0.5264013794656653,-0.8513770305029509,1.3731923454694985,0.62515390623564,-1.188368997244059,-1.2955953408070007,0.6590845794222598
-0.4181801473904863,-0.6918268369459206,1.160511215353643,1.1809874811747751,-1.038104263616956,-1.1201243698991632,-0.44822563884904737,-0.684892685591865,1.1707677059537287,1.0347832012043343,-1.0757182269230665,-1.1460065607238077,-0.5114203993531911,-0.6068547403059836,1.1789026153792033,0.8553662473430155,-1.1159387362269306,-1.1706250252250558,-0.5259953415476406,-0.6571272355984109,1.235659329338064,0.7947754539486069,-1.1137754250400271,-1.1955893478331747,-0.5101910001845893,-0.6593801472611868,1.2355336606310239,1.0460309130930465,-1.1139014826467826,-1.195958475880091,-0.47005987780076364,-0.7763471392145914,1.246891864130748,0.9928312908162443,-1.1470708987211555,-1.2195301273056882,-0.5328499259049826,-0.6977634245013248,1.3077162300435152,0.8398212384770801,-1.1473840095508379,-1.2452841840712778,-0.5508609970271917,-0.7396552760765235,1.315531045500059,0.6815380659900325,-1.1881778776467198,-1.271572733793771,-0.5264013794656653,-0.8513770305029509,1.3731923454694985,0.62515390623564,-1.188368997244059,-1.2955953408070007,-0.5028017416325626,-0.8656812078097862,1.3713165791679176,0.9201086898288438,-1.1833510912203036,-1.2941675265177377,0.6592332218320167
-0.44822563884904737,-0.684892685591865,1.1707677059537287,1.0347832012043343,-1.0757182269230665,-1.1460065607238077,-0.5114203993531911,-0.6068547403059836,1.1789026153792033,0.8553662473430155,-1.1159387362269306,-1.1706250252250558,-0.5259953415476406,-0.6571272355984109,1.235659329338064,0.7947754539486069,-1.1137754250400271,-1.1955893478331747,-0.5101910001845893,-0.6593801472611868,1.2355336606310239,1.0460309130930465,-1.1139014826467826,-1.195958475880091,-0.47005987780076364,-0.7763471392145914,1.246891864130748,0.9928312908162443,-1.1470708987211555,-1.2195301273056882,-0.5328499259049826,-0.6977634245013248,1.3077162300435152,0.8398212384770801,-1.1473840095508379,-1.2452841840712778,-0.5508609970271917,-0.7396552760765235,1.315531045500059,0.6815380659900325,-1.1881778776467198,-1.271572733793771,-0.5264013794656653,-0.8513770305029509,1.3731923454694985,0.62515390623564,-1.188368997244059,-1.2955953408070007,-0.5028017416325626,-0.8656812078097862,1.3713165791679176,0.9201086898288438,-1.1833510912203036,-1.2941675265177377,-0.5750974540649942,-0.6848337356178855,1.3234564404683937,0.9226544108998479,-1.2247752473499625,-1.2950003577503686,0.659146520051351
-0.5114203993531911,-0.6068547403059836,1.1789026153792033,0.8553662473430155,-1.1159387362269306,-1.1706250252250558,-0.5259953415476406,-0.6571272355984109,1.235659329338064,0.7947754539486069,-1.1137754250400271,-1.1955893478331747,-0.5101910001845893,-0.6593801472611868,1.2355336606310239,1.0460309130930465,-1.1139014826467826,-1.195958475880091,-0.47005987780076364,-0.7763471392145914,1.246891864130748,0.9928312908162443,-1.1470708987211555,-1.2195301273056882,-0.5328499259049826,-0.6977634245013248,1.3077162300435152,0.8398212384770801,-1.1473840095508379,-1.2452841840712778,-0.5508609970271917,-0.7396552760765235,1.315531045500059,0.6815380659900325,-1.1881778776467198,-1.271572733793771,-0.5264013794656653,-0.8513770305029509,1.3731923454694985,0.62515390623564,-1.188368997244059,-1.2955953408070007,-0.5028017416325626,-0.8656812078097862,1.3713165791679176,0.9201086898288438,-1.1833510912203036,-1.2941675265177377,-0.5750974540649942,-0.6848337356178855,1.3234564404683937,0.9226544108998479,-1.2247752473499625,-1.2950003577503686,-0.6266606930805505,-0.9288770903682002,1.3127174054150244,0.5152753951656494,-1.1843676848231715,-1.2682034242237357,0.661936211122134
-0.5259953415476406,-0.6571272355984109,1.235659329338064,0.7947754539486069,-1.1137754250400271,-1.1955893478331747,-0.5101910001845893,-0.6593801472611868,1.2355336606310239,1.0460309130930465,-1.1139014826467826,-1.195958475880091,-0.47005987780076364,-0.7763471392145914,1.246891864130748,0.9928312908162443,-1.1470708987211555,-1.2195301273056882,-0.5328499259049826,-0.6977634245013248,1.3077162300435152,0.8398212384770801,-1.1473840095508379,-1.2452841840712778,-0.5508609970271917,-0.7396552760765235,1.315531045500059,0.6815380659900325,-1.1881778776467198,-1.271572733793771,-0.5264013794656653,-0.8513770305029509,1.3731923454694985,0.62515390623564,-1.188368997244059,-1.2955953408070007,-0.5028017416325626,-0.8656812078097862,1.3713165791679176,0.9201086898288438,-1.1833510912203036,-1.2941675265177377,-0.5750974540649942,-0.6848337356178855,1.3234564404683937,0.9226544108998479,-1.2247752473499625,-1.2950003577503686,-0.6266606930805505,-0.9288770903682002,1.3127174054150244,0.5152753951656494,-1.1843676848231715,-1.2682034242237357,-0.44495994225984675,-0.6259168949276623,1.0512171978412215,0.8402426214057248,-1.077495232540879,-1.0941037056167966,0.6800608383277392
-0.5101910001845893,-0.6593801472611868,1.2355336606310239,1.0460309130930465,-1.1139014826467826,-1.195958475880091,-0.47005987780076364,-0.7763471392145914,1.246891864130748,0.9928312908162443,-1.1470708987211555,-1.2195301273056882,-0.5328499259049826,-0.6977634245013248,1.3077162300435152,0.8398212384770801,-1.1473840095508379,-1.2452841840712778,-0.5508609970271917,-0.7396552760765235,1.315531045500059,0.6815380659900325,-1.1881778776467198,-1.271572733793771,-0.5264013794656653,-0.8513770305029509,1.3731923454694985,0.62515390623564,-1.188368997244059,-1.2955953408070007,-0.5028017416325626,-0.8656812078097862,1.3713165791679176,0.9201086898288438,-1.1833510912203036,-1.2941675265177377,-0.5750974540649942,-0.6848337356178855,1.3234564404683937,0.9226544108998479,-1.2247752473499625,-1.2950003577503686,-0.6266606930805505,-0.9288770903682002,1.3127174054150244,0.5152753951656494,-1.1843676848231715,-1.2682034242237357,-0.44495994225984675,-0.6259168949276623,1.0512171978412215,0.8402426214057248,-1.077495232540879,-1.0941037056167966,-0.4618307590042953,-0.8467660802283874,1.1851487975893327,0.8398295187253579,-1.1513283927299662,-1.192999133917938,0.6697653433973677
-0.47005987780076364,-0.7763471392145914,1.246891864130748,0.9928312908162443,-1.1470708987211555,-1.2195301273056882,-0.5328499259049826,-0.6977634245013248,1.3077162300435152,0.8398212384770801,-1.1473840095508379,-1.2452841840712778,-0.5508609970271917,-0.7396552760765235,1.315531045500059,0.6815380659900325,-1.1881778776467198,-1.271572733793771,-0.5264013794656653,-0.8513770305029509,1.3731923454694985,0.62515390623564,-1.188368997244059,-1.2955953408070007,-0.5028017416325626,-0.8656812078097862,1.3713165791679176,0.9201086898288438,-1.1833510912203036,-1.2941675265177377,-0.5750974540649942,-0.6848337356178855,1.3234564404683937,0.9226544108998479,-1.2247752473499625,-1.2950003577503686,-0.6266606930805505,-0.9288770903682002,1.3127174054150244,0.5152753951656494,-1.1843676848231715,-1.2682034242237357,-0.44495994225984675,-0.6259168949276623,1.0512171978412215,0.8402426214057248,-1.077495232540879,-1.0941037056167966,-0.4618307590042953,-0.8467660802283874,1.1851487975893327,0.8398295187253579,-1.1513283927299662,-1.192999133917938,-0.46347478217673727,-0.9345487712952357,1.2554947282250573,0.6896094274308728,-1.1855713316489662,-1.2434388063115362,0.6645143282560348
-0.5328499259049826,-0.6977634245013248,1.3077162300435152,0.8398212384770801,-1.1473840095508379,-1.2452841840712778,-0.5508609970271917,-0.7396552760765235,1.315531045500059,0.6815380659900325,-1.1881778776467198,-1.271572733793771,-0.5264013794656653,-0.8513770305029509,1.3731923454694985,0.62515390623564,-1.188368997244059,-1.2955953408070007,-0.5028017416325626,-0.8656812078097862,1.3713165791679176,0.9201086898288438,-1.1833510912203036,-1.2941675265177377,-0.5750974540649942,-0.6848337356178855,1.3234564404683937,0.9226544108998479,-1.2247752473499625,-1.2950003577503686,-0.6266606930805505,-0.9288770903682002,1.3127174054150244,0.5152753951656494,-1.1843676848231715,-1.2682034242237357,-0.44495994225984675,-0.6259168949276623,1.0512171978412215,0.8402426214057248,-1.077495232540879,-1.0941037056167966,-0.4618307590042953,-0.8467660802283874,1.1851487975893327,0.8398295187253579,-1.1513283927299662,-1.192999133917938,-0.46347478217673727,-0.9345487712952357,1.2554947282250573,0.6896094274308728,-1.1855713316489662,-1.2434388063115362,-0.48624885536025053,-0.9061634133208059,1.3151256134917646,0.6765493752046886,-1.1848109196340215,-1.2691558040659483,0.6618370637499478
-0.5508609970271917,-0.7396552760765235,1.315531045500059,0.6815380659900325,-1.1881778776467198,-1.271572733793771,-0.5264013794656653,-0.8513770305029509,1.3731923454694985,0.62515390623564,-1.188368997244059,-1.2955953408070007,-0.5028017416325626,-0.8656812078097862,1.3713165791679176,0.9201086898288438,-1.1833510912203036,-1.2941675265177377,-0.5750974540649942,-0.6848337356178855,1.3234564404683937,0.9226544108998479,-1.2247752473499625,-1.2950003577503686,-0.6266606930805505,-0.9288770903682002,1.3127174054150244,0.5152753951656494,-1.1843676848231715,-1.2682034242237357,-0.44495994225984675,-0.6259168949276623,1.0512171978412215,0.8402426214057248,-1.077495232540879,-1.0941037056167966,-0.4618307590042953,-0.8467660802283874,1.1851487975893327,0.8398295187253579,-1.1513283927299662,-1.192999133917938,-0.46347478217673727,-0.9345487712952357,1.2554947282250573,0.6896094274308728,-1.1855713316489662,-1.2434388063115362,-0.48624885536025053,-0.9061634133208059,1.3151256134917646,0.6765493752046886,-1.1848109196340215,-1.2691558040659483,-0.5325880900738176,-0.8497948984686133,1.324614672975834,0.676440085235016,-1.2186146901165837,-1.293363274507773,0.6593169483766465
-0.5264013794656653,-0.8513770305029509,1.3731923454694985,0.62515390623564,-1.188368997244059,-1.2955953408070007,-0.5028017416325626,-0.8656812078097862,1.3713165791679176,0.9201086898288438,-1.1833510912203036,-1.2941675265177377,-0.5750974540649942,-0.6848337356178855,1.3234564404683937,0.9226544108998479,-1.2247752473499625,-1.2950003577503686,-0.6266606930805505,-0.9288770903682002,1.3127174054150244,0.5152753951656494,-1.1843676848231715,-1.2682034242237357,-0.44495994225984675,-0.6259168949276623,1.0512171978412215,0.8402426214057248,-1.077495232540879,-1.0941037056167966,-0.4618307590042953,-0.8467660802283874,1.1851487975893327,0.8398295187253579,-1.1513283927299662,-1.192999133917938,-0.46347478217673727,-0.9345487712952357,1.2554947282250573,0.6896094274308728,-1.1855713316489662,-1.2434388063115362,-0.48624885536025053,-0.9061634133208059,1.3151256134917646,0.6765493752046886,-1.1848109196340215,-1.2691558040659483,-0.5325880900738176,-0.8497948984686133,1.324614672975834,0.676440085235016,-1.2186146901165837,-1.293363274507773,-0.5202082487573672,-0.9198749521164418,1.3826052202987043,0.6541638765958061,-1.2195011597382839,-1.3181400453252825,0.6567375660662136
-0.5028017416325626,-0.8656812078097862,1.3713165791679176,0.9201086898288438,-1.1833510912203036,-1.2941675265177377,-0.5750974540649942,-0.6848337356178855,1.3234564404683937,0.9226544108998479,-1.2247752473499625,-1.2950003577503686,-0.6266606930805505,-0.9288770903682002,1.3127174054150244,0.5152753951656494,-1.1843676848231715,-1.2682034242237357,-0.44495994225984675,-0.6259168949276623,1.0512171978412215,0.8402426214057248,-1.077495232540879,-1.0941037056167966,-0.4618307590042953,-0.8467660802283874,1.1851487975893327,0.8398295187253579,-1.1513283927299662,-1.192999133917938,-0.46347478217673727,-0.9345487712952357,1.2554947282250573,0.6896094274308728,-1.1855713316489662,-1.2434388063115362,-0.48624885536025053,-0.9061634133208059,1.3151256134917646,0.6765493752046886,-1.1848109196340215,-1.2691558040659483,-0.5325880900738176,-0.8497948984686133,1.324614672975834,0.676440085235016,-1.2186146901165837,-1.293363274507773,-0.5202082487573672,-0.9198749521164418,1.3826052202987043,0.6541638765958061,-1.2195011597382839,-1.3181400453252825,-0.5854031384594839,-0.7506048045706608,1.3346869297033332,0.7189823125831595,-1.260929382242355,-1.319451553176944,0.6566010317221102
-0.5750974540649942,-0.6848337356178855,1.3234564404683937,0.9226544108998479,-1.2247752473499625,-1.2950003577503686,-0.6266606930805505,-0.9288770903682002,1.3127174054150244,0.5152753951656494,-1.1843676848231715,-1.2682034242237357,-0.44495994225984675,-0.6259168949276623,1.0512171978412215,0.8402426214057248,-1.077495232540879,-1.0941037056167966,-0.4618307590042953,-0.8467660802283874,1.1851487975893327,0.8398295187253579,-1.1513283927299662,-1.192999133917938,-0.46347478217673727,-0.9345487712952357,1.2554947282250573,0.6896094274308728,-1.1855713316489662,-1.2434388063115362,-0.48624885536025053,-0.9061634133208059,1.3151256134917646,0.6765493752046886,-1.1848109196340215,-1.2691558040659483,-0.5325880900738176,-0.8497948984686133,1.324614672975834,0.676440085235016,-1.2186146901165837,-1.293363274507773,-0.5202082487573672,-0.9198749521164418,1.3826052202987043,0.6541638765958061,-1.2195011597382839,-1.3181400453252825,-0.5854031384594839,-0.7506048045706608,1.3346869297033332,0.7189823125831595,-1.260929382242355,-1.319451553176944,-0.5775422894127932,-0.8195993143591448,1.39280419850497,0.6685598568593087,-1.260351957075925,-1.3454160885417392,0.6538979973472177
-0.6266606930805505,-0.9288770903682002,1.3127174054150244,0.5152753951656494,-1.1843676848231715,-1.2682034242237357,-0.44495994225984675,-0.6259168949276623,1.0512171978412215,0.8402426214057248,-1.077495232540879,-1.0941037056167966,-0.4618307590042953,-0.8467660802283874,1.1851487975893327,0.8398295187253579,-1.1513283927299662,-1.192999133917938,-0.46347478217673727,-0.9345487712952357,1.2554947282250573,0.6896094274308728,-1.1855713316489662,-1.2434388063115362,-0.48624885536025053,-0.9061634133208059,1.3151256134917646,0.6765493752046886,-1.1848109196340215,-1.2691558040659483,-0.5325880900738176,-0.8497948984686133,1.324614672975834,0.676440085235016,-1.2186146901165837,-1.293363274507773,-0.5202082487573672,-0.9198749521164418,1.3826052202987043,0.6541638765958061,-1.2195011597382839,-1.3181400453252825,-0.5854031384594839,-0.7506048045706608,1.3346869297033332,0.7189823125831595,-1.260929382242355,-1.319451553176944,-0.5775422894127932,-0.8195993143591448,1.39280419850497,0.6685598568593087,-1.260351957075925,-1.3454160885417392,-0.5628899386485685,-0.9018166857246064,1.4012814342910895,0.6470675196658733,-1.2965711539589015,-1.3682924266663974,0.6515164593202959
-0.44495994225984675,-0.6259168949276623,1.0512171978412215,0.8402426214057248,-1.077495232540879,-1.0941037056167966,-0.4618307590042953,-0.8467660802283874,1.1851487975893327,0.8398295187253579,-1.1513283927299662,-1.192999133917938,-0.46347478217673727,-0.9345487712952357,1.2554947282250573,0.6896094274308728,-1.1855713316489662,-1.2434388063115362,-0.48624885536025053,-0.9061634133208059,1.3151256134917646,0.6765493752046886,-1.1848109196340215,-1.2691558040659483,-0.5325880900738176,-0.8497948984686133,1.324614672975834,0.676440085235016,-1.2186146901165837,-1.293363274507773,-0.5202082487573672,-0.9198749521164418,1.3826052202987043,0.6541638765958061,-1.2195011597382839,-1.3181400453252825,-0.5854031384594839,-0.7506048045706608,1.3346869297033332,0.7189823125831595,-1.260929382242355,-1.319451553176944,-0.5775422894127932,-0.8195993143591448,1.39280419850497,0.6685598568593087,-1.260351957075925,-1.3454160885417392,-0.5628899386485685,-0.9018166857246064,1.4012814342910895,0.6470675196658733,-1.2965711539589015,-1.3682924266663974,-0.6150876969788656,-0.7630946771358081,1.4025852250903215,0.7560558711632033,-1.2932651915623747,-1.3667342032725331,0.6516786779519101
-0.4618307590042953,-0.8467660802283874,1.1851487975893327,0.8398295187253579,-1.1513283927299662,-1.192999133917938,-0.46347478217673727,-0.9345487712952357,1.2554947282250573,0.6896094274308728,-1.1855713316489662,-1.2434388063115362,-0.48624885536025053,-0.9061634133208059,1.3151256134917646,0.6765493752046886,-1.1848109196340215,-1.2691558040659483,-0.5325880900738176,-0.8497948984686133,1.324614672975834,0.676440085235016,-1.2186146901165837,-1.293363274507773,-0.5202082487573672,-0.9198749521164418,1.3826052202987043,0.6541638765958061,-1.2195011597382839,-1.3181400453252825,-0.5854031384594839,-0.7506048045706608,1.3346869297033332,0.7189823125831595,-1.260929382242355,-1.319451553176944,-0.5775422894127932,-0.8195993143591448,1.39280419850497,0.6685598568593087,-1.260351957075925,-1.3454160885417392,-0.5628899386485685,-0.9018166857246064,1.4012814342910895,0.6470675196658733,-1.2965711539589015,-1.3682924266663974,-0.6150876969788656,-0.7630946771358081,1.4025852250903215,0.7560558711632033,-1.2932651915623747,-1.3667342032725331,-0.6790523661519262,-0.5983608310194662,1.353476725735923,0.8640912971651025,-1.3301187428535406,-1.366481150914282,0.6517050219327821
-0.46347478217673727,-0.9345487712952357,1.2554947282250573,0.6896094274308728,-1.1855713316489662,-1.2434388063115362,-0.48624885536025053,-0.9061634133208059,1.3151256134917646,0.6765493752046886,-1.1848109196340215,-1.2691558040659483,-0.5325880900738176,-0.8497948984686133,1.324614672975834,0.676440085235016,-1.2186146901165837,-1.293363274507773,-0.5202082487573672,-0.9198749521164418,1.3826052202987043,0.6541638765958061,-1.2195011597382839,-1.3181400453252825,-0.5854031384594839,-0.7506048045706608,1.3346869297033332,0.7189823125831595,-1.260929382242355,-1.319451553176944,-0.5775422894127932,-0.8195993143591448,1.39280419850497,0.6685598568593087,-1.260351957075925,-1.3454160885417392,-0.5628899386485685,-0.9018166857246064,1.4012814342910895,0.6470675196658733,-1.2965711539589015,-1.3682924266663974,-0.6150876969788656,-0.7630946771358081,1.4025852250903215,0.7560558711632033,-1.2932651915623747,-1.3667342032725331,-0.6790523661519262,-0.5983608310194662,1.353476725735923,0.8640912971651025,-1.3301187428535406,-1.366481150914282,-0.6199572359521665,-0.7789660585867386,1.4132385566082362,0.8217249603931127,-1.3333596432594834,-1.3930071128243733,0.6489435403247853
-0.48624885536025053,-0.9061634133208059,1.3151256134917646,0.6765493752046886,-1.1848109196340215,-1.2691558040659483,-0.5325880900738176,-0.8497948984686133,1.324614672975834,0.676440085235016,-1.2186146901165837,-1.293363274507773,-0.5202082487573672,-0.9198749521164418,1.3826052202987043,0.6541638765958061,-1.2195011597382839,-1.3181400453252825,-0.5854031384594839,-0.7506048045706608,1.3346869297033332,0.7189823125831595,-1.260929382242355,-1.319451553176944,-0.5775422894127932,-0.8195993143591448,1.39280419850497,0.6685598568593087,-1.260351957075925,-1.3454160885417392,-0.5628899386485685,-0.9018166857246064,1.4012814342910895,0.6470675196658733,-1.2965711539589015,-1.3682924266663974,-0.6150876969788656,-0.7630946771358081,1.4025852250903215,0.7560558711632033,-1.2932651915623747,-1.3667342032725331,-0.6790523661519262,-0.5983608310194662,1.353476725735923,0.8640912971651025,-1.3301187428535406,-1.366481150914282,-0.6199572359521665,-0.7789660585867386,1.4132385566082362,0.8217249603931127,-1.3333596432594834,-1.3930071128243733,-0.6956135290329581,-0.6008606064138179,1.4107015030077694,0.8532863613226892,-1.3317086952484263,-1.3921117413764272,0.6490367528459451
-0.5325880900738176,-0.8497948984686133,1.324614672975834,0.676440085235016,-1.2186146901165837,-1.293363274507773,-0.5202082487573672,-0.9198749521164418,1.3826052202987043,0.6541638765958061,-1.2195011597382839,-1.3181400453252825,-0.5854031384594839,-0.7506048045706608,1.3346869297033332,0.7189823125831595,-1.260929382242355,-1.319451553176944,-0.5775422894127932,-0.8195993143591448,1.39280419850497,0.6685598568593087,-1.260351957075925,-1.3454160885417392,-0.5628899386485685,-0.9018166857246064,1.4012814342910895,0.6470675196658733,-1.2965711539589015,-1.3682924266663974,-0.6150876969788656,-0.7630946771358081,1.4025852250903215,0.7560558711632033,-1.2932651915623747,-1.3667342032725331,-0.6790523661519262,-0.5983608310194662,1.353476725735923,0.8640912971651025,-1.3301187428535406,-1.366481150914282,-0.6199572359521665,-0.7789660585867386,1.4132385566082362,0.8217249603931127,-1.3333596432594834,-1.3930071128243733,-0.6956135290329581,-0.6008606064138179,1.4107015030077694,0.8532863613226892,-1.3317086952484263,-1.3921117413764272,-0.6475550832908455,-0.7403915245808107,1.4185164257171203,0.7870193285634987,-1.366846236537951,-1.414252358791046,0.6467318069221215
-0.5202082487573672,-0.9198749521164418,1.3826052202987043,0.6541638765958061,-1.2195011597382839,-1.3181400453252825,-0.5854031384594839,-0.7506048045706608,1.3346869297033332,0.7189823125831595,-1.260929382242355,-1.319451553176944,-0.5775422894127932,-0.8195993143591448,1.39280419850497,0.6685598568593087,-1.260351957075925,-1.3454160885417392,-0.5628899386485685,-0.9018166857246064,1.4012814342910895,0.6470675196658733,-1.2965711539589015,-1.3682924266663974,-0.6150876969788656,-0.7630946771358081,1.4025852250903215,0.7560558711632033,-1.2932651915623747,-1.3667342032725331,-0.6790523661519262,-0.5983608310194662,1.353476725735923,0.8640912971651025,-1.3301187428535406,-1.366481150914282,-0.6199572359521665,-0.7789660585867386,1.4132385566082362,0.8217249603931127,-1.3333596432594834,-1.3930071128243733,-0.6956135290329581,-0.6008606064138179,1.4107015030077694,0.8532863613226892,-1.3317086952484263,-1.3921117413764272,-0.6475550832908455,-0.7403915245808107,1.4185164257171203,0.7870193285634987,-1.366846236537951,-1.414252358791046,-0.6072596837942276,-0.8685794408884848,1.481152730397828,0.7859040277956464,-1.366846236537951,-1.4404769803526947,0.644001696309559
-0.5854031384594839,-0.7506048045706608,1.3346869297033332,0.7189823125831595,-1.260929382242355,-1.319451553176944,-0.5775422894127932,-0.8195993143591448,1.39280419850497,0.6685598568593087,-1.260351957075925,-1.3454160885417392,-0.5628899386485685,-0.9018166857246064,1.4012814342910895,0.6470675196658733,-1.2965711539589015,-1.3682924266663974,-0.6150876969788656,-0.7630946771358081,1.4025852250903215,0.7560558711632033,-1.2932651915623747,-1.3667342032725331,-0.6790523661519262,-0.5983608310194662,1.353476725735923,0.8640912971651025,-1.3301187428535406,-1.366481150914282,-0.6199572359521665,-0.7789660585867386,1.4132385566082362,0.8217249603931127,-1.3333596432594834,-1.3930071128243733,-0.6956135290329581,-0.6008606064138179,1.4107015030077694,0.8532863613226892,-1.3317086952484263,-1.3921117413764272,-0.6475550832908455,-0.7403915245808107,1.4185164257171203,0.7870193285634987,-1.366846236537951,-1.414252358791046,-0.6072596837942276,-0.8685794408884848,1.481152730397828,0.7859040277956464,-1.366846236537951,-1.4404769803526947,-0.6407857551534343,-0.7893598224118028,1.480943137001298,0.8546448835582786,-1.3705263053803316,-1.4431227284465413,0.6437262610689704
-0.5775422894127932,-0.8195993143591448,1.39280419850497,0.6685598568593087,-1.260351957075925,-1.3454160885417392,-0.5628899386485685,-0.9018166857246064,1.4012814342910895,0.6470675196658733,-1.2965711539589015,-1.3682924266663974,-0.6150876969788656,-0.7630946771358081,1.4025852250903215,0.7560558711632033,-1.2932651915623747,-1.3667342032725331,-0.6790523661519262,-0.5983608310194662,1.353476725735923,0.8640912971651025,-1.3301187428535406,-1.366481150914282,-0.6199572359521665,-0.7789660585867386,1.4132385566082362,0.8217249603931127,-1.3333596432594834,-1.3930071128243733,-0.6956135290329581,-0.6008606064138179,1.4107015030077694,0.8532863613226892,-1.3317086952484263,-1.3921117413764272,-0.6475550832908455,-0.7403915245808107,1.4185164257171203,0.7870193285634987,-1.366846236537951,-1.414252358791046,-0.6072596837942276,-0.8685794408884848,1.481152730397828,0.7859040277956464,-1.366846236537951,-1.4404769803526947,-0.6407857551534343,-0.7893598224118028,1.480943137001298,0.8546448835582786,-1.3705263053803316,-1.4431227284465413,-0.5568253911632352,-0.936195226154949,1.290330223871696,0.840525529781685,-1.3317696908645977,-1.3395596399996677,0.6545076821153677
-0.5628899386485685,-0.9018166857246064,1.4012814342910895,0.6470675196658733,-1.2965711539589015,-1.3682924266663974,-0.6150876969788656,-0.7630946771358081,1.4025852250903215,0.7560558711632033,-1.2932651915623747,-1.3667342032725331,-0.6790523661519262,-0.5983608310194662,1.353476725735923,0.8640912971651025,-1.3301187428535406,-1.366481150914282,-0.6199572359521665,-0.7789660585867386,1.4132385566082362,0.8217249603931127,-1.3333596432594834,-1.3930071128243733,-0.6956135290329581,-0.6008606064138179,1.4107015030077694,0.8532863613226892,-1.3317086952484263,-1.3921117413764272,-0.6475550832908455,-0.7403915245808107,1.4185164257171203,0.7870193285634987,-1.366846236537951,-1.414252358791046,-0.6072596837942276,-0.8685794408884848,1.481152730397828,0.7859040277956464,-1.366846236537951,-1.4404769803526947,-0.6407857551534343,-0.7893598224118028,1.480943137001298,0.8546448835582786,-1.3705263053803316,-1.4431227284465413,-0.5568253911632352,-0.936195226154949,1.290330223871696,0.840525529781685,-1.3317696908645977,-1.3395596399996677,-0.47016827866516336,-0.6150770366554884,1.2099989485430733,0.8438846250156473,-1.257054127428223,-1.262406834257792,0.6625396643214678
1.133902632562206,-1.13447969316111,-1.392927265359599,-0.7503506268065329,2.280057256143717,2.1488568075497225,1.2230849010636475,-0.835133233491203,-1.3906516711119359,-0.6800833423659459,2.207309817922494,2.0998804928811756,1.3269728263760483,-1.271130740645067,-1.3877093555709694,-0.8886490454367646,2.1231236684818016,2.0431402290636353,1.3671931428917155,-1.413464820791351,-1.3846327200458264,-1.0200155031292237,2.041479003048279,2.0429399223543134,1.272201008515128,-0.6340631745993001,-1.3841650951438287,-0.9065616800844534,2.03175630183045,1.9816731973774417,1.4608281279365072,-1.1641077816629803,-1.3891082054218946,-1.0231638835523678,2.125726148105143,2.0458908433763736,1.4133382138967594,-0.5823931395431046,-1.3889710972727307,-0.8490419350059945,2.119817706085275,2.0420583116879785,1.3545023289690994,-1.0844732044054286,-1.3803283051393962,-0.9934614497425858,1.801115611586203,1.8292378994623093,1.3768025124786367,-1.3251957140202482,-1.3811699479140187,-1.119294199218214,1.7122287333258497,1.8262426030537313,1.2607426960878818,-0.3440260829964753,-1.3809882876537236,-0.8995461048782849,1.7148962749397747,1.773721594660243,0.9786153958780268
1.2230849010636475,-0.835133233491203,-1.3906516711119359,-0.6800833423659459,2.207309817922494,2.0998804928811756,1.3269728263760483,-1.271130740645067,-1.3877093555709694,-0.8886490454367646,2.1231236684818016,2.0431402290636353,1.3671931428917155,-1.413464820791351,-1.3846327200458264,-1.0200155031292237,2.041479003048279,2.0429399223543134,1.272201008515128,-0.6340631745993001,-1.3841650951438287,-0.9065616800844534,2.03175630183045,1.9816731973774417,1.4608281279365072,-1.1641077816629803,-1.3891082054218946,-1.0231638835523678,2.125726148105143,2.0458908433763736,1.4133382138967594,-0.5823931395431046,-1.3889710972727307,-0.8490419350059945,2.119817706085275,2.0420583116879785,1.3545023289690994,-1.0844732044054286,-1.3803283051393962,-0.9934614497425858,1.801115611586203,1.8292378994623093,1.3768025124786367,-1.3251957140202482,-1.3811699479140187,-1.119294199218214,1.7122287333258497,1.8262426030537313,1.2607426960878818,-0.3440260829964753,-1.3809882876537236,-0.8995461048782849,1.7148962749397747,1.773721594660243,1.3251270631734033,-0.9815384796157869,-1.3804592315346196,-1.175248327452694,1.629502412298875,1.7178565749911,0.9727995757064676
1.3269728263760483,-1.271130740645067,-1.3877093555709694,-0.8886490454367646,2.1231236684818016,2.0431402290636353,1.3671931428917155,-1.413464820791351,-1.3846327200458264,-1.0200155031292237,2.041479003048279,2.0429399223543134,1.272201008515128,-0.6340631745993001,-1.3841650951438287,-0.9065616800844534,2.03175630183045,1.9816731973774417,1.4608281279365072,-1.1641077816629803,-1.3891082054218946,-1.0231638835523678,2.125726148105143,2.0458908433763736,1.4133382138967594,-0.5823931395431046,-1.3889710972727307,-0.8490419350059945,2.119817706085275,2.0420583116879785,1.3545023289690994,-1.0844732044054286,-1.3803283051393962,-0.9934614497425858,1.801115611586203,1.8292378994623093,1.3768025124786367,-1.3251957140202482,-1.3811699479140187,-1.119294199218214,1.7122287333258497,1.8262426030537313,1.2607426960878818,-0.3440260829964753,-1.3809882876537236,-0.8995461048782849,1.7148962749397747,1.773721594660243,1.3251270631734033,-0.9815384796157869,-1.3804592315346196,-1.175248327452694,1.629502412298875,1.7178565749911,1.365386947716085,-1.2169040474180448,-1.3773348927259506,-1.0148104969859013,1.469962278639206,1.66575215496226,0.9673752522420564
1.3671931428917155,-1.413464820791351,-1.3846327200458264,-1.0200155031292237,2.041479003048279,2.0429399223543134,1.272201008515128,-0.6340631745993001,-1.3841650951438287,-0.9065616800844534,2.03175630183045,1.9816731973774417,1.4608281279365072,-1.1641077816629803,-1.3891082054218946,-1.0231638835523678,2.125726148105143,2.0458908433763736,1.4133382138967594,-0.5823931395431046,-1.3889710972727307,-0.8490419350059945,2.119817706085275,2.0420583116879785,1.3545023289690994,-1.0844732044054286,-1.3803283051393962,-0.9934614497425858,1.801115611586203,1.8292378994623093,1.3768025124786367,-1.3251957140202482,-1.3811699479140187,-1.119294199218214,1.7122287333258497,1.8262426030537313,1.2607426960878818,-0.3440260829964753,-1.3809882876537236,-0.8995461048782849,1.7148962749397747,1.773721594660243,1.3251270631734033,-0.9815384796157869,-1.3804592315346196,-1.175248327452694,1.629502412298875,1.7178565749911,1.365386947716085,-1.2169040474180448,-1.3773348927259506,-1.0148104969859013,1.469962278639206,1.66575215496226,1.3752996866450575,-1.3770818505570588,-1.3769037706161733,-1.0979905765249454,1.3856460052173456,1.610660825361402,0.9616399769684014
1.272201008515128,-0.6340631745993001,-1.3841650951438287,-0.9065616800844534,2.03175630183045,1.9816731973774417,1.4608281279365072,-1.1641077816629803,-1.3891082054218946,-1.0231638835523678,2.125726148105143,2.0458908433763736,1.4133382138967594,-0.5823931395431046,-1.3889710972727307,-0.8490419350059945,2.119817706085275,2.0420583116879785,1.3545023289690994,-1.0844732044054286,-1.3803283051393962,-0.9934614497425858,1.801115611586203,1.8292378994623093,1.3768025124786367,-1.3251957140202482,-1.3811699479140187,-1.119294199218214,1.7122287333258497,1.8262426030537313,1.2607426960878818,-0.3440260829964753,-1.3809882876537236,-0.8995461048782849,1.7148962749397747,1.773721594660243,1.3251270631734033,-0.9815384796157869,-1.3804592315346196,-1.175248327452694,1.629502412298875,1.7178565749911,1.365386947716085,-1.2169040474180448,-1.3773348927259506,-1.0148104969859013,1.469962278639206,1.66575215496226,1.3752996866450575,-1.3770818505570588,-1.3769037706161733,-1.0979905765249454,1.3856460052173456,1.610660825361402,1.3107233941012661,-0.9168018429470176,-1.3767965098575858,-1.0834212194192732,1.3845033540077223,1.5559562575185084,0.9559449654742435
1.4608281279365072,-1.1641077816629803,-1.3891082054218946,-1.0231638835523678,2.125726148105143,2.0458908433763736,1.4133382138967594,-0.5823931395431046,-1.3889710972727307,-0.8490419350059945,2.119817706085275,2.0420583116879785,1.3545023289690994,-1.0844732044054286,-1.3803283051393962,-0.9934614497425858,1.801115611586203,1.8292378994623093,1.3768025124786367,-1.3251957140202482,-1.3811699479140187,-1.119294199218214,1.7122287333258497,1.8262426030537313,1.2607426960878818,-0.3440260829964753,-1.3809882876537236,-0.8995461048782849,1.7148962749397747,1.773721594660243,1.3251270631734033,-0.9815384796157869,-1.3804592315346196,-1.175248327452694,1.629502412298875,1.7178565749911,1.365386947716085,-1.2169040474180448,-1.3773348927259506,-1.0148104969859013,1.469962278639206,1.66575215496226,1.3752996866450575,-1.3770818505570588,-1.3769037706161733,-1.0979905765249454,1.3856460052173456,1.610660825361402,1.3107233941012661,-0.9168018429470176,-1.3767965098575858,-1.0834212194192732,1.3845033540077223,1.5559562575185084,1.2184764067404368,-0.33718683363501895,-1.3773958590016466,-1.0172852778750698,1.3043835789785012,1.5039739748122734,0.9505333570989652
1.4133382138967594,-0.5823931395431046,-1.3889710972727307,-0.8490419350059945,2.119817706085275,2.0420583116879785,1.3545023289690994,-1.0844732044054286,-1.3803283051393962,-0.9934614497425858,1.801115611586203,1.8292378994623093,1.3768025124786367,-1.3251957140202482,-1.3811699479140187,-1.119294199218214,1.7122287333258497,1.8262426030537313,1.2607426960878818,-0.3440260829964753,-1.3809882876537236,-0.8995461048782849,1.7148962749397747,1.773721594660243,1.3251270631734033,-0.9815384796157869,-1.3804592315346196,-1.175248327452694,1.629502412298875,1.7178565749911,1.365386947716085,-1.2169040474180448,-1.3773348927259506,-1.0148104969859013,1.469962278639206,1.66575215496226,1.3752996866450575,-1.3770818505570588,-1.3769037706161733,-1.0979905765249454,1.3856460052173456,1.610660825361402,1.3107233941012661,-0.9168018429470176,-1.3767965098575858,-1.0834212194192732,1.3845033540077223,1.5559562575185084,1.2184764067404368,-0.33718683363501895,-1.3773958590016466,-1.0172852778750698,1.3043835789785012,1.5039739748122734,1.152329300031939,-0.1060127320638926,-1.375649503918388,-1.0012175778557009,1.219437017522864,1.4469751029685294,0.9445994974030728
1.3545023289690994,-1.0844732044054286,-1.3803283051393962,-0.9934614497425858,1.801115611586203,1.8292378994623093,1.3768025124786367,-1.3251957140202482,-1.3811699479140187,-1.119294199218214,1.7122287333258497,1.8262426030537313,1.2607426960878818,-0.3440260829964753,-1.3809882876537236,-0.8995461048782849,1.7148962749397747,1.773721594660243,1.3251270631734033,-0.9815384796157869,-1.3804592315346196,-1.175248327452694,1.629502412298875,1.7178565749911,1.365386947716085,-1.2169040474180448,-1.3773348927259506,-1.0148104969859013,1.469962278639206,1.66575215496226,1.3752996866450575,-1.3770818505570588,-1.3769037706161733,-1.0979905765249454,1.3856460052173456,1.610660825361402,1.3107233941012661,-0.9168018429470176,-1.3767965098575858,-1.0834212194192732,1.3845033540077223,1.5559562575185084,1.2184764067404368,-0.33718683363501895,-1.3773958590016466,-1.0172852778750698,1.3043835789785012,1.5039739748122734,1.152329300031939,-0.1060127320638926,-1.375649503918388,-1.0012175778557009,1.219437017522864,1.4469751029685294,1.249635792998142,-0.9671428284123728,-1.374743537270965,-1.1855582911684601,1.1384226401231181,1.3945249948181684,0.9391391861244245
1.3768025124786367,-1.3251957140202482,-1.3811699479140187,-1.119294199218214,1.7122287333258497,1.8262426030537313,1.2607426960878818,-0.3440260829964753,-1.3809882876537236,-0.8995461048782849,1.7148962749397747,1.773721594660243,1.3251270631734033,-0.9815384796157869,-1.3804592315346196,-1.175248327452694,1.629502412298875,1.7178565749911,1.365386947716085,-1.2169040474180448,-1.3773348927259506,-1.0148104969859013,1.469962278639206,1.66575215496226,1.3752996866450575,-1.3770818505570588,-1.3769037706161733,-1.0979905765249454,1.3856460052173456,1.610660825361402,1.3107233941012661,-0.9168018429470176,-1.3767965098575858,-1.0834212194192732,1.3845033540077223,1.5559562575185084,1.2184764067404368,-0.33718683363501895,-1.3773958590016466,-1.0172852778750698,1.3043835789785012,1.5039739748122734,1.152329300031939,-0.1060127320638926,-1.375649503918388,-1.0012175778557009,1.219437017522864,1.4469751029685294,1.249635792998142,-0.9671428284123728,-1.374743537270965,-1.1855582911684601,1.1384226401231181,1.3945249948181684,1.178186560719521,-0.564242155355775,-1.3734819598119536,-1.0634561451708844,1.0609094110916504,1.343092929706791,0.9337848580760104
1.2607426960878818,-0.3440260829964753,-1.3809882876537236,-0.8995461048782849,1.7148962749397747,1.773721594660243,1.3251270631734033,-0.9815384796157869,-1.3804592315346196,-1.175248327452694,1.629502412298875,1.7178565749911,1.365386947716085,-1.2169040474180448,-1.3773348927259506,-1.0148104969859013,1.469962278639206,1.66575215496226,1.3752996866450575,-1.3770818505570588,-1.3769037706161733,-1.0979905765249454,1.3856460052173456,1.610660825361402,1.3107233941012661,-0.9168018429470176,-1.3767965098575858,-1.0834212194192732,1.3845033540077223,1.5559562575185084,1.2184764067404368,-0.33718683363501895,-1.3773958590016466,-1.0172852778750698,1.3043835789785012,1.5039739748122734,1.152329300031939,-0.1060127320638926,-1.375649503918388,-1.0012175778557009,1.219437017522864,1.4469751029685294,1.249635792998142,-0.9671428284123728,-1.374743537270965,-1.1855582911684601,1.1384226401231181,1.3945249948181684,1.178186560719521,-0.564242155355775,-1.3734819598119536,-1.0634561451708844,1.0609094110916504,1.343092929706791,1.1564368171331814,-0.7730842885061986,-1.2765861307226696,-1.0819987530327377,1.0603360522996326,1.3431867836006088,0.9337946287226884
1.3251270631734033,-0.9815384796157869,-1.3804592315346196,-1.175248327452694,1.629502412298875,1.7178565749911,1.365386947716085,-1.2169040474180448,-1.3773348927259506,-1.0148104969859013,1.469962278639206,1.66575215496226,1.3752996866450575,-1.3770818505570588,-1.3769037706161733,-1.0979905765249454,1.3856460052173456,1.610660825361402,1.3107233941012661,-0.9168018429470176,-1.3767965098575858,-1.0834212194192732,1.3845033540077223,1.5559562575185084,1.2184764067404368,-0.33718683363501895,-1.3773958590016466,-1.0172852778750698,1.3043835789785012,1.5039739748122734,1.152329300031939,-0.1060127320638926,-1.375649503918388,-1.0012175778557009,1.219437017522864,1.4469751029685294,1.249635792998142,-0.9671428284123728,-1.374743537270965,-1.1855582911684601,1.1384226401231181,1.3945249948181684,1.178186560719521,-0.564242155355775,-1.3734819598119536,-1.0634561451708844,1.0609094110916504,1.343092929706791,1.1564368171331814,-0.7730842885061986,-1.2765861307226696,-1.0819987530327377,1.0603360522996326,1.3431867836006088,1.3101786726669755,-0.5433669628556209,-1.3813756069088348,-2.118084885612989,1.879519376613783,1.881285045745244,0.989813274125409
1.365386947716085,-1.2169040474180448,-1.3773348927259506,-1.0148104969859013,1.469962278639206,1.66575215496226,1.3752996866450575,-1.3770818505570588,-1.3769037706161733,-1.0979905765249454,1.3856460052173456,1.610660825361402,1.3107233941012661,-0.9168018429470176,-1.3767965098575858,-1.0834212194192732,1.3845033540077223,1.5559562575185084,1.2184764067404368,-0.33718683363501895,-1.3773958590016466,-1.0172852778750698,1.3043835789785012,1.5039739748122734,1.152329300031939,-0.1060127320638926,-1.375649503918388,-1.0012175778557009,1.219437017522864,1.4469751029685294,1.249635792998142,-0.9671428284123728,-1.374743537270965,-1.1855582911684601,1.1384226401231181,1.3945249948181684,1.178186560719521,-0.564242155355775,-1.3734819598119536,-1.0634561451708844,1.0609094110916504,1.343092929706791,1.1564368171331814,-0.7730842885061986,-1.2765861307226696,-1.0819987530327377,1.0603360522996326,1.3431867836006088,1.3101786726669755,-0.5433669628556209,-1.3813756069088348,-2.118084885612989,1.879519376613783,1.881285045745244,1.4069410356788068,-1.14647741390056,-1.3797094795795022,-1.8137482998544014,1.7191537689485854,1.7752542624231316,0.9787749540442012
1.3752996866450575,-1.3770818505570588,-1.3769037706161733,-1.0979905765249454,1.3856460052173456,1.610660825361402,1.3107233941012661,-0.9168018429470176,-1.3767965098575858,-1.0834212194192732,1.3845033540077223,1.5559562575185084,1.2184764067404368,-0.33718683363501895,-1.3773958590016466,-1.0172852778750698,1.3043835789785012,1.5039739748122734,1.152329300031939,-0.1060127320638926,-1.375649503918388,-1.0012175778557009,1.219437017522864,1.4469751029685294,1.249635792998142,-0.9671428284123728,-1.374743537270965,-1.1855582911684601,1.1384226401231181,1.3945249948181684,1.178186560719521,-0.564242155355775,-1.3734819598119536,-1.0634561451708844,1.0609094110916504,1.343092929706791,1.1564368171331814,-0.7730842885061986,-1.2765861307226696,-1.0819987530327377,1.0603360522996326,1.3431867836006088,1.3101786726669755,-0.5433669628556209,-1.3813756069088348,-2.118084885612989,1.879519376613783,1.881285045745244,1.4069410356788068,-1.14647741390056,-1.3797094795795022,-1.8137482998544014,1.7191537689485854,1.7752542624231316,1.3255811431364362,-0.6567751292281251,-1.376466670718239,-2.010885152198981,1.634902557517309,1.7188933453271136,0.9729075085393776
1.3107233941012661,-0.9168018429470176,-1.3767965098575858,-1.0834212194192732,1.3845033540077223,1.5559562575185084,1.2184764067404368,-0.33718683363501895,-1.3773958590016466,-1.0172852778750698,1.3043835789785012,1.5039739748122734,1.152329300031939,-0.1060127320638926,-1.375649503918388,-1.0012175778557009,1.219437017522864,1.4469751029685294,1.249635792998142,-0.9671428284123728,-1.374743537270965,-1.1855582911684601,1.1384226401231181,1.3945249948181684,1.178186560719521,-0.564242155355775,-1.3734819598119536,-1.0634561451708844,1.0609094110916504,1.343092929706791,1.1564368171331814,-0.7730842885061986,-1.2765861307226696,-1.0819987530327377,1.0603360522996326,1.3431867836006088,1.3101786726669755,-0.5433669628556209,-1.3813756069088348,-2.118084885612989,1.879519376613783,1.881285045745244,1.4069410356788068,-1.14647741390056,-1.3797094795795022,-1.8137482998544014,1.7191537689485854,1.7752542624231316,1.3255811431364362,-0.6567751292281251,-1.376466670718239,-2.010885152198981,1.634902557517309,1.7188933453271136,1.3286818549730808,-1.0466600090820868,-1.3752371199273172,-2.2882611782648907,1.4776517926512986,1.6153011380772075,0.9621230560840046
1.2184764067404368,-0.33718683363501895,-1.3773958590016466,-1.0172852778750698,1.3043835789785012,1.5039739748122734,1.152329300031939,-0.1060127320638926,-1.375649503918388,-1.0012175778557009,1.219437017522864,1.4469751029685294,1.249635792998142,-0.9671428284123728,-1.374743537270965,-1.1855582911684601,1.1384226401231181,1.3945249948181684,1.178186560719521,-0.564242155355775,-1.3734819598119536,-1.0634561451708844,1.0609094110916504,1.343092929706791,1.1564368171331814,-0.7730842885061986,-1.2765861307226696,-1.0819987530327377,1.0603360522996326,1.3431867836006088,1.3101786726669755,-0.5433669628556209,-1.3813756069088348,-2.118084885612989,1.879519376613783,1.881285045745244,1.4069410356788068,-1.14647741390056,-1.3797094795795022,-1.8137482998544014,1.7191537689485854,1.7752542624231316,1.3255811431364362,-0.6567751292281251,-1.376466670718239,-2.010885152198981,1.634902557517309,1.7188933453271136,1.3286818549730808,-1.0466600090820868,-1.3752371199273172,-2.2882611782648907,1.4776517926512986,1.6153011380772075,1.4116220951094163,-1.0523058797724385,-1.3754080297714286,-2.3320678901197,1.5536401312784645,1.7196911758029487,0.972990566571082
1.152329300031939,-0.1060127320638926,-1.375649503918388,-1.0012175778557009,1.219437017522864,1.4469751029685294,1.249635792998142,-0.9671428284123728,-1.374743537270965,-1.1855582911684601,1.1384226401231181,1.3945249948181684,1.178186560719521,-0.564242155355775,-1.3734819598119536,-1.0634561451708844,1.0609094110916504,1.343092929706791,1.1564368171331814,-0.7730842885061986,-1.2765861307226696,-1.0819987530327377,1.0603360522996326,1.3431867836006088,1.3101786726669755,-0.5433669628556209,-1.3813756069088348,-2.118084885612989,1.879519376613783,1.881285045745244,1.4069410356788068,-1.14647741390056,-1.3797094795795022,-1.8137482998544014,1.7191537689485854,1.7752542624231316,1.3255811431364362,-0.6567751292281251,-1.376466670718239,-2.010885152198981,1.634902557517309,1.7188933453271136,1.3286818549730808,-1.0466600090820868,-1.3752371199273172,-2.2882611782648907,1.4776517926512986,1.6153011380772075,1.4116220951094163,-1.0523058797724385,-1.3754080297714286,-2.3320678901197,1.5536401312784645,1.7196911758029487,1.3245783074477326,-1.4279219564186116,-1.3708930052431276,-2.434953476412573,1.2297249447839078,1.5056127856617756,0.9507039652765396
1.249635792998142,-0.9671428284123728,-1.374743537270965,-1.1855582911684601,1.1384226401231181,1.3945249948181684,1.178186560719521,-0.564242155355775,-1.3734819598119536,-1.0634561451708844,1.0609094110916504,1.343092929706791,1.1564368171331814,-0.7730842885061986,-1.2765861307226696,-1.0819987530327377,1.0603360522996326,1.3431867836006088,1.3101786726669755,-0.5433669628556209,-1.3813756069088348,-2.118084885612989,1.879519376613783,1.881285045745244,1.4069410356788068,-1.14647741390056,-1.3797094795795022,-1.8137482998544014,1.7191537689485854,1.7752542624231316,1.3255811431364362,-0.6567751292281251,-1.376466670718239,-2.010885152198981,1.634902557517309,1.7188933453271136,1.3286818549730808,-1.0466600090820868,-1.3752371199273172,-2.2882611782648907,1.4776517926512986,1.6153011380772075,1.4116220951094163,-1.0523058797724385,-1.3754080297714286,-2.3320678901197,1.5536401312784645,1.7196911758029487,1.3245783074477326,-1.4279219564186116,-1.3708930052431276,-2.434953476412573,1.2297249447839078,1.5056127856617756,1.0510777089374654,0.06522344355461125,-1.2751804412966115,-2.141244534490506,1.226423048761771,1.3964261616948541,0.9393371068400425
1.178186560719521,-0.564242155355775,-1.3734819598119536,-1.0634561451708844,1.0609094110916504,1.343092929706791,1.1564368171331814,-0.7730842885061986,-1.2765861307226696,-1.0819987530327377,1.0603360522996326,1.3431867836006088,1.3101786726669755,-0.5433669628556209,-1.3813756069088348,-2.118084885612989,1.879519376613783,1.881285045745244,1.4069410356788068,-1.14647741390056,-1.3797094795795022,-1.8137482998544014,1.7191537689485854,1.7752542624231316,1.3255811431364362,-0.6567751292281251,-1.376466670718239,-2.010885152198981,1.634902557517309,1.7188933453271136,1.3286818549730808,-1.0466600090820868,-1.3752371199273172,-2.2882611782648907,1.4776517926512986,1.6153011380772075,1.4116220951094163,-1.0523058797724385,-1.3754080297714286,-2.3320678901197,1.5536401312784645,1.7196911758029487,1.3245783074477326,-1.4279219564186116,-1.3708930052431276,-2.434953476412573,1.2297249447839078,1.5056127856617756,1.0510777089374654,0.06522344355461125,-1.2751804412966115,-2.141244534490506,1.226423048761771,1.3964261616948541,1.1171659911497733,-0.6313463894753472,-1.2740453251257677,-2.372709060681068,1.1503045861534376,1.346629828268517,0.9341530664132108
1.1564368171331814,-0.7730842885061986,-1.2765861307226696,-1.0819987530327377,1.0603360522996326,1.3431867836006088,1.3101786726669755,-0.5433669628556209,-1.3813756069088348,-2.118084885612989,1.879519376613783,1.881285045745244,1.4069410356788068,-1.14647741390056,-1.3797094795795022,-1.8137482998544014,1.7191537689485854,1.7752542624231316,1.3255811431364362,-0.6567751292281251,-1.376466670718239,-2.010885152198981,1.634902557517309,1.7188933453271136,1.3286818549730808,-1.0466600090820868,-1.3752371199273172,-2.2882611782648907,1.4776517926512986,1.6153011380772075,1.4116220951094163,-1.0523058797724385,-1.3754080297714286,-2.3320678901197,1.5536401312784645,1.7196911758029487,1.3245783074477326,-1.4279219564186116,-1.3708930052431276,-2.434953476412573,1.2297249447839078,1.5056127856617756,1.0510777089374654,0.06522344355461125,-1.2751804412966115,-2.141244534490506,1.226423048761771,1.3964261616948541,1.1171659911497733,-0.6313463894753472,-1.2740453251257677,-2.372709060681068,1.1503045861534376,1.346629828268517,1.0060087728924856,-0.3230374912207131,-1.175028618039121,-2.3468093436034883,1.1433185549145304,1.2876425458078529,0.92801220350415
1.3101786726669755,-0.5433669628556209,-1.3813756069088348,-2.118084885612989,1.879519376613783,1.881285045745244,1.4069410356788068,-1.14647741390056,-1.3797094795795022,-1.8137482998544014,1.7191537689485854,1.7752542624231316,1.3255811431364362,-0.6567751292281251,-1.376466670718239,-2.010885152198981,1.634902557517309,1.7188933453271136,1.3286818549730808,-1.0466600090820868,-1.3752371199273172,-2.2882611782648907,1.4776517926512986,1.6153011380772075,1.4116220951094163,-1.0523058797724385,-1.3754080297714286,-2.3320678901197,1.5536401312784645,1.7196911758029487,1.3245783074477326,-1.4279219564186116,-1.3708930052431276,-2.434953476412573,1.2297249447839078,1.5056127856617756,1.0510777089374654,0.06522344355461125,-1.2751804412966115,-2.141244534490506,1.226423048761771,1.3964261616948541,1.1171659911497733,-0.6313463894753472,-1.2740453251257677,-2.372709060681068,1.1503045861534376,1.346629828268517,1.0060087728924856,-0.3230374912207131,-1.175028618039121,-2.3468093436034883,1.1433185549145304,1.2876425458078529,0.9185342041986173,-0.6090637989103705,-0.9843097309732586,-2.401861907552719,1.1434405461468735,1.2356535675826124,0.9225998980927888
1.4069410356788068,-1.14647741390056,-1.3797094795795022,-1.8137482998544014,1.7191537689485854,1.7752542624231316,1.3255811431364362,-0.6567751292281251,-1.376466670718239,-2.010885152198981,1.634902557517309,1.7188933453271136,1.3286818549730808,-1.0466600090820868,-1.3752371199273172,-2.2882611782648907,1.4776517926512986,1.6153011380772075,1.4116220951094163,-1.0523058797724385,-1.3754080297714286,-2.3320678901197,1.5536401312784645,1.7196911758029487,1.3245783074477326,-1.4279219564186116,-1.3708930052431276,-2.434953476412573,1.2297249447839078,1.5056127856617756,1.0510777089374654,0.06522344355461125,-1.2751804412966115,-2.141244534490506,1.226423048761771,1.3964261616948541,1.1171659911497733,-0.6313463894753472,-1.2740453251257677,-2.372709060681068,1.1503045861534376,1.346629828268517,1.0060087728924856,-0.3230374912207131,-1.175028618039121,-2.3468093436034883,1.1433185549145304,1.2876425458078529,0.9185342041986173,-0.6090637989103705,-0.9843097309732586,-2.401861907552719,1.1434405461468735,1.2356535675826124,1.0809787311606105,-0.2060336523856368,-1.2717887502173155,-2.1578797757609385,1.0702498731148002,1.2934275007665508,0.9286144454426585
1.3255811431364362,-0.6567751292281251,-1.376466670718239,-2.010885152198981,1.634902557517309,1.7188933453271136,1.3286818549730808,-1.0466600090820868,-1.3752371199273172,-2.2882611782648907,1.4776517926512986,1.6153011380772075,1.4116220951094163,-1.0523058797724385,-1.3754080297714286,-2.3320678901197,1.5536401312784645,1.7196911758029487,1.3245783074477326,-1.4279219564186116,-1.3708930052431276,-2.434953476412573,1.2297249447839078,1.5056127856617756,1.0510777089374654,0.06522344355461125,-1.2751804412966115,-2.141244534490506,1.226423048761771,1.3964261616948541,1.1171659911497733,-0.6313463894753472,-1.2740453251257677,-2.372709060681068,1.1503045861534376,1.346629828268517,1.0060087728924856,-0.3230374912207131,-1.175028618039121,-2.3468093436034883,1.1433185549145304,1.2876425458078529,0.9185342041986173,-0.6090637989103705,-0.9843097309732586,-2.401861907552719,1.1434405461468735,1.2356535675826124,1.0809787311606105,-0.2060336523856368,-1.2717887502173155,-2.1578797757609385,1.0702498731148002,1.2934275007665508,1.1124702486252813,-1.4393103027532745,-1.4749625100832764,-2.365604052419663,1.3872359576122313,1.6178465366787653,0.9623880444545319
1.3286818549730808,-1.0466600090820868,-1.3752371199273172,-2.2882611782648907,1.4776517926512986,1.6153011380772075,1.4116220951094163,-1.0523058797724385,-1.3754080297714286,-2.3320678901197,1.5536401312784645,1.7196911758029487,1.3245783074477326,-1.4279219564186116,-1.3708930052431276,-2.434953476412573,1.2297249447839078,1.5056127856617756,1.0510777089374654,0.06522344355461125,-1.2751804412966115,-2.141244534490506,1.226423048761771,1.3964261616948541,1.1171659911497733,-0.6313463894753472,-1.2740453251257677,-2.372709060681068,1.1503045861534376,1.346629828268517,1.0060087728924856,-0.3230374912207131,-1.175028618039121,-2.3468093436034883,1.1433185549145304,1.2876425458078529,0.9185342041986173,-0.6090637989103705,-0.9843097309732586,-2.401861907552719,1.1434405461468735,1.2356535675826124,1.0809787311606105,-0.2060336523856368,-1.2717887502173155,-2.1578797757609385,1.0702498731148002,1.2934275007665508,1.1124702486252813,-1.4393103027532745,-1.4749625100832764,-2.365604052419663,1.3872359576122313,1.6178465366787653,1.0705975301045927,-1.2781913950943444,-1.3742560025504744,-2.241548473730227,1.1572296217761733,1.4135124862706838,0.9411158763046276
1.4116220951094163,-1.0523058797724385,-1.3754080297714286,-2.3320678901197,1.5536401312784645,1.7196911758029487,1.3245783074477326,-1.4279219564186116,-1.3708930052431276,-2.434953476412573,1.2297249447839078,1.5056127856617756,1.0510777089374654,0.06522344355461125,-1.2751804412966115,-2.141244534490506,1.226423048761771,1.3964261616948541,1.1171659911497733,-0.6313463894753472,-1.2740453251257677,-2.372709060681068,1.1503045861534376,1.346629828268517,1.0060087728924856,-0.3230374912207131,-1.175028618039121,-2.3468093436034883,1.1433185549145304,1.2876425458078529,0.9185342041986173,-0.6090637989103705,-0.9843097309732586,-2.401861907552719,1.1434405461468735,1.2356535675826124,1.0809787311606105,-0.2060336523856368,-1.2717887502173155,-2.1578797757609385,1.0702498731148002,1.2934275007665508,1.1124702486252813,-1.4393103027532745,-1.4749625100832764,-2.365604052419663,1.3872359576122313,1.6178465366787653,1.0705975301045927,-1.2781913950943444,-1.3742560025504744,-2.241548473730227,1.1572296217761733,1.4135124862706838,0.9039239447578876,-0.8093549498977798,-1.2737049341238875,-2.3359381994479014,1.0804158091434788,1.2840513632862862,0.9276383439427935
1.3245783074477326,-1.4279219564186116,-1.3708930052431276,-2.434953476412573,1.2297249447839078,1.5056127856617756,1.0510777089374654,0.06522344355461125,-1.2751804412966115,-2.141244534490506,1.226423048761771,1.3964261616948541,1.1171659911497733,-0.6313463894753472,-1.2740453251257677,-2.372709060681068,1.1503045861534376,1.346629828268517,1.0060087728924856,-0.3230374912207131,-1.175028618039121,-2.3468093436034883,1.1433185549145304,1.2876425458078529,0.9185342041986173,-0.6090637989103705,-0.9843097309732586,-2.401861907552719,1.1434405461468735,1.2356535675826124,1.0809787311606105,-0.2060336523856368,-1.2717887502173155,-2.1578797757609385,1.0702498731148002,1.2934275007665508,1.1124702486252813,-1.4393103027532745,-1.4749625100832764,-2.365604052419663,1.3872359576122313,1.6178465366787653,1.0705975301045927,-1.2781913950943444,-1.3742560025504744,-2.241548473730227,1.1572296217761733,1.4135124862706838,0.9039239447578876,-0.8093549498977798,-1.2737049341238875,-2.3359381994479014,1.0804158091434788,1.2840513632862862,0.7689375128046176,-0.5826032053770575,-1.1720686759506527,-2.508883950361337,1.0429279034441237,1.207081873885327,0.919625445859094
1.0510777089374654,0.06522344355461125,-1.2751804412966115,-2.141244534490506,1.226423048761771,1.3964261616948541,1.1171659911497733,-0.6313463894753472,-1.2740453251257677,-2.372709060681068,1.1503045861534376,1.346629828268517,1.0060087728924856,-0.3230374912207131,-1.175028618039121,-2.3468093436034883,1.1433185549145304,1.2876425458078529,0.9185342041986173,-0.6090637989103705,-0.9843097309732586,-2.401861907552719,1.1434405461468735,1.2356535675826124,1.0809787311606105,-0.2060336523856368,-1.2717887502173155,-2.1578797757609385,1.0702498731148002,1.2934275007665508,1.1124702486252813,-1.4393103027532745,-1.4749625100832764,-2.365604052419663,1.3872359576122313,1.6178465366787653,1.0705975301045927,-1.2781913950943444,-1.3742560025504744,-2.241548473730227,1.1572296217761733,1.4135124862706838,0.9039239447578876,-0.8093549498977798,-1.2737049341238875,-2.3359381994479014,1.0804158091434788,1.2840513632862862,0.7689375128046176,-0.5826032053770575,-1.1720686759506527,-2.508883950361337,1.0429279034441237,1.207081873885327,0.5988327785310626,-0.15808266309228566,-1.070156939433008,-2.5934481966617,0.970493576052583,1.1076086893895185,0.9092698036997214
1.1171659911497733,-0.6313463894753472,-1.2740453251257677,-2.372709060681068,1.1503045861534376,1.346629828268517,1.0060087728924856,-0.3230374912207131,-1.175028618039121,-2.3468093436034883,1.1433185549145304,1.2876425458078529,0.9185342041986173,-0.6090637989103705,-0.9843097309732586,-2.401861907552719,1.1434405461468735,1.2356535675826124,1.0809787311606105,-0.2060336523856368,-1.2717887502173155,-2.1578797757609385,1.0702498731148002,1.2934275007665508,1.1124702486252813,-1.4393103027532745,-1.4749625100832764,-2.365604052419663,1.3872359576122313,1.6178465366787653,1.0705975301045927,-1.2781913950943444,-1.3742560025504744,-2.241548473730227,1.1572296217761733,1.4135124862706838,0.9039239447578876,-0.8093549498977798,-1.2737049341238875,-2.3359381994479014,1.0804158091434788,1.2840513632862862,0.7689375128046176,-0.5826032053770575,-1.1720686759506527,-2.508883950361337,1.0429279034441237,1.207081873885327,0.5988327785310626,-0.15808266309228566,-1.070156939433008,-2.5934481966617,0.970493576052583,1.1076086893895185,0.6047166444859108,-0.13606752677671555,-1.0239980909632103,-2.0711912110700936,0.97081481963109,1.0832937758577506,0.9067385029783528
1.0060087728924856,-0.3230374912207131,-1.175028618039121,-2.3468093436034883,1.1433185549145304,1.2876425458078529,0.9185342041986173,-0.6090637989103705,-0.9843097309732586,-2.401861907552719,1.1434405461468735,1.2356535675826124,1.0809787311606105,-0.2060336523856368,-1.2717887502173155,-2.1578797757609385,1.0702498731148002,1.2934275007665508,1.1124702486252813,-1.4393103027532745,-1.4749625100832764,-2.365604052419663,1.3872359576122313,1.6178465366787653,1.0705975301045927,-1.2781913950943444,-1.3742560025504744,-2.241548473730227,1.1572296217761733,1.4135124862706838,0.9039239447578876,-0.8093549498977798,-1.2737049341238875,-2.3359381994479014,1.0804158091434788,1.2840513632862862,0.7689375128046176,-0.5826032053770575,-1.1720686759506527,-2.508883950361337,1.0429279034441237,1.207081873885327,0.5988327785310626,-0.15808266309228566,-1.070156939433008,-2.5934481966617,0.970493576052583,1.1076086893895185,0.6047166444859108,-0.13606752677671555,-1.0239980909632103,-2.0711912110700936,0.97081481963109,1.0832937758577506,0.5027438221126047,-0.16635688914000593,-0.919866326160438,-2.292365314148909,0.9319931431247722,1.0046463400498993,0.8985509225152718
0.9185342041986173,-0.6090637989103705,-0.9843097309732586,-2.401861907552719,1.1434405461468735,1.2356535675826124,1.0809787311606105,-0.2060336523856368,-1.2717887502173155,-2.1578797757609385,1.0702498731148002,1.2934275007665508,1.1124702486252813,-1.4393103027532745,-1.4749625100832764,-2.365604052419663,1.3872359576122313,1.6178465366787653,1.0705975301045927,-1.2781913950943444,-1.3742560025504744,-2.241548473730227,1.1572296217761733,1.4135124862706838,0.9039239447578876,-0.8093549498977798,-1.2737049341238875,-2.3359381994479014,1.0804158091434788,1.2840513632862862,0.7689375128046176,-0.5826032053770575,-1.1720686759506527,-2.508883950361337,1.0429279034441237,1.207081873885327,0.5988327785310626,-0.15808266309228566,-1.070156939433008,-2.5934481966617,0.970493576052583,1.1076086893895185,0.6047166444859108,-0.13606752677671555,-1.0239980909632103,-2.0711912110700936,0.97081481963109,1.0832937758577506,0.5027438221126047,-0.16635688914000593,-0.919866326160438,-2.292365314148909,0.9319931431247722,1.0046463400498993,0.3886391046623945,-0.005358162049043588,-0.8656532658709786,-2.24323077501173,0.8538414933107029,0.9273338337637379,0.8905023147060238
1.0809787311606105,-0.2060336523856368,-1.2717887502173155,-2.1578797757609385,1.0702498731148002,1.2934275007665508,1.1124702486252813,-1.4393103027532745,-1.4749625100832764,-2.365604052419663,1.3872359576122313,1.6178465366787653,1.0705975301045927,-1.2781913950943444,-1.3742560025504744,-2.241548473730227,1.1572296217761733,1.4135124862706838,0.9039239447578876,-0.8093549498977798,-1.2737049341238875,-2.3359381994479014,1.0804158091434788,1.2840513632862862,0.7689375128046176,-0.5826032053770575,-1.1720686759506527,-2.508883950361337,1.0429279034441237,1.207081873885327,0.5988327785310626,-0.15808266309228566,-1.070156939433008,-2.5934481966617,0.970493576052583,1.1076086893895185,0.6047166444859108,-0.13606752677671555,-1.0239980909632103,-2.0711912110700936,0.97081481963109,1.0832937758577506,0.5027438221126047,-0.16635688914000593,-0.919866326160438,-2.292365314148909,0.9319931431247722,1.0046463400498993,0.3886391046623945,-0.005358162049043588,-0.8656532658709786,-2.24323077501173,0.8538414933107029,0.9273338337637379,0.3116255777018362,0.05933222920257741,-0.8136452414056528,-2.279251442239695,0.8203549000322353,0.8793457430173283,0.8855065211341164
1.1124702486252813,-1.4393103027532745,-1.4749625100832764,-2.365604052419663,1.3872359576122313,1.6178465366787653,1.0705975301045927,-1.2781913950943444,-1.3742560025504744,-2.241548473730227,1.1572296217761733,1.4135124862706838,0.9039239447578876,-0.8093549498977798,-1.2737049341238875,-2.3359381994479014,1.0804158091434788,1.2840513632862862,0.7689375128046176,-0.5826032053770575,-1.1720686759506527,-2.508883950361337,1.0429279034441237,1.207081873885327,0.5988327785310626,-0.15808266309228566,-1.070156939433008,-2.5934481966617,0.970493576052583,1.1076086893895185,0.6047166444859108,-0.13606752677671555,-1.0239980909632103,-2.0711912110700936,0.97081481963109,1.0832937758577506,0.5027438221126047,-0.16635688914000593,-0.919866326160438,-2.292365314148909,0.9319931431247722,1.0046463400498993,0.3886391046623945,-0.005358162049043588,-0.8656532658709786,-2.24323077501173,0.8538414933107029,0.9273338337637379,0.3116255777018362,0.05933222920257741,-0.8136452414056528,-2.279251442239695,0.8203549000322353,0.8793457430173283,0.2889465775592092,-0.03076434348694726,-0.7641007107842803,-2.0812964440142374,0.7793780450878388,0.828715074892829,0.8802356224085472
1.0705975301045927,-1.2781913950943444,-1.3742560025504744,-2.241548473730227,1.1572296217761733,1.4135124862706838,0.9039239447578876,-0.8093549498977798,-1.2737049341238875,-2.3359381994479014,1.0804158091434788,1.2840513632862862,0.7689375128046176,-0.5826032053770575,-1.1720686759506527,-2.508883950361337,1.0429279034441237,1.207081873885327,0.5988327785310626,-0.15808266309228566,-1.070156939433008,-2.5934481966617,0.970493576052583,1.1076086893895185,0.6047166444859108,-0.13606752677671555,-1.0239980909632103,-2.0711912110700936,0.97081481963109,1.0832937758577506,0.5027438221126047,-0.16635688914000593,-0.919866326160438,-2.292365314148909,0.9319931431247722,1.0046463400498993,0.3886391046623945,-0.005358162049043588,-0.8656532658709786,-2.24323077501173,0.8538414933107029,0.9273338337637379,0.3116255777018362,0.05933222920257741,-0.8136452414056528,-2.279251442239695,0.8203549000322353,0.8793457430173283,0.2889465775592092,-0.03076434348694726,-0.7641007107842803,-2.0812964440142374,0.7793780450878388,0.828715074892829,0.2911235212050316,-0.16376149451416333,-0.6652577259206667,-1.5575430478546348,0.7820455867017638,0.7798227090302728,0.8751456894003294
0.9039239447578876,-0.8093549498977798,-1.2737049341238875,-2.3359381994479014,1.0804158091434788,1.2840513632862862,0.7689375128046176,-0.5826032053770575,-1.1720686759506527,-2.508883950361337,1.0429279034441237,1.207081873885327,0.5988327785310626,-0.15808266309228566,-1.070156939433008,-2.5934481966617,0.970493576052583,1.1076086893895185,0.6047166444859108,-0.13606752677671555,-1.0239980909632103,-2.0711912110700936,0.97081481963109,1.0832937758577506,0.5027438221126047,-0.16635688914000593,-0.919866326160438,-2.292365314148909,0.9319931431247722,1.0046463400498993,0.3886391046623945,-0.005358162049043588,-0.8656532658709786,-2.24323077501173,0.8538414933107029,0.9273338337637379,0.3116255777018362,0.05933222920257741,-0.8136452414056528,-2.279251442239695,0.8203549000322353,0.8793457430173283,0.2889465775592092,-0.03076434348694726,-0.7641007107842803,-2.0812964440142374,0.7793780450878388,0.828715074892829,0.2911235212050316,-0.16376149451416333,-0.6652577259206667,-1.5575430478546348,0.7820455867017638,0.7798227090302728,0.20131929894406025,0.08132522912230361,-0.6121936593338196,-1.4449114918351318,0.7413167805964659,0.7279573359604038,0.8697462518866289
0.7689375128046176,-0.5826032053770575,-1.1720686759506527,-2.508883950361337,1.0429279034441237,1.207081873885327,0.5988327785310626,-0.15808266309228566,-1.070156939433008,-2.5934481966617,0.970493576052583,1.1076086893895185,0.6047166444859108,-0.13606752677671555,-1.0239980909632103,-2.0711912110700936,0.97081481963109,1.0832937758577506,0.5027438221126047,-0.16635688914000593,-0.919866326160438,-2.292365314148909,0.9319931431247722,1.0046463400498993,0.3886391046623945,-0.005358162049043588,-0.8656532658709786,-2.24323077501173,0.8538414933107029,0.9273338337637379,0.3116255777018362,0.05933222920257741,-0.8136452414056528,-2.279251442239695,0.8203549000322353,0.8793457430173283,0.2889465775592092,-0.03076434348694726,-0.7641007107842803,-2.0812964440142374,0.7793780450878388,0.828715074892829,0.2911235212050316,-0.16376149451416333,-0.6652577259206667,-1.5575430478546348,0.7820455867017638,0.7798227090302728,0.20131929894406025,0.08132522912230361,-0.6121936593338196,-1.4449114918351318,0.7413167805964659,0.7279573359604038,0.23070418567773898,0.6023204745397899,-0.6705203986067775,-1.2919850187901714,0.8046017655621959,0.8008845330055127,0.8773383276818602
0.5988327785310626,-0.15808266309228566,-1.070156939433008,-2.5934481966617,0.970493576052583,1.1076086893895185,0.6047166444859108,-0.13606752677671555,-1.0239980909632103,-2.0711912110700936,0.97081481963109,1.0832937758577506,0.5027438221126047,-0.16635688914000593,-0.919866326160438,-2.292365314148909,0.9319931431247722,1.0046463400498993,0.3886391046623945,-0.005358162049043588,-0.8656532658709786,-2.24323077501173,0.8538414933107029,0.9273338337637379,0.3116255777018362,0.05933222920257741,-0.8136452414056528,-2.279251442239695,0.8203549000322353,0.8793457430173283,0.2889465775592092,-0.03076434348694726,-0.7641007107842803,-2.0812964440142374,0.7793780450878388,0.828715074892829,0.2911235212050316,-0.16376149451416333,-0.6652577259206667,-1.5575430478546348,0.7820455867017638,0.7798227090302728,0.20131929894406025,0.08132522912230361,-0.6121936593338196,-1.4449114918351318,0.7413167805964659,0.7279573359604038,0.23070418567773898,0.6023204745397899,-0.6705203986067775,-1.2919850187901714,0.8046017655621959,0.8008845330055127,0.3261339563963242,-0.04282510610236964,-0.8601095393467469,-1.7010673375230425,0.7423333741993338,0.8549763332735497,0.8829695470921088
0.6047166444859108,-0.13606752677671555,-1.0239980909632103,-2.0711912110700936,0.97081481963109,1.0832937758577506,0.5027438221126047,-0.16635688914000593,-0.919866326160438,-2.292365314148909,0.9319931431247722,1.0046463400498993,0.3886391046623945,-0.005358162049043588,-0.8656532658709786,-2.24323077501173,0.8538414933107029,0.9273338337637379,0.3116255777018362,0.05933222920257741,-0.8136452414056528,-2.279251442239695,0.8203549000322353,0.8793457430173283,0.2889465775592092,-0.03076434348694726,-0.7641007107842803,-2.0812964440142374,0.7793780450878388,0.828715074892829,0.2911235212050316,-0.16376149451416333,-0.6652577259206667,-1.5575430478546348,0.7820455867017638,0.7798227090302728,0.20131929894406025,0.08132522912230361,-0.6121936593338196,-1.4449114918351318,0.7413167805964659,0.7279573359604038,0.23070418567773898,0.6023204745397899,-0.6705203986067775,-1.2919850187901714,0.8046017655621959,0.8008845330055127,0.3261339563963242,-0.04282510610236964,-0.8601095393467469,-1.7010673375230425,0.7423333741993338,0.8549763332735497,0.12798192182932389,-0.13540530805441192,-0.6508555299418407,-1.787859229277602,0.6654544995760554,0.7005630255839217,0.8668943709812419
0.5027438221126047,-0.16635688914000593,-0.919866326160438,-2.292365314148909,0.9319931431247722,1.0046463400498993,0.3886391046623945,-0.005358162049043588,-0.8656532658709786,-2.24323077501173,0.8538414933107029,0.9273338337637379,0.3116255777018362,0.05933222920257741,-0.8136452414056528,-2.279251442239695,0.8203549000322353,0.8793457430173283,0.2889465775592092,-0.03076434348694726,-0.7641007107842803,-2.0812964440142374,0.7793780450878388,0.828715074892829,0.2911235212050316,-0.16376149451416333,-0.6652577259206667,-1.5575430478546348,0.7820455867017638,0.7798227090302728,0.20131929894406025,0.08132522912230361,-0.6121936593338196,-1.4449114918351318,0.7413167805964659,0.7279573359604038,0.23070418567773898,0.6023204745397899,-0.6705203986067775,-1.2919850187901714,0.8046017655621959,0.8008845330055127,0.3261339563963242,-0.04282510610236964,-0.8601095393467469,-1.7010673375230425,0.7423333741993338,0.8549763332735497,0.12798192182932389,-0.13540530805441192,-0.6508555299418407,-1.787859229277602,0.6654544995760554,0.7005630255839217,0.03317409197332024,-0.17939407924861347,-0.5462420194184883,-1.829722505590959,0.5928941145777593,0.6022831302000178,0.856662956020367
0.3886391046623945,-0.005358162049043588,-0.8656532658709786,-2.24323077501173,0.8538414933107029,0.9273338337637379,0.3116255777018362,0.05933222920257741,-0.8136452414056528,-2.279251442239695,0.8203549000322353,0.8793457430173283,0.2889465775592092,-0.03076434348694726,-0.7641007107842803,-2.0812964440142374,0.7793780450878388,0.828715074892829,0.2911235212050316,-0.16376149451416333,-0.6652577259206667,-1.5575430478546348,0.7820455867017638,0.7798227090302728,0.20131929894406025,0.08132522912230361,-0.6121936593338196,-1.4449114918351318,0.7413167805964659,0.7279573359604038,0.23070418567773898,0.6023204745397899,-0.6705203986067775,-1.2919850187901714,0.8046017655621959,0.8008845330055127,0.3261339563963242,-0.04282510610236964,-0.8601095393467469,-1.7010673375230425,0.7423333741993338,0.8549763332735497,0.12798192182932389,-0.13540530805441192,-0.6508555299418407,-1.787859229277602,0.6654544995760554,0.7005630255839217,0.03317409197332024,-0.17939407924861347,-0.5462420194184883,-1.829722505590959,0.5928941145777593,0.6022831302000178,-0.038299308200388016,-0.11949641573852454,-0.49213168562072496,-1.677173392879863,0.5509616616466665,0.5498449901934006,0.8512038906836733
0.3116255777018362,0.05933222920257741,-0.8136452414056528,-2.279251442239695,0.8203549000322353,0.8793457430173283,0.2889465775592092,-0.03076434348694726,-0.7641007107842803,-2.0812964440142374,0.7793780450878388,0.828715074892829,0.2911235212050316,-0.16376149451416333,-0.6652577259206667,-1.5575430478546348,0.7820455867017638,0.7798227090302728,0.20131929894406025,0.08132522912230361,-0.6121936593338196,-1.4449114918351318,0.7413167805964659,0.7279573359604038,0.23070418567773898,0.6023204745397899,-0.6705203986067775,-1.2919850187901714,0.8046017655621959,0.8008845330055127,0.3261339563963242,-0.04282510610236964,-0.8601095393467469,-1.7010673375230425,0.7423333741993338,0.8549763332735497,0.12798192182932389,-0.13540530805441192,-0.6508555299418407,-1.787859229277602,0.6654544995760554,0.7005630255839217,0.03317409197332024,-0.17939407924861347,-0.5462420194184883,-1.829722505590959,0.5928941145777593,0.6022831302000178,-0.038299308200388016,-0.11949641573852454,-0.49213168562072496,-1.677173392879863,0.5509616616466665,0.5498449901934006,0.778358256304724,-0.873614221413312,-1.3164477912900783,-0.22222056543668592,0.81088838040233,1.1324867511606214,0.911859730890915
0.2889465775592092,-0.03076434348694726,-0.7641007107842803,-2.0812964440142374,0.7793780450878388,0.828715074892829,0.2911235212050316,-0.16376149451416333,-0.6652577259206667,-1.5575430478546348,0.7820455867017638,0.7798227090302728,0.20131929894406025,0.08132522912230361,-0.6121936593338196,-1.4449114918351318,0.7413167805964659,0.7279573359604038,0.23070418567773898,0.6023204745397899,-0.6705203986067775,-1.2919850187901714,0.8046017655621959,0.8008845330055127,0.3261339563963242,-0.04282510610236964,-0.8601095393467469,-1.7010673375230425,0.7423333741993338,0.8549763332735497,0.12798192182932389,-0.13540530805441192,-0.6508555299418407,-1.787859229277602,0.6654544995760554,0.7005630255839217,0.03317409197332024,-0.17939407924861347,-0.5462420194184883,-1.829722505590959,0.5928941145777593,0.6022831302000178,-0.038299308200388016,-0.11949641573852454,-0.49213168562072496,-1.677173392879863,0.5509616616466665,0.5498449901934006,0.778358256304724,-0.873614221413312,-1.3164477912900783,-0.22222056543668592,0.81088838040233,1.1324867511606214,0.6573892930980005,-0.27462505973361545,-1.1687055613775594,-0.7082012708726404,0.8122262175837048,1.0576052498135786,0.9040642025157354
0.2911235212050316,-0.16376149451416333,-0.6652577259206667,-1.5575430478546348,0.7820455867017638,0.7798227090302728,0.20131929894406025,0.08132522912230361,-0.6121936593338196,-1.4449114918351318,0.7413167805964659,0.7279573359604038,0.23070418567773898,0.6023204745397899,-0.6705203986067775,-1.2919850187901714,0.8046017655621959,0.8008845330055127,0.3261339563963242,-0.04282510610236964,-0.8601095393467469,-1.7010673375230425,0.7423333741993338,0.8549763332735497,0.12798192182932389,-0.13540530805441192,-0.6508555299418407,-1.787859229277602,0.6654544995760554,0.7005630255839217,0.03317409197332024,-0.17939407924861347,-0.5462420194184883,-1.829722505590959,0.5928941145777593,0.6022831302000178,-0.038299308200388016,-0.11949641573852454,-0.49213168562072496,-1.677173392879863,0.5509616616466665,0.5498449901934006,0.778358256304724,-0.873614221413312,-1.3164477912900783,-0.22222056543668592,0.81088838040233,1.1324867511606214,0.6573892930980005,-0.27462505973361545,-1.1687055613775594,-0.7082012708726404,0.8122262175837048,1.0576052498135786,0.4304187930571927,-0.08595853582964143,-1.0062341630947458,-1.1671509089433776,0.6996405092532962,0.9021499239999565,0.8878805472517142
0.20131929894406025,0.08132522912230361,-0.6121936593338196,-1.4449114918351318,0.7413167805964659,0.7279573359604038,0.23070418567773898,0.6023204745397899,-0.6705203986067775,-1.2919850187901714,0.8046017655621959,0.8008845330055127,0.3261339563963242,-0.04282510610236964,-0.8601095393467469,-1.7010673375230425,0.7423333741993338,0.8549763332735497,0.12798192182932389,-0.13540530805441192,-0.6508555299418407,-1.787859229277602,0.6654544995760554,0.7005630255839217,0.03317409197332024,-0.17939407924861347,-0.5462420194184883,-1.829722505590959,0.5928941145777593,0.6022831302000178,-0.038299308200388016,-0.11949641573852454,-0.49213168562072496,-1.677173392879863,0.5509616616466665,0.5498449901934006,0.778358256304724,-0.873614221413312,-1.3164477912900783,-0.22222056543668592,0.81088838040233,1.1324867511606214,0.6573892930980005,-0.27462505973361545,-1.1687055613775594,-0.7082012708726404,0.8122262175837048,1.0576052498135786,0.4304187930571927,-0.08595853582964143,-1.0062341630947458,-1.1671509089433776,0.6996405092532962,0.9021499239999565,0.19605841870998003,0.10431170959522029,-0.8025154828827497,-1.2958127923422724,0.6263807078562269,0.7531649982257529,0.8723704920918399
0.23070418567773898,0.6023204745397899,-0.6705203986067775,-1.2919850187901714,0.8046017655621959,0.8008845330055127,0.3261339563963242,-0.04282510610236964,-0.8601095393467469,-1.7010673375230425,0.7423333741993338,0.8549763332735497,0.12798192182932389,-0.13540530805441192,-0.6508555299418407,-1.787859229277602,0.6654544995760554,0.7005630255839217,0.03317409197332024,-0.17939407924861347,-0.5462420194184883,-1.829722505590959,0.5928941145777593,0.6022831302000178,-0.038299308200388016,-0.11949641573852454,-0.49213168562072496,-1.677173392879863,0.5509616616466665,0.5498449901934006,0.778358256304724,-0.873614221413312,-1.3164477912900783,-0.22222056543668592,0.81088838040233,1.1324867511606214,0.6573892930980005,-0.27462505973361545,-1.1687055613775594,-0.7082012708726404,0.8122262175837048,1.0576052498135786,0.4304187930571927,-0.08595853582964143,-1.0062341630947458,-1.1671509089433776,0.6996405092532962,0.9021499239999565,0.19605841870998003,0.10431170959522029,-0.8025154828827497,-1.2958127923422724,0.6263807078562269,0.7531649982257529,0.15372444550131006,-0.23792555342954072,-0.6982953133475021,-1.4853804522836282,0.5920686405722307,0.6785577717678655,0.8646035170661865
0.3261339563963242,-0.04282510610236964,-0.8601095393467469,-1.7010673375230425,0.7423333741993338,0.8549763332735497,0.12798192182932389,-0.13540530805441192,-0.6508555299418407,-1.787859229277602,0.6654544995760554,0.7005630255839217,0.03317409197332024,-0.17939407924861347,-0.5462420194184883,-1.829722505590959,0.5928941145777593,0.6022831302000178,-0.038299308200388016,-0.11949641573852454,-0.49213168562072496,-1.677173392879863,0.5509616616466665,0.5498449901934006,0.778358256304724,-0.873614221413312,-1.3164477912900783,-0.22222056543668592,0.81088838040233,1.1324867511606214,0.6573892930980005,-0.27462505973361545,-1.1687055613775594,-0.7082012708726404,0.8122262175837048,1.0576052498135786,0.4304187930571927,-0.08595853582964143,-1.0062341630947458,-1.1671509089433776,0.6996405092532962,0.9021499239999565,0.19605841870998003,0.10431170959522029,-0.8025154828827497,-1.2958127923422724,0.6263807078562269,0.7531649982257529,0.15372444550131006,-0.23792555342954072,-0.6982953133475021,-1.4853804522836282,0.5920686405722307,0.6785577717678655,0.031027768638860188,-0.20451068068225844,-0.5432785214943398,-1.2925109245988813,0.5535641412700077,0.5772254303109119,0.8540543276276622
0.12798192182932389,-0.13540530805441192,-0.6508555299418407,-1.787859229277602,0.6654544995760554,0.7005630255839217,0.03317409197332024,-0.17939407924861347,-0.5462420194184883,-1.829722505590959,0.5928941145777593,0.6022831302000178,-0.038299308200388016,-0.11949641573852454,-0.49213168562072496,-1.677173392879863,0.5509616616466665,0.5498449901934006,0.778358256304724,-0.873614221413312,-1.3164477912900783,-0.22222056543668592,0.81088838040233,1.1324867511606214,0.6573892930980005,-0.27462505973361545,-1.1687055613775594,-0.7082012708726404,0.8122262175837048,1.0576052498135786,0.4304187930571927,-0.08595853582964143,-1.0062341630947458,-1.1671509089433776,0.6996405092532962,0.9021499239999565,0.19605841870998003,0.10431170959522029,-0.8025154828827497,-1.2958127923422724,0.6263807078562269,0.7531649982257529,0.15372444550131006,-0.23792555342954072,-0.6982953133475021,-1.4853804522836282,0.5920686405722307,0.6785577717678655,0.031027768638860188,-0.20451068068225844,-0.5432785214943398,-1.2925109245988813,0.5535641412700077,0.5772254303109119,-0.04037981102688243,-0.07628706623933974,-0.4426437160803776,-0.9265108684772146,0.5553411468878203,0.5267319601107041,0.8487977118730884
0.03317409197332024,-0.17939407924861347,-0.5462420194184883,-1.829722505590959,0.5928941145777593,0.6022831302000178,-0.038299308200388016,-0.11949641573852454,-0.49213168562072496,-1.677173392879863,0.5509616616466665,0.5498449901934006,0.778358256304724,-0.873614221413312,-1.3164477912900783,-0.22222056543668592,0.81088838040233,1.1324867511606214,0.6573892930980005,-0.27462505973361545,-1.1687055613775594,-0.7082012708726404,0.8122262175837048,1.0576052498135786,0.4304187930571927,-0.08595853582964143,-1.0062341630947458,-1.1671509089433776,0.6996405092532962,0.9021499239999565,0.19605841870998003,0.10431170959522029,-0.8025154828827497,-1.2958127923422724,0.6263807078562269,0.7531649982257529,0.15372444550131006,-0.23792555342954072,-0.6982953133475021,-1.4853804522836282,0.5920686405722307,0.6785577717678655,0.031027768638860188,-0.20451068068225844,-0.5432785214943398,-1.2925109245988813,0.5535641412700077,0.5772254303109119,-0.04037981102688243,-0.07628706623933974,-0.4426437160803776,-0.9265108684772146,0.5553411468878203,0.5267319601107041,-0.12697151454019245,-0.15912775342872376,-0.33551247155188846,-1.114810570876646,0.5207810307647256,0.4521342370901945,0.8410317262014732
-0.038299308200388016,-0.11949641573852454,-0.49213168562072496,-1.677173392879863,0.5509616616466665,0.5498449901934006,0.778358256304724,-0.873614221413312,-1.3164477912900783,-0.22222056543668592,0.81088838040233,1.1324867511606214,0.6573892930980005,-0.27462505973361545,-1.1687055613775594,-0.7082012708726404,0.8122262175837048,1.0576052498135786,0.4304187930571927,-0.08595853582964143,-1.0062341630947458,-1.1671509089433776,0.6996405092532962,0.9021499239999565,0.19605841870998003,0.10431170959522029,-0.8025154828827497,-1.2958127923422724,0.6263807078562269,0.7531649982257529,0.15372444550131006,-0.23792555342954072,-0.6982953133475021,-1.4853804522836282,0.5920686405722307,0.6785577717678655,0.031027768638860188,-0.20451068068225844,-0.5432785214943398,-1.2925109245988813,0.5535641412700077,0.5772254303109119,-0.04037981102688243,-0.07628706623933974,-0.4426437160803776,-0.9265108684772146,0.5553411468878203,0.5267319601107041,-0.12697151454019245,-0.15912775342872376,-0.33551247155188846,-1.114810570876646,0.5207810307647256,0.4521342370901945,-0.21054001207806394,-0.10268212094453805,-0.2804991382160695,-1.1005300337877333,0.48417959468707056,0.40128829216990286,0.8357384161147543
0.778358256304724,-0.873614221413312,-1.3164477912900783,-0.22222056543668592,0.81088838040233,1.1324867511606214,0.6573892930980005,-0.27462505973361545,-1.1687055613775594,-0.7082012708726404,0.8122262175837048,1.0576052498135786,0.4304187930571927,-0.08595853582964143,-1.0062341630947458,-1.1671509089433776,0.6996405092532962,0.9021499239999565,0.19605841870998003,0.10431170959522029,-0.8025154828827497,-1.2958127923422724,0.6263807078562269,0.7531649982257529,0.15372444550131006,-0.23792555342954072,-0.6982953133475021,-1.4853804522836282,0.5920686405722307,0.6785577717678655,0.031027768638860188,-0.20451068068225844,-0.5432785214943398,-1.2925109245988813,0.5535641412700077,0.5772254303109119,-0.04037981102688243,-0.07628706623933974,-0.4426437160803776,-0.9265108684772146,0.5553411468878203,0.5267319601107041,-0.12697151454019245,-0.15912775342872376,-0.33551247155188846,-1.114810570876646,0.5207810307647256,0.4521342370901945,-0.21054001207806394,-0.10268212094453805,-0.2804991382160695,-1.1005300337877333,0.48417959468707056,0.40128829216990286,-0.3358777245069342,0.12179835406213718,-0.2254296577252615,-1.0211615204595588,0.4442193333455419,0.34981282165109095,0.8303795693523828
0.6573892930980005,-0.27462505973361545,-1.1687055613775594,-0.7082012708726404,0.8122262175837048,1.0576052498135786,0.4304187930571927,-0.08595853582964143,-1.0062341630947458,-1.1671509089433776,0.6996405092532962,0.9021499239999565,0.19605841870998003,0.10431170959522029,-0.8025154828827497,-1.2958127923422724,0.6263807078562269,0.7531649982257529,0.15372444550131006,-0.23792555342954072,-0.6982953133475021,-1.4853804522836282,0.5920686405722307,0.6785577717678655,0.031027768638860188,-0.20451068068225844,-0.5432785214943398,-1.2925109245988813,0.5535641412700077,0.5772254303109119,-0.04037981102688243,-0.07628706623933974,-0.4426437160803776,-0.9265108684772146,0.5553411468878203,0.5267319601107041,-0.12697151454019245,-0.15912775342872376,-0.33551247155188846,-1.114810570876646,0.5207810307647256,0.4521342370901945,-0.21054001207806394,-0.10268212094453805,-0.2804991382160695,-1.1005300337877333,0.48417959468707056,0.40128829216990286,-0.3358777245069342,0.12179835406213718,-0.2254296577252615,-1.0211615204595588,0.4442193333455419,0.34981282165109095,-0.42875500359491014,0.26260663042727805,-0.12638446643687126,-0.7010418008845649,0.44980653178690283,0.303522362839563,0.8255605075190345
0.4304187930571927,-0.08595853582964143,-1.0062341630947458,-1.1671509089433776,0.6996405092532962,0.9021499239999565,0.19605841870998003,0.10431170959522029,-0.8025154828827497,-1.2958127923422724,0.6263807078562269,0.7531649982257529,0.15372444550131006,-0.23792555342954072,-0.6982953133475021,-1.4853804522836282,0.5920686405722307,0.6785577717678655,0.031027768638860188,-0.20451068068225844,-0.5432785214943398,-1.2925109245988813,0.5535641412700077,0.5772254303109119,-0.04037981102688243,-0.07628706623933974,-0.4426437160803776,-0.9265108684772146,0.5553411468878203,0.5267319601107041,-0.12697151454019245,-0.15912775342872376,-0.33551247155188846,-1.114810570876646,0.5207810307647256,0.4521342370901945,-0.21054001207806394,-0.10268212094453805,-0.2804991382160695,-1.1005300337877333,0.48417959468707056,0.40128829216990286,-0.3358777245069342,0.12179835406213718,-0.2254296577252615,-1.0211615204595588,0.4442193333455419,0.34981282165109095,-0.42875500359491014,0.26260663042727805,-0.12638446643687126,-0.7010418008845649,0.44980653178690283,0.303522362839563,-0.40575949140139633,0.03815615072426608,-0.06783254574244364,-0.4940562302037586,0.40901673006543326,0.250757827195958,0.8200674628095465
0.19605841870998003,0.10431170959522029,-0.8025154828827497,-1.2958127923422724,0.6263807078562269,0.7531649982257529,0.15372444550131006,-0.23792555342954072,-0.6982953133475021,-1.4853804522836282,0.5920686405722307,0.6785577717678655,0.031027768638860188,-0.20451068068225844,-0.5432785214943398,-1.2925109245988813,0.5535641412700077,0.5772254303109119,-0.04037981102688243,-0.07628706623933974,-0.4426437160803776,-0.9265108684772146,0.5553411468878203,0.5267319601107041,-0.12697151454019245,-0.15912775342872376,-0.33551247155188846,-1.114810570876646,0.5207810307647256,0.4521342370901945,-0.21054001207806394,-0.10268212094453805,-0.2804991382160695,-1.1005300337877333,0.48417959468707056,0.40128829216990286,-0.3358777245069342,0.12179835406213718,-0.2254296577252615,-1.0211615204595588,0.4442193333455419,0.34981282165109095,-0.42875500359491014,0.26260663042727805,-0.12638446643687126,-0.7010418008845649,0.44980653178690283,0.303522362839563,-0.40575949140139633,0.03815615072426608,-0.06783254574244364,-0.4940562302037586,0.40901673006543326,0.250757827195958,-0.49885310880472655,0.05901140921137141,0.03732215493727443,-0.5901968412891931,0.40768295925848186,0.1982387431833943,0.814599970808272
0.15372444550131006,-0.23792555342954072,-0.6982953133475021,-1.4853804522836282,0.5920686405722307,0.6785577717678655,0.031027768638860188,-0.20451068068225844,-0.5432785214943398,-1.2925109245988813,0.5535641412700077,0.5772254303109119,-0.04037981102688243,-0.07628706623933974,-0.4426437160803776,-0.9265108684772146,0.5553411468878203,0.5267319601107041,-0.12697151454019245,-0.15912775342872376,-0.33551247155188846,-1.114810570876646,0.5207810307647256,0.4521342370901945,-0.21054001207806394,-0.10268212094453805,-0.2804991382160695,-1.1005300337877333,0.48417959468707056,0.40128829216990286,-0.3358777245069342,0.12179835406213718,-0.2254296577252615,-1.0211615204595588,0.4442193333455419,0.34981282165109095,-0.42875500359491014,0.26260663042727805,-0.12638446643687126,-0.7010418008845649,0.44980653178690283,0.303522362839563,-0.40575949140139633,0.03815615072426608,-0.06783254574244364,-0.4940562302037586,0.40901673006543326,0.250757827195958,-0.49885310880472655,0.05901140921137141,0.03732215493727443,-0.5901968412891931,0.40768295925848186,0.1982387431833943,-0.541703897143477,-0.24852489186061233,0.15000680808445854,-0.6186926421725101,0.33728588544707805,0.10049925772391972,0.8044248151480833
0.031027768638860188,-0.20451068068225844,-0.5432785214943398,-1.2925109245988813,0.5535641412700077,0.5772254303109119,-0.04037981102688243,-0.07628706623933974,-0.4426437160803776,-0.9265108684772146,0.5553411468878203,0.5267319601107041,-0.12697151454019245,-0.15912775342872376,-0.33551247155188846,-1.114810570876646,0.5207810307647256,0.4521342370901945,-0.21054001207806394,-0.10268212094453805,-0.2804991382160695,-1.1005300337877333,0.48417959468707056,0.40128829216990286,-0.3358777245069342,0.12179835406213718,-0.2254296577252615,-1.0211615204595588,0.4442193333455419,0.34981282165109095,-0.42875500359491014,0.26260663042727805,-0.12638446643687126,-0.7010418008845649,0.44980653178690283,0.303522362839563,-0.40575949140139633,0.03815615072426608,-0.06783254574244364,-0.4940562302037586,0.40901673006543326,0.250757827195958,-0.49885310880472655,0.05901140921137141,0.03732215493727443,-0.5901968412891931,0.40768295925848186,0.1982387431833943,-0.541703897143477,-0.24852489186061233,0.15000680808445854,-0.6186926421725101,0.33728588544707805,0.10049925772391972,-0.7121766709375216,0.20332435276443364,0.20275820992510496,-0.48944755139044777,0.3403356662556816,0.07492340905863726,0.8017622449484624
-0.04037981102688243,-0.07628706623933974,-0.4426437160803776,-0.9265108684772146,0.5553411468878203,0.5267319601107041,-0.12697151454019245,-0.15912775342872376,-0.33551247155188846,-1.114810570876646,0.5207810307647256,0.4521342370901945,-0.21054001207806394,-0.10268212094453805,-0.2804991382160695,-1.1005300337877333,0.48417959468707056,0.40128829216990286,-0.3358777245069342,0.12179835406213718,-0.2254296577252615,-1.0211615204595588,0.4442193333455419,0.34981282165109095,-0.42875500359491014,0.26260663042727805,-0.12638446643687126,-0.7010418008845649,0.44980653178690283,0.303522362839563,-0.40575949140139633,0.03815615072426608,-0.06783254574244364,-0.4940562302037586,0.40901673006543326,0.250757827195958,-0.49885310880472655,0.05901140921137141,0.03732215493727443,-0.5901968412891931,0.40768295925848186,0.1982387431833943,-0.541703897143477,-0.24852489186061233,0.15000680808445854,-0.6186926421725101,0.33728588544707805,0.10049925772391972,-0.7121766709375216,0.20332435276443364,0.20275820992510496,-0.48944755139044777,0.3403356662556816,0.07492340905863726,-0.7064816457367997,0.11328755290989899,0.20142783537355283,-0.2630415599116243,0.30113175055468544,0.05305471147731199,0.7994856072013992
-0.12697151454019245,-0.15912775342872376,-0.33551247155188846,-1.114810570876646,0.5207810307647256,0.4521342370901945,-0.21054001207806394,-0.10268212094453805,-0.2804991382160695,-1.1005300337877333,0.48417959468707056,0.40128829216990286,-0.3358777245069342,0.12179835406213718,-0.2254296577252615,-1.0211615204595588,0.4442193333455419,0.34981282165109095,-0.42875500359491014,0.26260663042727805,-0.12638446643687126,-0.7010418008845649,0.44980653178690283,0.303522362839563,-0.40575949140139633,0.03815615072426608,-0.06783254574244364,-0.4940562302037586,0.40901673006543326,0.250757827195958,-0.49885310880472655,0.05901140921137141,0.03732215493727443,-0.5901968412891931,0.40768295925848186,0.1982387431833943,-0.541703897143477,-0.24852489186061233,0.15000680808445854,-0.6186926421725101,0.33728588544707805,0.10049925772391972,-0.7121766709375216,0.20332435276443364,0.20275820992510496,-0.48944755139044777,0.3403356662556816,0.07492340905863726,-0.7064816457367997,0.11328755290989899,0.20142783537355283,-0.2630415599116243,0.30113175055468544,0.05305471147731199,-0.7704945767750975,0.10945284451533684,0.26817360669037793,-0.8575767832571531,0.26675868765451766,-0.0014283444105857809,0.7938136561787802
-0.21054001207806394,-0.10268212094453805,-0.2804991382160695,-1.1005300337877333,0.48417959468707056,0.40128829216990286,-0.3358777245069342,0.12179835406213718,-0.2254296577252615,-1.0211615204595588,0.4442193333455419,0.34981282165109095,-0.42875500359491014,0.26260663042727805,-0.12638446643687126,-0.7010418008845649,0.44980653178690283,0.303522362839563,-0.40575949140139633,0.03815615072426608,-0.06783254574244364,-0.4940562302037586,0.40901673006543326,0.250757827195958,-0.49885310880472655,0.05901140921137141,0.03732215493727443,-0.5901968412891931,0.40768295925848186,0.1982387431833943,-0.541703897143477,-0.24852489186061233,0.15000680808445854,-0.6186926421725101,0.33728588544707805,0.10049925772391972,-0.7121766709375216,0.20332435276443364,0.20275820992510496,-0.48944755139044777,0.3403356662556816,0.07492340905863726,-0.7064816457367997,0.11328755290989899,0.20142783537355283,-0.2630415599116243,0.30113175055468544,0.05305471147731199,-0.7704945767750975,0.10945284451533684,0.26817360669037793,-0.8575767832571531,0.26675868765451766,-0.0014283444105857809,-0.7240930122969726,-0.0072957844980211985,0.31762015130070137,-0.7519740372443001,0.2675231660438507,-0.02378723232842062,0.7914859872343083
-0.3358777245069342,0.12179835406213718,-0.2254296577252615,-1.0211615204595588,0.4442193333455419,0.34981282165109095,-0.42875500359491014,0.26260663042727805,-0.12638446643687126,-0.7010418008845649,0.44980653178690283,0.303522362839563,-0.40575949140139633,0.03815615072426608,-0.06783254574244364,-0.4940562302037586,0.40901673006543326,0.250757827195958,-0.49885310880472655,0.05901140921137141,0.03732215493727443,-0.5901968412891931,0.40768295925848186,0.1982387431833943,-0.541703897143477,-0.24852489186061233,0.15000680808445854,-0.6186926421725101,0.33728588544707805,0.10049925772391972,-0.7121766709375216,0.20332435276443364,0.20275820992510496,-0.48944755139044777,0.3403356662556816,0.07492340905863726,-0.7064816457367997,0.11328755290989899,0.20142783537355283,-0.2630415599116243,0.30113175055468544,0.05305471147731199,-0.7704945767750975,0.10945284451533684,0.26817360669037793,-0.8575767832571531,0.26675868765451766,-0.0014283444105857809,-0.7240930122969726,-0.0072957844980211985,0.31762015130070137,-0.7519740372443001,0.2675231660438507,-0.02378723232842062,-0.8986696205653452,0.09652860080235248,0.4283503308477755,-0.7186592551254484,0.23086073435004814,-0.09983717576200216,0.7835688183567815
-0.42875500359491014,0.26260663042727805,-0.12638446643687126,-0.7010418008845649,0.44980653178690283,0.303522362839563,-0.40575949140139633,0.03815615072426608,-0.06783254574244364,-0.4940562302037586,0.40901673006543326,0.250757827195958,-0.49885310880472655,0.05901140921137141,0.03732215493727443,-0.5901968412891931,0.40768295925848186,0.1982387431833943,-0.541703897143477,-0.24852489186061233,0.15000680808445854,-0.6186926421725101,0.33728588544707805,0.10049925772391972,-0.7121766709375216,0.20332435276443364,0.20275820992510496,-0.48944755139044777,0.3403356662556816,0.07492340905863726,-0.7064816457367997,0.11328755290989899,0.20142783537355283,-0.2630415599116243,0.30113175055468544,0.05305471147731199,-0.7704945767750975,0.10945284451533684,0.26817360669037793,-0.8575767832571531,0.26675868765451766,-0.0014283444105857809,-0.7240930122969726,-0.0072957844980211985,0.31762015130070137,-0.7519740372443001,0.2675231660438507,-0.02378723232842062,-0.8986696205653452,0.09652860080235248,0.4283503308477755,-0.7186592551254484,0.23086073435004814,-0.09983717576200216,-0.9440362518259108,0.11659465741123826,0.43476912091593234,-0.7538990686356263,0.19077034902735177,-0.1276601929709937,0.7806723069856941
-0.40575949140139633,0.03815615072426608,-0.06783254574244364,-0.4940562302037586,0.40901673006543326,0.250757827195958,-0.49885310880472655,0.05901140921137141,0.03732215493727443,-0.5901968412891931,0.40768295925848186,0.1982387431833943,-0.541703897143477,-0.24852489186061233,0.15000680808445854,-0.6186926421725101,0.33728588544707805,0.10049925772391972,-0.7121766709375216,0.20332435276443364,0.20275820992510496,-0.48944755139044777,0.3403356662556816,0.07492340905863726,-0.7064816457367997,0.11328755290989899,0.20142783537355283,-0.2630415599116243,0.30113175055468544,0.05305471147731199,-0.7704945767750975,0.10945284451533684,0.26817360669037793,-0.8575767832571531,0.26675868765451766,-0.0014283444105857809,-0.7240930122969726,-0.0072957844980211985,0.31762015130070137,-0.7519740372443001,0.2675231660438507,-0.02378723232842062,-0.8986696205653452,0.09652860080235248,0.4283503308477755,-0.7186592551254484,0.23086073435004814,-0.09983717576200216,-0.9440362518259108,0.11659465741123826,0.43476912091593234,-0.7538990686356263,0.19077034902735177,-0.1276601929709937,-0.9562899435592118,-0.07914476129011942,0.4924412749287762,-0.7340765756956547,0.1548032673578861,-0.1765216221224466,0.775585594639521
-0.49885310880472655,0.05901140921137141,0.03732215493727443,-0.5901968412891931,0.40768295925848186,0.1982387431833943,-0.541703897143477,-0.24852489186061233,0.15000680808445854,-0.6186926421725101,0.33728588544707805,0.10049925772391972,-0.7121766709375216,0.20332435276443364,0.20275820992510496,-0.48944755139044777,0.3403356662556816,0.07492340905863726,-0.7064816457367997,0.11328755290989899,0.20142783537355283,-0.2630415599116243,0.30113175055468544,0.05305471147731199,-0.7704945767750975,0.10945284451533684,0.26817360669037793,-0.8575767832571531,0.26675868765451766,-0.0014283444105857809,-0.7240930122969726,-0.0072957844980211985,0.31762015130070137,-0.7519740372443001,0.2675231660438507,-0.02378723232842062,-0.8986696205653452,0.09652860080235248,0.4283503308477755,-0.7186592551254484,0.23086073435004814,-0.09983717576200216,-0.9440362518259108,0.11659465741123826,0.43476912091593234,-0.7538990686356263,0.19077034902735177,-0.1276601929709937,-0.9562899435592118,-0.07914476129011942,0.4924412749287762,-0.7340765756956547,0.1548032673578861,-0.1765216221224466,-1.0483434225559112,0.1390504319918342,0.5440736207763833,-0.5657616720356854,0.15531563053373232,-0.22693727242410047,0.7703370803147586
-0.541703897143477,-0.24852489186061233,0.15000680808445854,-0.6186926421725101,0.33728588544707805,0.10049925772391972,-0.7121766709375216,0.20332435276443364,0.20275820992510496,-0.48944755139044777,0.3403356662556816,0.07492340905863726,-0.7064816457367997,0.11328755290989899,0.20142783537355283,-0.2630415599116243,0.30113175055468544,0.05305471147731199,-0.7704945767750975,0.10945284451533684,0.26817360669037793,-0.8575767832571531,0.26675868765451766,-0.0014283444105857809,-0.7240930122969726,-0.0072957844980211985,0.31762015130070137,-0.7519740372443001,0.2675231660438507,-0.02378723232842062,-0.8986696205653452,0.09652860080235248,0.4283503308477755,-0.7186592551254484,0.23086073435004814,-0.09983717576200216,-0.9440362518259108,0.11659465741123826,0.43476912091593234,-0.7538990686356263,0.19077034902735177,-0.1276601929709937,-0.9562899435592118,-0.07914476129011942,0.4924412749287762,-0.7340765756956547,0.1548032673578861,-0.1765216221224466,-1.0483434225559112,0.1390504319918342,0.5440736207763833,-0.5657616720356854,0.15531563053373232,-0.22693727242410047,-1.1328119415395872,0.11212904223554364,0.6562190030783991,-0.5104224119099501,0.12017808924418348,-0.30071041735760246,0.7626569372312216
-0.7121766709375216,0.20332435276443364,0.20275820992510496,-0.48944755139044777,0.3403356662556816,0.07492340905863726,-0.7064816457367997,0.11328755290989899,0.20142783537355283,-0.2630415599116243,0.30113175055468544,0.05305471147731199,-0.7704945767750975,0.10945284451533684,0.26817360669037793,-0.8575767832571531,0.26675868765451766,-0.0014283444105857809,-0.7240930122969726,-0.0072957844980211985,0.31762015130070137,-0.7519740372443001,0.2675231660438507,-0.02378723232842062,-0.8986696205653452,0.09652860080235248,0.4283503308477755,-0.7186592551254484,0.23086073435004814,-0.09983717576200216,-0.9440362518259108,0.11659465741123826,0.43476912091593234,-0.7538990686356263,0.19077034902735177,-0.1276601929709937,-0.9562899435592118,-0.07914476129011942,0.4924412749287762,-0.7340765756956547,0.1548032673578861,-0.1765216221224466,-1.0483434225559112,0.1390504319918342,0.5440736207763833,-0.5657616720356854,0.15531563053373232,-0.22693727242410047,-1.1328119415395872,0.11212904223554364,0.6562190030783991,-0.5104224119099501,0.12017808924418348,-0.30071041735760246,-1.0699522974293127,-0.1079173146110661,0.6106550750067637,-0.5421909497051043,0.07850181790103784,-0.27744946083566885,0.7650785159033714
-0.7064816457367997,0.11328755290989899,0.20142783537355283,-0.2630415599116243,0.30113175055468544,0.05305471147731199,-0.7704945767750975,0.10945284451533684,0.26817360669037793,-0.8575767832571531,0.26675868765451766,-0.0014283444105857809,-0.7240930122969726,-0.0072957844980211985,0.31762015130070137,-0.7519740372443001,0.2675231660438507,-0.02378723232842062,-0.8986696205653452,0.09652860080235248,0.4283503308477755,-0.7186592551254484,0.23086073435004814,-0.09983717576200216,-0.9440362518259108,0.11659465741123826,0.43476912091593234,-0.7538990686356263,0.19077034902735177,-0.1276601929709937,-0.9562899435592118,-0.07914476129011942,0.4924412749287762,-0.7340765756956547,0.1548032673578861,-0.1765216221224466,-1.0483434225559112,0.1390504319918342,0.5440736207763833,-0.5657616720356854,0.15531563053373232,-0.22693727242410047,-1.1328119415395872,0.11212904223554364,0.6562190030783991,-0.5104224119099501,0.12017808924418348,-0.30071041735760246,-1.0699522974293127,-0.1079173146110661,0.6106550750067637,-0.5421909497051043,0.07850181790103784,-0.27744946083566885,-1.145620380788509,0.04218724685305095,0.6636212825828275,-0.47892267354595364,0.07957940712007724,-0.3038668069895256,0.7623283417237045
-0.7704945767750975,0.10945284451533684,0.26817360669037793,-0.8575767832571531,0.26675868765451766,-0.0014283444105857809,-0.7240930122969726,-0.0072957844980211985,0.31762015130070137,-0.7519740372443001,0.2675231660438507,-0.02378723232842062,-0.8986696205653452,0.09652860080235248,0.4283503308477755,-0.7186592551254484,0.23086073435004814,-0.09983717576200216,-0.9440362518259108,0.11659465741123826,0.43476912091593234,-0.7538990686356263,0.19077034902735177,-0.1276601929709937,-0.9562899435592118,-0.07914476129011942,0.4924412749287762,-0.7340765756956547,0.1548032673578861,-0.1765216221224466,-1.0483434225559112,0.1390504319918342,0.5440736207763833,-0.5657616720356854,0.15531563053373232,-0.22693727242410047,-1.1328119415395872,0.11212904223554364,0.6562190030783991,-0.5104224119099501,0.12017808924418348,-0.30071041735760246,-1.0699522974293127,-0.1079173146110661,0.6106550750067637,-0.5421909497051043,0.07850181790103784,-0.27744946083566885,-1.145620380788509,0.04218724685305095,0.6636212825828275,-0.47892267354595364,0.07957940712007724,-0.3038668069895256,-1.0972681436581633,-0.339870202995461,0.7235058456738058,-0.5150264718289594,0.04482410502523097,-0.35241105638050696,0.7572746493327714
-0.7240930122969726,-0.0072957844980211985,0.31762015130070137,-0.7519740372443001,0.2675231660438507,-0.02378723232842062,-0.8986696205653452,0.09652860080235248,0.4283503308477755,-0.7186592551254484,0.23086073435004814,-0.09983717576200216,-0.9440362518259108,0.11659465741123826,0.43476912091593234,-0.7538990686356263,0.19077034902735177,-0.1276601929709937,-0.9562899435592118,-0.07914476129011942,0.4924412749287762,-0.7340765756956547,0.1548032673578861,-0.1765216221224466,-1.0483434225559112,0.1390504319918342,0.5440736207763833,-0.5657616720356854,0.15531563053373232,-0.22693727242410047,-1.1328119415395872,0.11212904223554364,0.6562190030783991,-0.5104224119099501,0.12017808924418348,-0.30071041735760246,-1.0699522974293127,-0.1079173146110661,0.6106550750067637,-0.5421909497051043,0.07850181790103784,-0.27744946083566885,-1.145620380788509,0.04218724685305095,0.6636212825828275,-0.47892267354595364,0.07957940712007724,-0.3038668069895256,-1.0972681436581633,-0.339870202995461,0.7235058456738058,-0.5150264718289594,0.04482410502523097,-0.35241105638050696,-1.1696678692690157,-0.19760426037459974,0.7317059406671629,-0.4331322047330239,0.008543912526082921,-0.37718316575673083,0.754695752301041
-0.8986696205653452,0.09652860080235248,0.4283503308477755,-0.7186592551254484,0.23086073435004814,-0.09983717576200216,-0.9440362518259108,0.11659465741123826,0.43476912091593234,-0.7538990686356263,0.19077034902735177,-0.1276601929709937,-0.9562899435592118,-0.07914476129011942,0.4924412749287762,-0.7340765756956547,0.1548032673578861,-0.1765216221224466,-1.0483434225559112,0.1390504319918342,0.5440736207763833,-0.5657616720356854,0.15531563053373232,-0.22693727242410047,-1.1328119415395872,0.11212904223554364,0.6562190030783991,-0.5104224119099501,0.12017808924418348,-0.30071041735760246,-1.0699522974293127,-0.1079173146110661,0.6106550750067637,-0.5421909497051043,0.07850181790103784,-0.27744946083566885,-1.145620380788509,0.04218724685305095,0.6636212825828275,-0.47892267354595364,0.07957940712007724,-0.3038668069895256,-1.0972681436581633,-0.339870202995461,0.7235058456738058,-0.5150264718289594,0.04482410502523097,-0.35241105638050696,-1.1696678692690157,-0.19760426037459974,0.7317059406671629,-0.4331322047330239,0.008543912526082921,-0.37718316575673083,-1.2467682383346805,-0.06300517385180751,0.7375060633425613,-0.392522911078639,-0.030973114004595653,-0.40309007915975753,0.7519987166525351
-0.9440362518259108,0.11659465741123826,0.43476912091593234,-0.7538990686356263,0.19077034902735177,-0.1276601929709937,-0.9562899435592118,-0.07914476129011942,0.4924412749287762,-0.7340765756956547,0.1548032673578861,-0.1765216221224466,-1.0483434225559112,0.1390504319918342,0.5440736207763833,-0.5657616720356854,0.15531563053373232,-0.22693727242410047,-1.1328119415395872,0.11212904223554364,0.6562190030783991,-0.5104224119099501,0.12017808924418348,-0.30071041735760246,-1.0699522974293127,-0.1079173146110661,0.6106550750067637,-0.5421909497051043,0.07850181790103784,-0.27744946083566885,-1.145620380788509,0.04218724685305095,0.6636212825828275,-0.47892267354595364,0.07957940712007724,-0.3038668069895256,-1.0972681436581633,-0.339870202995461,0.7235058456738058,-0.5150264718289594,0.04482410502523097,-0.35241105638050696,-1.1696678692690157,-0.19760426037459974,0.7317059406671629,-0.4331322047330239,0.008543912526082921,-0.37718316575673083,-1.2467682383346805,-0.06300517385180751,0.7375060633425613,-0.392522911078639,-0.030973114004595653,-0.40309007915975753,-1.2412138278914944,-0.28610197502739215,0.845752072616134,-0.46598687075107875,-0.030086644382895506,-0.45341069476242996,0.7467600959020094
-0.9562899435592118,-0.07914476129011942,0.4924412749287762,-0.7340765756956547,0.1548032673578861,-0.1765216221224466,-1.0483434225559112,0.1390504319918342,0.5440736207763833,-0.5657616720356854,0.15531563053373232,-0.22693727242410047,-1.1328119415395872,0.11212904223554364,0.6562190030783991,-0.5104224119099501,0.12017808924418348,-0.30071041735760246,-1.0699522974293127,-0.1079173146110661,0.6106550750067637,-0.5421909497051043,0.07850181790103784,-0.27744946083566885,-1.145620380788509,0.04218724685305095,0.6636212825828275,-0.47892267354595364,0.07957940712007724,-0.3038668069895256,-1.0972681436581633,-0.339870202995461,0.7235058456738058,-0.5150264718289594,0.04482410502523097,-0.35241105638050696,-1.1696678692690157,-0.19760426037459974,0.7317059406671629,-0.4331322047330239,0.008543912526082921,-0.37718316575673083,-1.2467682383346805,-0.06300517385180751,0.7375060633425613,-0.392522911078639,-0.030973114004595653,-0.40309007915975753,-1.2412138278914944,-0.28610197502739215,0.845752072616134,-0.46598687075107875,-0.030086644382895506,-0.45341069476242996,-1.3561746982828642,0.030404197555205514,0.8479943579139777,-0.07006139031129958,-0.03192871199129195,-0.4816893420454852,0.7438161512248711
-1.0483434225559112,0.1390504319918342,0.5440736207763833,-0.5657616720356854,0.15531563053373232,-0.22693727242410047,-1.1328119415395872,0.11212904223554364,0.6562190030783991,-0.5104224119099501,0.12017808924418348,-0.30071041735760246,-1.0699522974293127,-0.1079173146110661,0.6106550750067637,-0.5421909497051043,0.07850181790103784,-0.27744946083566885,-1.145620380788509,0.04218724685305095,0.6636212825828275,-0.47892267354595364,0.07957940712007724,-0.3038668069895256,-1.0972681436581633,-0.339870202995461,0.7235058456738058,-0.5150264718289594,0.04482410502523097,-0.35241105638050696,-1.1696678692690157,-0.19760426037459974,0.7317059406671629,-0.4331322047330239,0.008543912526082921,-0.37718316575673083,-1.2467682383346805,-0.06300517385180751,0.7375060633425613,-0.392522911078639,-0.030973114004595653,-0.40309007915975753,-1.2412138278914944,-0.28610197502739215,0.845752072616134,-0.46598687075107875,-0.030086644382895506,-0.45341069476242996,-1.3561746982828642,0.030404197555205514,0.8479943579139777,-0.07006139031129958,-0.03192871199129195,-0.4816893420454852,-1.1344685873930846,0.21875401269614256,0.4169647302756651,0.3167076828200859,-0.03523060801340633,-0.27682225846138503,0.7651438107200852
-1.1328119415395872,0.11212904223554364,0.6562190030783991,-0.5104224119099501,0.12017808924418348,-0.30071041735760246,-1.0699522974293127,-0.1079173146110661,0.6106550750067637,-0.5421909497051043,0.07850181790103784,-0.27744946083566885,-1.145620380788509,0.04218724685305095,0.6636212825828275,-0.47892267354595364,0.07957940712007724,-0.3038668069895256,-1.0972681436581633,-0.339870202995461,0.7235058456738058,-0.5150264718289594,0.04482410502523097,-0.35241105638050696,-1.1696678692690157,-0.19760426037459974,0.7317059406671629,-0.4331322047330239,0.008543912526082921,-0.37718316575673083,-1.2467682383346805,-0.06300517385180751,0.7375060633425613,-0.392522911078639,-0.030973114004595653,-0.40309007915975753,-1.2412138278914944,-0.28610197502739215,0.845752072616134,-0.46598687075107875,-0.030086644382895506,-0.45341069476242996,-1.3561746982828642,0.030404197555205514,0.8479943579139777,-0.07006139031129958,-0.03192871199129195,-0.4816893420454852,-1.1344685873930846,0.21875401269614256,0.4169647302756651,0.3167076828200859,-0.03523060801340633,-0.27682225846138503,-1.2563026603214045,-0.16002963915607052,0.6465453560224401,-0.02288090022608752,-0.10448909698958805,-0.4027126926990314,0.7520380044180056
-1.0699522974293127,-0.1079173146110661,0.6106550750067637,-0.5421909497051043,0.07850181790103784,-0.27744946083566885,-1.145620380788509,0.04218724685305095,0.6636212825828275,-0.47892267354595364,0.07957940712007724,-0.3038668069895256,-1.0972681436581633,-0.339870202995461,0.7235058456738058,-0.5150264718289594,0.04482410502523097,-0.35241105638050696,-1.1696678692690157,-0.19760426037459974,0.7317059406671629,-0.4331322047330239,0.008543912526082921,-0.37718316575673083,-1.2467682383346805,-0.06300517385180751,0.7375060633425613,-0.392522911078639,-0.030973114004595653,-0.40309007915975753,-1.2412138278914944,-0.28610197502739215,0.845752072616134,-0.46598687075107875,-0.030086644382895506,-0.45341069476242996,-1.3561746982828642,0.030404197555205514,0.8479943579139777,-0.07006139031129958,-0.03192871199129195,-0.4816893420454852,-1.1344685873930846,0.21875401269614256,0.4169647302756651,0.3167076828200859,-0.03523060801340633,-0.27682225846138503,-1.2563026603214045,-0.16002963915607052,0.6465453560224401,-0.02288090022608752,-0.10448909698958805,-0.4027126926990314,-1.4198963075841688,0.11048592111000505,0.7062798646321087,-0.025278691498328128,-0.14000481109937907,-0.476276249899302,0.7443796804365447
-1.145620380788509,0.04218724685305095,0.6636212825828275,-0.47892267354595364,0.07957940712007724,-0.3038668069895256,-1.0972681436581633,-0.339870202995461,0.7235058456738058,-0.5150264718289594,0.04482410502523097,-0.35241105638050696,-1.1696678692690157,-0.19760426037459974,0.7317059406671629,-0.4331322047330239,0.008543912526082921,-0.37718316575673083,-1.2467682383346805,-0.06300517385180751,0.7375060633425613,-0.392522911078639,-0.030973114004595653,-0.40309007915975753,-1.2412138278914944,-0.28610197502739215,0.845752072616134,-0.46598687075107875,-0.030086644382895506,-0.45341069476242996,-1.3561746982828642,0.030404197555205514,0.8479943579139777,-0.07006139031129958,-0.03192871199129195,-0.4816893420454852,-1.1344685873930846,0.21875401269614256,0.4169647302756651,0.3167076828200859,-0.03523060801340633,-0.27682225846138503,-1.2563026603214045,-0.16002963915607052,0.6465453560224401,-0.02288090022608752,-0.10448909698958805,-0.4027126926990314,-1.4198963075841688,0.11048592111000505,0.7062798646321087,-0.025278691498328128,-0.14000481109937907,-0.476276249899302,-1.3505945973432814,-0.3829892426271604,0.8675429269381559,0.022460813311303916,-0.1372112118786986,-0.5266169933677041,0.7391389642773318
-1.0972681436581633,-0.339870202995461,0.7235058456738058,-0.5150264718289594,0.04482410502523097,-0.35241105638050696,-1.1696678692690157,-0.19760426037459974,0.7317059406671629,-0.4331322047330239,0.008543912526082921,-0.37718316575673083,-1.2467682383346805,-0.06300517385180751,0.7375060633425613,-0.392522911078639,-0.030973114004595653,-0.40309007915975753,-1.2412138278914944,-0.28610197502739215,0.845752072616134,-0.46598687075107875,-0.030086644382895506,-0.45341069476242996,-1.3561746982828642,0.030404197555205514,0.8479943579139777,-0.07006139031129958,-0.03192871199129195,-0.4816893420454852,-1.1344685873930846,0.21875401269614256,0.4169647302756651,0.3167076828200859,-0.03523060801340633,-0.27682225846138503,-1.2563026603214045,-0.16002963915607052,0.6465453560224401,-0.02288090022608752,-0.10448909698958805,-0.4027126926990314,-1.4198963075841688,0.11048592111000505,0.7062798646321087,-0.025278691498328128,-0.14000481109937907,-0.476276249899302,-1.3505945973432814,-0.3829892426271604,0.8675429269381559,0.022460813311303916,-0.1372112118786986,-0.5266169933677041,-1.3480984854499614,-0.30323947910170557,0.860927553727911,0.43416875779452985,-0.14311965389856648,-0.5257426170068701,0.739229991107842
-1.1696678692690157,-0.19760426037459974,0.7317059406671629,-0.4331322047330239,0.008543912526082921,-0.37718316575673083,-1.2467682383346805,-0.06300517385180751,0.7375060633425613,-0.392522911078639,-0.030973114004595653,-0.40309007915975753,-1.2412138278914944,-0.28610197502739215,0.845752072616134,-0.46598687075107875,-0.030086644382895506,-0.45341069476242996,-1.3561746982828642,0.030404197555205514,0.8479943579139777,-0.07006139031129958,-0.03192871199129195,-0.4816893420454852,-1.1344685873930846,0.21875401269614256,0.4169647302756651,0.3167076828200859,-0.03523060801340633,-0.27682225846138503,-1.2563026603214045,-0.16002963915607052,0.6465453560224401,-0.02288090022608752,-0.10448909698958805,-0.4027126926990314,-1.4198963075841688,0.11048592111000505,0.7062798646321087,-0.025278691498328128,-0.14000481109937907,-0.476276249899302,-1.3505945973432814,-0.3829892426271604,0.8675429269381559,0.022460813311303916,-0.1372112118786986,-0.5266169933677041,-1.3480984854499614,-0.30323947910170557,0.860927553727911,0.43416875779452985,-0.14311965389856648,-0.5257426170068701,-1.326359208821599,-0.35117845112268,0.8729395779120948,0.5915843863042601,-0.1748251751848092,-0.5509342228909807,0.7366074224499864
-1.2467682383346805,-0.06300517385180751,0.7375060633425613,-0.392522911078639,-0.030973114004595653,-0.40309007915975753,-1.2412138278914944,-0.28610197502739215,0.845752072616134,-0.46598687075107875,-0.030086644382895506,-0.45341069476242996,-1.3561746982828642,0.030404197555205514,0.8479943579139777,-0.07006139031129958,-0.03192871199129195,-0.4816893420454852,-1.1344685873930846,0.21875401269614256,0.4169647302756651,0.3167076828200859,-0.03523060801340633,-0.27682225846138503,-1.2563026603214045,-0.16002963915607052,0.6465453560224401,-0.02288090022608752,-0.10448909698958805,-0.4027126926990314,-1.4198963075841688,0.11048592111000505,0.7062798646321087,-0.025278691498328128,-0.14000481109937907,-0.476276249899302,-1.3505945973432814,-0.3829892426271604,0.8675429269381559,0.022460813311303916,-0.1372112118786986,-0.5266169933677041,-1.3480984854499614,-0.30323947910170557,0.860927553727911,0.43416875779452985,-0.14311965389856648,-0.5257426170068701,-1.326359208821599,-0.35117845112268,0.8729395779120948,0.5915843863042601,-0.1748251751848092,-0.5509342228909807,-1.4261983837053962,-0.17718142348165059,0.9270973765738388,0.5573125804374237,-0.1785093104016021,-0.5783025478452685,0.7337582467533948
-1.2412138278914944,-0.28610197502739215,0.845752072616134,-0.46598687075107875,-0.030086644382895506,-0.45341069476242996,-1.3561746982828642,0.030404197555205514,0.8479943579139777,-0.07006139031129958,-0.03192871199129195,-0.4816893420454852,-1.1344685873930846,0.21875401269614256,0.4169647302756651,0.3167076828200859,-0.03523060801340633,-0.27682225846138503,-1.2563026603214045,-0.16002963915607052,0.6465453560224401,-0.02288090022608752,-0.10448909698958805,-0.4027126926990314,-1.4198963075841688,0.11048592111000505,0.7062798646321087,-0.025278691498328128,-0.14000481109937907,-0.476276249899302,-1.3505945973432814,-0.3829892426271604,0.8675429269381559,0.022460813311303916,-0.1372112118786986,-0.5266169933677041,-1.3480984854499614,-0.30323947910170557,0.860927553727911,0.43416875779452985,-0.14311965389856648,-0.5257426170068701,-1.326359208821599,-0.35117845112268,0.8729395779120948,0.5915843863042601,-0.1748251751848092,-0.5509342228909807,-1.4261983837053962,-0.17718142348165059,0.9270973765738388,0.5573125804374237,-0.1785093104016021,-0.5783025478452685,-1.5221064134671285,-0.09291759538276002,0.9436714449839528,0.452258772769532,-0.2534200598097286,-0.6546065139945573,0.7258146328760668
-1.3561746982828642,0.030404197555205514,0.8479943579139777,-0.07006139031129958,-0.03192871199129195,-0.4816893420454852,-1.1344685873930846,0.21875401269614256,0.4169647302756651,0.3167076828200859,-0.03523060801340633,-0.27682225846138503,-1.2563026603214045,-0.16002963915607052,0.6465453560224401,-0.02288090022608752,-0.10448909698958805,-0.4027126926990314,-1.4198963075841688,0.11048592111000505,0.7062798646321087,-0.025278691498328128,-0.14000481109937907,-0.476276249899302,-1.3505945973432814,-0.3829892426271604,0.8675429269381559,0.022460813311303916,-0.1372112118786986,-0.5266169933677041,-1.3480984854499614,-0.30323947910170557,0.860927553727911,0.43416875779452985,-0.14311965389856648,-0.5257426170068701,-1.326359208821599,-0.35117845112268,0.8729395779120948,0.5915843863042601,-0.1748251751848092,-0.5509342228909807,-1.4261983837053962,-0.17718142348165059,0.9270973765738388,0.5573125804374237,-0.1785093104016021,-0.5783025478452685,-1.5221064134671285,-0.09291759538276002,0.9436714449839528,0.452258772769532,-0.2534200598097286,-0.6546065139945573,-1.5570237985085318,-0.12219463520790876,0.9522094895730939,0.26914747841467923,-0.2902044827358983,-0.6531920443026193,0.7259618860483588
-1.1344685873930846,0.21875401269614256,0.4169647302756651,0.3167076828200859,-0.03523060801340633,-0.27682225846138503,-1.2563026603214045,-0.16002963915607052,0.6465453560224401,-0.02288090022608752,-0.10448909698958805,-0.4027126926990314,-1.4198963075841688,0.11048592111000505,0.7062798646321087,-0.025278691498328128,-0.14000481109937907,-0.476276249899302,-1.3505945973432814,-0.3829892426271604,0.8675429269381559,0.022460813311303916,-0.1372112118786986,-0.5266169933677041,-1.3480984854499614,-0.30323947910170557,0.860927553727911,0.43416875779452985,-0.14311965389856648,-0.5257426170068701,-1.326359208821599,-0.35117845112268,0.8729395779120948,0.5915843863042601,-0.1748251751848092,-0.5509342228909807,-1.4261983837053962,-0.17718142348165059,0.9270973765738388,0.5573125804374237,-0.1785093104016021,-0.5783025478452685,-1.5221064134671285,-0.09291759538276002,0.9436714449839528,0.452258772769532,-0.2534200598097286,-0.6546065139945573,-1.5570237985085318,-0.12219463520790876,0.9522094895730939,0.26914747841467923,-0.2902044827358983,-0.6531920443026193,-1.4674013649692552,-0.4436575055457184,1.0029836367616651,0.5204104847210841,-0.2875410074963855,-0.6761271047811013,0.7235742347388872
-1.2563026603214045,-0.16002963915607052,0.6465453560224401,-0.02288090022608752,-0.10448909698958805,-0.4027126926990314,-1.4198963075841688,0.11048592111000505,0.7062798646321087,-0.025278691498328128,-0.14000481109937907,-0.476276249899302,-1.3505945973432814,-0.3829892426271604,0.8675429269381559,0.022460813311303916,-0.1372112118786986,-0.5266169933677041,-1.3480984854499614,-0.30323947910170557,0.860927553727911,0.43416875779452985,-0.14311965389856648,-0.5257426170068701,-1.326359208821599,-0.35117845112268,0.8729395779120948,0.5915843863042601,-0.1748251751848092,-0.5509342228909807,-1.4261983837053962,-0.17718142348165059,0.9270973765738388,0.5573125804374237,-0.1785093104016021,-0.5783025478452685,-1.5221064134671285,-0.09291759538276002,0.9436714449839528,0.452258772769532,-0.2534200598097286,-0.6546065139945573,-1.5570237985085318,-0.12219463520790876,0.9522094895730939,0.26914747841467923,-0.2902044827358983,-0.6531920443026193,-1.4674013649692552,-0.4436575055457184,1.0029836367616651,0.5204104847210841,-0.2875410074963855,-0.6761271047811013,-1.4934236553568403,-0.28628126708215784,1.0035038451718867,0.7926713934675137,-0.2884925391086695,-0.6775423072303708,0.7234269052829942
-1.4198963075841688,0.11048592111000505,0.7062798646321087,-0.025278691498328128,-0.14000481109937907,-0.476276249899302,-1.3505945973432814,-0.3829892426271604,0.8675429269381559,0.022460813311303916,-0.1372112118786986,-0.5266169933677041,-1.3480984854499614,-0.30323947910170557,0.860927553727911,0.43416875779452985,-0.14311965389856648,-0.5257426170068701,-1.326359208821599,-0.35117845112268,0.8729395779120948,0.5915843863042601,-0.1748251751848092,-0.5509342228909807,-1.4261983837053962,-0.17718142348165059,0.9270973765738388,0.5573125804374237,-0.1785093104016021,-0.5783025478452685,-1.5221064134671285,-0.09291759538276002,0.9436714449839528,0.452258772769532,-0.2534200598097286,-0.6546065139945573,-1.5570237985085318,-0.12219463520790876,0.9522094895730939,0.26914747841467923,-0.2902044827358983,-0.6531920443026193,-1.4674013649692552,-0.4436575055457184,1.0029836367616651,0.5204104847210841,-0.2875410074963855,-0.6761271047811013,-1.4934236553568403,-0.28628126708215784,1.0035038451718867,0.7926713934675137,-0.2884925391086695,-0.6775423072303708,-1.468951104174321,-0.40562161302346594,1.0131676119094586,0.7989090596263195,-0.32610650241478006,-0.7024192314711916,0.7208370965142339
-1.3505945973432814,-0.3829892426271604,0.8675429269381559,0.022460813311303916,-0.1372112118786986,-0.5266169933677041,-1.3480984854499614,-0.30323947910170557,0.860927553727911,0.43416875779452985,-0.14311965389856648,-0.5257426170068701,-1.326359208821599,-0.35117845112268,0.8729395779120948,0.5915843863042601,-0.1748251751848092,-0.5509342228909807,-1.4261983837053962,-0.17718142348165059,0.9270973765738388,0.5573125804374237,-0.1785093104016021,-0.5783025478452685,-1.5221064134671285,-0.09291759538276002,0.9436714449839528,0.452258772769532,-0.2534200598097286,-0.6546065139945573,-1.5570237985085318,-0.12219463520790876,0.9522094895730939,0.26914747841467923,-0.2902044827358983,-0.6531920443026193,-1.4674013649692552,-0.4436575055457184,1.0029836367616651,0.5204104847210841,-0.2875410074963855,-0.6761271047811013,-1.4934236553568403,-0.28628126708215784,1.0035038451718867,0.7926713934675137,-0.2884925391086695,-0.6775423072303708,-1.468951104174321,-0.40562161302346594,1.0131676119094586,0.7989090596263195,-0.32610650241478006,-0.7024192314711916,-0.9578454480855916,0.17309638905227126,0.11476149056383467,0.608848294911708,0.19394618744271075,0.0271935029723555,0.7967933296550064
-1.3480984854499614,-0.30323947910170557,0.860927553727911,0.43416875779452985,-0.14311965389856648,-0.5257426170068701,-1.326359208821599,-0.35117845112268,0.8729395779120948,0.5915843863042601,-0.1748251751848092,-0.5509342228909807,-1.4261983837053962,-0.17718142348165059,0.9270973765738388,0.5573125804374237,-0.1785093104016021,-0.5783025478452685,-1.5221064134671285,-0.09291759538276002,0.9436714449839528,0.452258772769532,-0.2534200598097286,-0.6546065139945573,-1.5570237985085318,-0.12219463520790876,0.9522094895730939,0.26914747841467923,-0.2902044827358983,-0.6531920443026193,-1.4674013649692552,-0.4436575055457184,1.0029836367616651,0.5204104847210841,-0.2875410074963855,-0.6761271047811013,-1.4934236553568403,-0.28628126708215784,1.0035038451718867,0.7926713934675137,-0.2884925391086695,-0.6775423072303708,-1.468951104174321,-0.40562161302346594,1.0131676119094586,0.7989090596263195,-0.32610650241478006,-0.7024192314711916,-0.9578454480855916,0.17309638905227126,0.11476149056383467,0.608848294911708,0.19394618744271075,0.0271935029723555,-1.0101095824290707,-0.21270434317797057,0.11122483771385284,0.3973663221545017,-0.18943972481963767,-0.19948381374744087,0.7731951188457818
-1.326359208821599,-0.35117845112268,0.8729395779120948,0.5915843863042601,-0.1748251751848092,-0.5509342228909807,-1.4261983837053962,-0.17718142348165059,0.9270973765738388,0.5573125804374237,-0.1785093104016021,-0.5783025478452685,-1.5221064134671285,-0.09291759538276002,0.9436714449839528,0.452258772769532,-0.2534200598097286,-0.6546065139945573,-1.5570237985085318,-0.12219463520790876,0.9522094895730939,0.26914747841467923,-0.2902044827358983,-0.6531920443026193,-1.4674013649692552,-0.4436575055457184,1.0029836367616651,0.5204104847210841,-0.2875410074963855,-0.6761271047811013,-1.4934236553568403,-0.28628126708215784,1.0035038451718867,0.7926713934675137,-0.2884925391086695,-0.6775423072303708,-1.468951104174321,-0.40562161302346594,1.0131676119094586,0.7989090596263195,-0.32610650241478006,-0.7024192314711916,-0.9578454480855916,0.17309638905227126,0.11476149056383467,0.608848294911708,0.19394618744271075,0.0271935029723555,-1.0101095824290707,-0.21270434317797057,0.11122483771385284,0.3973663221545017,-0.18943972481963767,-0.19948381374744087,-1.1695710119194918,-0.23825975778980601,0.3917035124084353,0.4440304617435942,-0.22469925734150556,-0.3516604041638765,0.757352795878305
-1.4261983837053962,-0.17718142348165059,0.9270973765738388,0.5573125804374237,-0.1785093104016021,-0.5783025478452685,-1.5221064134671285,-0.09291759538276002,0.9436714449839528,0.452258772769532,-0.2534200598097286,-0.6546065139945573,-1.5570237985085318,-0.12219463520790876,0.9522094895730939,0.26914747841467923,-0.2902044827358983,-0.6531920443026193,-1.4674013649692552,-0.4436575055457184,1.0029836367616651,0.5204104847210841,-0.2875410074963855,-0.6761271047811013,-1.4934236553568403,-0.28628126708215784,1.0035038451718867,0.7926713934675137,-0.2884925391086695,-0.6775423072303708,-1.468951104174321,-0.40562161302346594,1.0131676119094586,0.7989090596263195,-0.32610650241478006,-0.7024192314711916,-0.9578454480855916,0.17309638905227126,0.11476149056383467,0.608848294911708,0.19394618744271075,0.0271935029723555,-1.0101095824290707,-0.21270434317797057,0.11122483771385284,0.3973663221545017,-0.18943972481963767,-0.19948381374744087,-1.1695710119194918,-0.23825975778980601,0.3917035124084353,0.4440304617435942,-0.22469925734150556,-0.3516604041638765,-1.284456873944056,-0.1240463503347945,0.5071820903079711,0.3929408030530228,-0.25831190822672856,-0.42719474088241677,0.7494893041667702
-1.5221064134671285,-0.09291759538276002,0.9436714449839528,0.452258772769532,-0.2534200598097286,-0.6546065139945573,-1.5570237985085318,-0.12219463520790876,0.9522094895730939,0.26914747841467923,-0.2902044827358983,-0.6531920443026193,-1.4674013649692552,-0.4436575055457184,1.0029836367616651,0.5204104847210841,-0.2875410074963855,-0.6761271047811013,-1.4934236553568403,-0.28628126708215784,1.0035038451718867,0.7926713934675137,-0.2884925391086695,-0.6775423072303708,-1.468951104174321,-0.40562161302346594,1.0131676119094586,0.7989090596263195,-0.32610650241478006,-0.7024192314711916,-0.9578454480855916,0.17309638905227126,0.11476149056383467,0.608848294911708,0.19394618744271075,0.0271935029723555,-1.0101095824290707,-0.21270434317797057,0.11122483771385284,0.3973663221545017,-0.18943972481963767,-0.19948381374744087,-1.1695710119194918,-0.23825975778980601,0.3917035124084353,0.4440304617435942,-0.22469925734150556,-0.3516604041638765,-1.284456873944056,-0.1240463503347945,0.5071820903079711,0.3929408030530228,-0.25831190822672856,-0.42719474088241677,-1.3150290624355883,-0.31159744871137374,0.6222157116479237,0.24626092894831508,-0.2971986467236301,-0.5034041198925534,0.7415555372705246
-1.5570237985085318,-0.12219463520790876,0.9522094895730939,0.26914747841467923,-0.2902044827358983,-0.6531920443026193,-1.4674013649692552,-0.4436575055457184,1.0029836367616651,0.5204104847210841,-0.2875410074963855,-0.6761271047811013,-1.4934236553568403,-0.28628126708215784,1.0035038451718867,0.7926713934675137,-0.2884925391086695,-0.6775423072303708,-1.468951104174321,-0.40562161302346594,1.0131676119094586,0.7989090596263195,-0.32610650241478006,-0.7024192314711916,-0.9578454480855916,0.17309638905227126,0.11476149056383467,0.608848294911708,0.19394618744271075,0.0271935029723555,-1.0101095824290707,-0.21270434317797057,0.11122483771385284,0.3973663221545017,-0.18943972481963767,-0.19948381374744087,-1.1695710119194918,-0.23825975778980601,0.3917035124084353,0.4440304617435942,-0.22469925734150556,-0.3516604041638765,-1.284456873944056,-0.1240463503347945,0.5071820903079711,0.3929408030530228,-0.25831190822672856,-0.42719474088241677,-1.3150290624355883,-0.31159744871137374,0.6222157116479237,0.24626092894831508,-0.2971986467236301,-0.5034041198925534,-1.423286520931271,-0.13700397823567567,0.6830009805958142,0.2886136210168323,-0.3306161116371016,-0.5521270699301116,0.7364832412734139
-1.4674013649692552,-0.4436575055457184,1.0029836367616651,0.5204104847210841,-0.2875410074963855,-0.6761271047811013,-1.4934236553568403,-0.28628126708215784,1.0035038451718867,0.7926713934675137,-0.2884925391086695,-0.6775423072303708,-1.468951104174321,-0.40562161302346594,1.0131676119094586,0.7989090596263195,-0.32610650241478006,-0.7024192314711916,-0.9578454480855916,0.17309638905227126,0.11476149056383467,0.608848294911708,0.19394618744271075,0.0271935029723555,-1.0101095824290707,-0.21270434317797057,0.11122483771385284,0.3973663221545017,-0.18943972481963767,-0.19948381374744087,-1.1695710119194918,-0.23825975778980601,0.3917035124084353,0.4440304617435942,-0.22469925734150556,-0.3516604041638765,-1.284456873944056,-0.1240463503347945,0.5071820903079711,0.3929408030530228,-0.25831190822672856,-0.42719474088241677,-1.3150290624355883,-0.31159744871137374,0.6222157116479237,0.24626092894831508,-0.2971986467236301,-0.5034041198925534,-1.423286520931271,-0.13700397823567567,0.6830009805958142,0.2886136210168323,-0.3306161116371016,-0.5521270699301116,-1.4177969076558663,-0.2905521581828197,0.7444086717204513,0.3477243013746075,-0.36721754771475656,-0.6011451596057603,0.7313802198049654
-1.4934236553568403,-0.28628126708215784,1.0035038451718867,0.7926713934675137,-0.2884925391086695,-0.6775423072303708,-1.468951104174321,-0.40562161302346594,1.0131676119094586,0.7989090596263195,-0.32610650241478006,-0.7024192314711916,-0.9578454480855916,0.17309638905227126,0.11476149056383467,0.608848294911708,0.19394618744271075,0.0271935029723555,-1.0101095824290707,-0.21270434317797057,0.11122483771385284,0.3973663221545017,-0.18943972481963767,-0.19948381374744087,-1.1695710119194918,-0.23825975778980601,0.3917035124084353,0.4440304617435942,-0.22469925734150556,-0.3516604041638765,-1.284456873944056,-0.1240463503347945,0.5071820903079711,0.3929408030530228,-0.25831190822672856,-0.42719474088241677,-1.3150290624355883,-0.31159744871137374,0.6222157116479237,0.24626092894831508,-0.2971986467236301,-0.5034041198925534,-1.423286520931271,-0.13700397823567567,0.6830009805958142,0.2886136210168323,-0.3306161116371016,-0.5521270699301116,-1.4177969076558663,-0.2905521581828197,0.7444086717204513,0.3477243013746075,-0.36721754771475656,-0.6011451596057603,-1.4937561969781754,-0.11541651698030066,0.8005013359581826,0.44771038940295355,-0.36791289773911745,-0.6536113522420595,0.7259182340531257
-1.468951104174321,-0.40562161302346594,1.0131676119094586,0.7989090596263195,-0.32610650241478006,-0.7024192314711916,-0.9578454480855916,0.17309638905227126,0.11476149056383467,0.608848294911708,0.19394618744271075,0.0271935029723555,-1.0101095824290707,-0.21270434317797057,0.11122483771385284,0.3973663221545017,-0.18943972481963767,-0.19948381374744087,-1.1695710119194918,-0.23825975778980601,0.3917035124084353,0.4440304617435942,-0.22469925734150556,-0.3516604041638765,-1.284456873944056,-0.1240463503347945,0.5071820903079711,0.3929408030530228,-0.25831190822672856,-0.42719474088241677,-1.3150290624355883,-0.31159744871137374,0.6222157116479237,0.24626092894831508,-0.2971986467236301,-0.5034041198925534,-1.423286520931271,-0.13700397823567567,0.6830009805958142,0.2886136210168323,-0.3306161116371016,-0.5521270699301116,-1.4177969076558663,-0.2905521581828197,0.7444086717204513,0.3477243013746075,-0.36721754771475656,-0.6011451596057603,-1.4937561969781754,-0.11541651698030066,0.8005013359581826,0.44771038940295355,-0.36791289773911745,-0.6536113522420595,-1.5210524185474765,-0.16859596598999663,0.8637547845541943,0.47716402571298727,-0.4031764966353977,-0.6774786510438235,0.7234335322015196
-0.9578454480855916,0.17309638905227126,0.11476149056383467,0.608848294911708,0.19394618744271075,0.0271935029723555,-1.0101095824290707,-0.21270434317797057,0.11122483771385284,0.3973663221545017,-0.18943972481963767,-0.19948381374744087,-1.1695710119194918,-0.23825975778980601,0.3917035124084353,0.4440304617435942,-0.22469925734150556,-0.3516604041638765,-1.284456873944056,-0.1240463503347945,0.5071820903079711,0.3929408030530228,-0.25831190822672856,-0.42719474088241677,-1.3150290624355883,-0.31159744871137374,0.6222157116479237,0.24626092894831508,-0.2971986467236301,-0.5034041198925534,-1.423286520931271,-0.13700397823567567,0.6830009805958142,0.2886136210168323,-0.3306161116371016,-0.5521270699301116,-1.4177969076558663,-0.2905521581828197,0.7444086717204513,0.3477243013746075,-0.36721754771475656,-0.6011451596057603,-1.4937561969781754,-0.11541651698030066,0.8005013359581826,0.44771038940295355,-0.36791289773911745,-0.6536113522420595,-1.5210524185474765,-0.16859596598999663,0.8637547845541943,0.47716402571298727,-0.4031764966353977,-0.6774786510438235,-1.5252307335541884,-0.23438621267761606,0.8712835018027585,0.48977919191349095,-0.44129875674294217,-0.7038302779613678,0.7206901997138895
-1.0101095824290707,-0.21270434317797057,0.11122483771385284,0.3973663221545017,-0.18943972481963767,-0.19948381374744087,-1.1695710119194918,-0.23825975778980601,0.3917035124084353,0.4440304617435942,-0.22469925734150556,-0.3516604041638765,-1.284456873944056,-0.1240463503347945,0.5071820903079711,0.3929408030530228,-0.25831190822672856,-0.42719474088241677,-1.3150290624355883,-0.31159744871137374,0.6222157116479237,0.24626092894831508,-0.2971986467236301,-0.5034041198925534,-1.423286520931271,-0.13700397823567567,0.6830009805958142,0.2886136210168323,-0.3306161116371016,-0.5521270699301116,-1.4177969076558663,-0.2905521581828197,0.7444086717204513,0.3477243013746075,-0.36721754771475656,-0.6011451596057603,-1.4937561969781754,-0.11541651698030066,0.8005013359581826,0.44771038940295355,-0.36791289773911745,-0.6536113522420595,-1.5210524185474765,-0.16859596598999663,0.8637547845541943,0.47716402571298727,-0.4031764966353977,-0.6774786510438235,-1.5252307335541884,-0.23438621267761606,0.8712835018027585,0.48977919191349095,-0.44129875674294217,-0.7038302779613678,-1.5706277936184756,-0.13501382355316544,0.9274545295146405,0.5840019795638747,-0.4382489759343386,-0.7526735992873865,0.715605372480387
-1.1695710119194918,-0.23825975778980601,0.3917035124084353,0.4440304617435942,-0.22469925734150556,-0.3516604041638765,-1.284456873944056,-0.1240463503347945,0.5071820903079711,0.3929408030530228,-0.25831190822672856,-0.42719474088241677,-1.3150290624355883,-0.31159744871137374,0.6222157116479237,0.24626092894831508,-0.2971986467236301,-0.5034041198925534,-1.423286520931271,-0.13700397823567567,0.6830009805958142,0.2886136210168323,-0.3306161116371016,-0.5521270699301116,-1.4177969076558663,-0.2905521581828197,0.7444086717204513,0.3477243013746075,-0.36721754771475656,-0.6011451596057603,-1.4937561969781754,-0.11541651698030066,0.8005013359581826,0.44771038940295355,-0.36791289773911745,-0.6536113522420595,-1.5210524185474765,-0.16859596598999663,0.8637547845541943,0.47716402571298727,-0.4031764966353977,-0.6774786510438235,-1.5252307335541884,-0.23438621267761606,0.8712835018027585,0.48977919191349095,-0.44129875674294217,-0.7038302779613678,-1.5706277936184756,-0.13501382355316544,0.9274545295146405,0.5840019795638747,-0.4382489759343386,-0.7526735992873865,-1.610979915426935,-0.07662274687080055,0.9354131013904318,0.6464205689034954,-0.47681853722714546,-0.7775813072521829,0.7130123589762858
-1.284456873944056,-0.1240463503347945,0.5071820903079711,0.3929408030530228,-0.25831190822672856,-0.42719474088241677,-1.3150290624355883,-0.31159744871137374,0.6222157116479237,0.24626092894831508,-0.2971986467236301,-0.5034041198925534,-1.423286520931271,-0.13700397823567567,0.6830009805958142,0.2886136210168323,-0.3306161116371016,-0.5521270699301116,-1.4177969076558663,-0.2905521581828197,0.7444086717204513,0.3477243013746075,-0.36721754771475656,-0.6011451596057603,-1.4937561969781754,-0.11541651698030066,0.8005013359581826,0.44771038940295355,-0.36791289773911745,-0.6536113522420595,-1.5210524185474765,-0.16859596598999663,0.8637547845541943,0.47716402571298727,-0.4031764966353977,-0.6774786510438235,-1.5252307335541884,-0.23438621267761606,0.8712835018027585,0.48977919191349095,-0.44129875674294217,-0.7038302779613678,-1.5706277936184756,-0.13501382355316544,0.9274545295146405,0.5840019795638747,-0.4382489759343386,-0.7526735992873865,-1.610979915426935,-0.07662274687080055,0.9354131013904318,0.6464205689034954,-0.47681853722714546,-0.7775813072521829,-1.5665264933442349,-0.35282341721467214,0.9987723725080307,0.571794001592933,-0.5159533245631456,-0.8041750122536722,0.7102438249830975
-1.3150290624355883,-0.31159744871137374,0.6222157116479237,0.24626092894831508,-0.2971986467236301,-0.5034041198925534,-1.423286520931271,-0.13700397823567567,0.6830009805958142,0.2886136210168323,-0.3306161116371016,-0.5521270699301116,-1.4177969076558663,-0.2905521581828197,0.7444086717204513,0.3477243013746075,-0.36721754771475656,-0.6011451596057603,-1.4937561969781754,-0.11541651698030066,0.8005013359581826,0.44771038940295355,-0.36791289773911745,-0.6536113522420595,-1.5210524185474765,-0.16859596598999663,0.8637547845541943,0.47716402571298727,-0.4031764966353977,-0.6774786510438235,-1.5252307335541884,-0.23438621267761606,0.8712835018027585,0.48977919191349095,-0.44129875674294217,-0.7038302779613678,-1.5706277936184756,-0.13501382355316544,0.9274545295146405,0.5840019795638747,-0.4382489759343386,-0.7526735992873865,-1.610979915426935,-0.07662274687080055,0.9354131013904318,0.6464205689034954,-0.47681853722714546,-0.7775813072521829,-1.5665264933442349,-0.35282341721467214,0.9987723725080307,0.571794001592933,-0.5159533245631456,-0.8041750122536722,-1.6186828922384615,-0.3340546174882668,0.9886025935504185,1.1849667825899504,-0.4778961264461849,-0.8031521346237944,0.7103503115177503
-1.423286520931271,-0.13700397823567567,0.6830009805958142,0.2886136210168323,-0.3306161116371016,-0.5521270699301116,-1.4177969076558663,-0.2905521581828197,0.7444086717204513,0.3477243013746075,-0.36721754771475656,-0.6011451596057603,-1.4937561969781754,-0.11541651698030066,0.8005013359581826,0.44771038940295355,-0.36791289773911745,-0.6536113522420595,-1.5210524185474765,-0.16859596598999663,0.8637547845541943,0.47716402571298727,-0.4031764966353977,-0.6774786510438235,-1.5252307335541884,-0.23438621267761606,0.8712835018027585,0.48977919191349095,-0.44129875674294217,-0.7038302779613678,-1.5706277936184756,-0.13501382355316544,0.9274545295146405,0.5840019795638747,-0.4382489759343386,-0.7526735992873865,-1.610979915426935,-0.07662274687080055,0.9354131013904318,0.6464205689034954,-0.47681853722714546,-0.7775813072521829,-1.5665264933442349,-0.35282341721467214,0.9987723725080307,0.571794001592933,-0.5159533245631456,-0.8041750122536722,-1.6186828922384615,-0.3340546174882668,0.9886025935504185,1.1849667825899504,-0.4778961264461849,-0.8031521346237944,-1.3549050800991094,-0.3976742371829548,0.7586695277926472,1.135860364973186,-0.4449178299691512,-0.6515973434055138,0.7261279021654194
-1.4177969076558663,-0.2905521581828197,0.7444086717204513,0.3477243013746075,-0.36721754771475656,-0.6011451596057603,-1.4937561969781754,-0.11541651698030066,0.8005013359581826,0.44771038940295355,-0.36791289773911745,-0.6536113522420595,-1.5210524185474765,-0.16859596598999663,0.8637547845541943,0.47716402571298727,-0.4031764966353977,-0.6774786510438235,-1.5252307335541884,-0.23438621267761606,0.8712835018027585,0.48977919191349095,-0.44129875674294217,-0.7038302779613678,-1.5706277936184756,-0.13501382355316544,0.9274545295146405,0.5840019795638747,-0.4382489759343386,-0.7526735992873865,-1.610979915426935,-0.07662274687080055,0.9354131013904318,0.6464205689034954,-0.47681853722714546,-0.7775813072521829,-1.5665264933442349,-0.35282341721467214,0.9987723725080307,0.571794001592933,-0.5159533245631456,-0.8041750122536722,-1.6186828922384615,-0.3340546174882668,0.9886025935504185,1.1849667825899504,-0.4778961264461849,-0.8031521346237944,-1.3549050800991094,-0.3976742371829548,0.7586695277926472,1.135860364973186,-0.4449178299691512,-0.6515973434055138,-1.462211418081517,-0.41653549392311606,0.8845243032013502,1.1104491193103845,-0.5178604541621018,-0.7510075492843458,0.7157788163862855
-1.4937561969781754,-0.11541651698030066,0.8005013359581826,0.44771038940295355,-0.36791289773911745,-0.6536113522420595,-1.5210524185474765,-0.16859596598999663,0.8637547845541943,0.47716402571298727,-0.4031764966353977,-0.6774786510438235,-1.5252307335541884,-0.23438621267761606,0.8712835018027585,0.48977919191349095,-0.44129875674294217,-0.7038302779613678,-1.5706277936184756,-0.13501382355316544,0.9274545295146405,0.5840019795638747,-0.4382489759343386,-0.7526735992873865,-1.610979915426935,-0.07662274687080055,0.9354131013904318,0.6464205689034954,-0.47681853722714546,-0.7775813072521829,-1.5665264933442349,-0.35282341721467214,0.9987723725080307,0.571794001592933,-0.5159533245631456,-0.8041750122536722,-1.6186828922384615,-0.3340546174882668,0.9886025935504185,1.1849667825899504,-0.4778961264461849,-0.8031521346237944,-1.3549050800991094,-0.3976742371829548,0.7586695277926472,1.135860364973186,-0.4449178299691512,-0.6515973434055138,-1.462211418081517,-0.41653549392311606,0.8845243032013502,1.1104491193103845,-0.5178604541621018,-0.7510075492843458,-1.6187408467120092,-0.108741908870268,0.9499881584776791,1.1198884256928083,-0.5563649534643489,-0.8304557194864696,0.7075078755794715
-1.5210524185474765,-0.16859596598999663,0.8637547845541943,0.47716402571298727,-0.4031764966353977,-0.6774786510438235,-1.5252307335541884,-0.23438621267761606,0.8712835018027585,0.48977919191349095,-0.44129875674294217,-0.7038302779613678,-1.5706277936184756,-0.13501382355316544,0.9274545295146405,0.5840019795638747,-0.4382489759343386,-0.7526735992873865,-1.610979915426935,-0.07662274687080055,0.9354131013904318,0.6464205689034954,-0.47681853722714546,-0.7775813072521829,-1.5665264933442349,-0.35282341721467214,0.9987723725080307,0.571794001592933,-0.5159533245631456,-0.8041750122536722,-1.6186828922384615,-0.3340546174882668,0.9886025935504185,1.1849667825899504,-0.4778961264461849,-0.8031521346237944,-1.3549050800991094,-0.3976742371829548,0.7586695277926472,1.135860364973186,-0.4449178299691512,-0.6515973434055138,-1.462211418081517,-0.41653549392311606,0.8845243032013502,1.1104491193103845,-0.5178604541621018,-0.7510075492843458,-1.6187408467120092,-0.108741908870268,0.9499881584776791,1.1198884256928083,-0.5563649534643489,-0.8304557194864696,-1.6111120608093807,-0.32729055846318467,0.9200908009212825,0.919836581185718,-0.6711790349722447,-0.8558368611457223,0.7048655753258726
-1.5252307335541884,-0.23438621267761606,0.8712835018027585,0.48977919191349095,-0.44129875674294217,-0.7038302779613678,-1.5706277936184756,-0.13501382355316544,0.9274545295146405,0.5840019795638747,-0.4382489759343386,-0.7526735992873865,-1.610979915426935,-0.07662274687080055,0.9354131013904318,0.6464205689034954,-0.47681853722714546,-0.7775813072521829,-1.5665264933442349,-0.35282341721467214,0.9987723725080307,0.571794001592933,-0.5159533245631456,-0.8041750122536722,-1.6186828922384615,-0.3340546174882668,0.9886025935504185,1.1849667825899504,-0.4778961264461849,-0.8031521346237944,-1.3549050800991094,-0.3976742371829548,0.7586695277926472,1.135860364973186,-0.4449178299691512,-0.6515973434055138,-1.462211418081517,-0.41653549392311606,0.8845243032013502,1.1104491193103845,-0.5178604541621018,-0.7510075492843458,-1.6187408467120092,-0.108741908870268,0.9499881584776791,1.1198884256928083,-0.5563649534643489,-0.8304557194864696,-1.6111120608093807,-0.32729055846318467,0.9200908009212825,0.919836581185718,-0.6711790349722447,-0.8558368611457223,-1.598494768563793,-0.38024242196578184,1.0657448056821224,0.9839474490480284,-0.5942960939745541,-0.8789569749574387,0.7024586590646545
-1.5706277936184756,-0.13501382355316544,0.9274545295146405,0.5840019795638747,-0.4382489759343386,-0.7526735992873865,-1.610979915426935,-0.07662274687080055,0.9354131013904318,0.6464205689034954,-0.47681853722714546,-0.7775813072521829,-1.5665264933442349,-0.35282341721467214,0.9987723725080307,0.571794001592933,-0.5159533245631456,-0.8041750122536722,-1.6186828922384615,-0.3340546174882668,0.9886025935504185,1.1849667825899504,-0.4778961264461849,-0.8031521346237944,-1.3549050800991094,-0.3976742371829548,0.7586695277926472,1.135860364973186,-0.4449178299691512,-0.6515973434055138,-1.462211418081517,-0.41653549392311606,0.8845243032013502,1.1104491193103845,-0.5178604541621018,-0.7510075492843458,-1.6187408467120092,-0.108741908870268,0.9499881584776791,1.1198884256928083,-0.5563649534643489,-0.8304557194864696,-1.6111120608093807,-0.32729055846318467,0.9200908009212825,0.919836581185718,-0.6711790349722447,-0.8558368611457223,-1.598494768563793,-0.38024242196578184,1.0657448056821224,0.9839474490480284,-0.5942960939745541,-0.8789569749574387,-1.555779080712509,-0.5567499712722112,1.1312352353739417,1.1418809402963994,-0.6271442664704201,-0.925799271063973,0.6975821482857815
-1.610979915426935,-0.07662274687080055,0.9354131013904318,0.6464205689034954,-0.47681853722714546,-0.7775813072521829,-1.5665264933442349,-0.35282341721467214,0.9987723725080307,0.571794001592933,-0.5159533245631456,-0.8041750122536722,-1.6186828922384615,-0.3340546174882668,0.9886025935504185,1.1849667825899504,-0.4778961264461849,-0.8031521346237944,-1.3549050800991094,-0.3976742371829548,0.7586695277926472,1.135860364973186,-0.4449178299691512,-0.6515973434055138,-1.462211418081517,-0.41653549392311606,0.8845243032013502,1.1104491193103845,-0.5178604541621018,-0.7510075492843458,-1.6187408467120092,-0.108741908870268,0.9499881584776791,1.1198884256928083,-0.5563649534643489,-0.8304557194864696,-1.6111120608093807,-0.32729055846318467,0.9200908009212825,0.919836581185718,-0.6711790349722447,-0.8558368611457223,-1.598494768563793,-0.38024242196578184,1.0657448056821224,0.9839474490480284,-0.5942960939745541,-0.8789569749574387,-1.555779080712509,-0.5567499712722112,1.1312352353739417,1.1418809402963994,-0.6271442664704201,-0.925799271063973,-1.5762607739884806,-0.42592326880094067,1.1349952245200536,1.2961117716689952,-0.6284129752867968,-0.9288246499807565,0.6972671916307038
-1.5665264933442349,-0.35282341721467214,0.9987723725080307,0.571794001592933,-0.5159533245631456,-0.8041750122536722,-1.6186828922384615,-0.3340546174882668,0.9886025935504185,1.1849667825899504,-0.4778961264461849,-0.8031521346237944,-1.3549050800991094,-0.3976742371829548,0.7586695277926472,1.135860364973186,-0.4449178299691512,-0.6515973434055138,-1.462211418081517,-0.41653549392311606,0.8845243032013502,1.1104491193103845,-0.5178604541621018,-0.7510075492843458,-1.6187408467120092,-0.108741908870268,0.9499881584776791,1.1198884256928083,-0.5563649534643489,-0.8304557194864696,-1.6111120608093807,-0.32729055846318467,0.9200908009212825,0.919836581185718,-0.6711790349722447,-0.8558368611457223,-1.598494768563793,-0.38024242196578184,1.0657448056821224,0.9839474490480284,-0.5942960939745541,-0.8789569749574387,-1.555779080712509,-0.5567499712722112,1.1312352353739417,1.1418809402963994,-0.6271442664704201,-0.925799271063973,-1.5762607739884806,-0.42592326880094067,1.1349952245200536,1.2961117716689952,-0.6284129752867968,-0.9288246499807565,-1.6735065528169568,-0.24953252926345462,1.1446914699608868,1.168160161232676,-0.6639327557710021,-0.9538823909089331,0.6946585589656322
-1.6186828922384615,-0.3340546174882668,0.9886025935504185,1.1849667825899504,-0.4778961264461849,-0.8031521346237944,-1.3549050800991094,-0.3976742371829548,0.7586695277926472,1.135860364973186,-0.4449178299691512,-0.6515973434055138,-1.462211418081517,-0.41653549392311606,0.8845243032013502,1.1104491193103845,-0.5178604541621018,-0.7510075492843458,-1.6187408467120092,-0.108741908870268,0.9499881584776791,1.1198884256928083,-0.5563649534643489,-0.8304557194864696,-1.6111120608093807,-0.32729055846318467,0.9200908009212825,0.919836581185718,-0.6711790349722447,-0.8558368611457223,-1.598494768563793,-0.38024242196578184,1.0657448056821224,0.9839474490480284,-0.5942960939745541,-0.8789569749574387,-1.555779080712509,-0.5567499712722112,1.1312352353739417,1.1418809402963994,-0.6271442664704201,-0.925799271063973,-1.5762607739884806,-0.42592326880094067,1.1349952245200536,1.2961117716689952,-0.6284129752867968,-0.9288246499807565,-1.6735065528169568,-0.24953252926345462,1.1446914699608868,1.168160161232676,-0.6639327557710021,-0.9538823909089331,-1.7060149297130014,-0.24983666516685943,1.1504123064750127,1.1169290629310393,-0.7041532650748661,-0.980198023941936,0.6919189736163904
-1.3549050800991094,-0.3976742371829548,0.7586695277926472,1.135860364973186,-0.4449178299691512,-0.6515973434055138,-1.462211418081517,-0.41653549392311606,0.8845243032013502,1.1104491193103845,-0.5178604541621018,-0.7510075492843458,-1.6187408467120092,-0.108741908870268,0.9499881584776791,1.1198884256928083,-0.5563649534643489,-0.8304557194864696,-1.6111120608093807,-0.32729055846318467,0.9200908009212825,0.919836581185718,-0.6711790349722447,-0.8558368611457223,-1.598494768563793,-0.38024242196578184,1.0657448056821224,0.9839474490480284,-0.5942960939745541,-0.8789569749574387,-1.555779080712509,-0.5567499712722112,1.1312352353739417,1.1418809402963994,-0.6271442664704201,-0.925799271063973,-1.5762607739884806,-0.42592326880094067,1.1349952245200536,1.2961117716689952,-0.6284129752867968,-0.9288246499807565,-1.6735065528169568,-0.24953252926345462,1.1446914699608868,1.168160161232676,-0.6639327557710021,-0.9538823909089331,-1.7060149297130014,-0.24983666516685943,1.1504123064750127,1.1169290629310393,-0.7041532650748661,-0.980198023941936,-1.7511332058851132,-0.13061967877687344,1.2044647430068272,1.3621503340965773,-0.7042142606910377,-1.0289782787912052,0.6868407119097562
-1.462211418081517,-0.41653549392311606,0.8845243032013502,1.1104491193103845,-0.5178604541621018,-0.7510075492843458,-1.6187408467120092,-0.108741908870268,0.9499881584776791,1.1198884256928083,-0.5563649534643489,-0.8304557194864696,-1.6111120608093807,-0.32729055846318467,0.9200908009212825,0.919836581185718,-0.6711790349722447,-0.8558368611457223,-1.598494768563793,-0.38024242196578184,1.0657448056821224,0.9839474490480284,-0.5942960939745541,-0.8789569749574387,-1.555779080712509,-0.5567499712722112,1.1312352353739417,1.1418809402963994,-0.6271442664704201,-0.925799271063973,-1.5762607739884806,-0.42592326880094067,1.1349952245200536,1.2961117716689952,-0.6284129752867968,-0.9288246499807565,-1.6735065528169568,-0.24953252926345462,1.1446914699608868,1.168160161232676,-0.6639327557710021,-0.9538823909089331,-1.7060149297130014,-0.24983666516685943,1.1504123064750127,1.1169290629310393,-0.7041532650748661,-0.980198023941936,-1.7511332058851132,-0.13061967877687344,1.2044647430068272,1.3621503340965773,-0.7042142606910377,-1.0289782787912052,-1.6721876443891026,-0.27415960116241855,1.2072717958645087,1.4916710433339233,-0.7039621454775269,-1.0053263317772045,0.6893029945931838
-1.6187408467120092,-0.108741908870268,0.9499881584776791,1.1198884256928083,-0.5563649534643489,-0.8304557194864696,-1.6111120608093807,-0.32729055846318467,0.9200908009212825,0.919836581185718,-0.6711790349722447,-0.8558368611457223,-1.598494768563793,-0.38024242196578184,1.0657448056821224,0.9839474490480284,-0.5942960939745541,-0.8789569749574387,-1.555779080712509,-0.5567499712722112,1.1312352353739417,1.1418809402963994,-0.6271442664704201,-0.925799271063973,-1.5762607739884806,-0.42592326880094067,1.1349952245200536,1.2961117716689952,-0.6284129752867968,-0.9288246499807565,-1.6735065528169568,-0.24953252926345462,1.1446914699608868,1.168160161232676,-0.6639327557710021,-0.9538823909089331,-1.7060149297130014,-0.24983666516685943,1.1504123064750127,1.1169290629310393,-0.7041532650748661,-0.980198023941936,-1.7511332058851132,-0.13061967877687344,1.2044647430068272,1.3621503340965773,-0.7042142606910377,-1.0289782787912052,-1.6721876443891026,-0.27415960116241855,1.2072717958645087,1.4916710433339233,-0.7039621454775269,-1.0053263317772045,-1.696764718255984,-0.24835534827963296,1.2172187686476528,1.3806151465471985,-0.7411288075983751,-1.0286007455534527,0.6868800149554287
-1.6111120608093807,-0.32729055846318467,0.9200908009212825,0.919836581185718,-0.6711790349722447,-0.8558368611457223,-1.598494768563793,-0.38024242196578184,1.0657448056821224,0.9839474490480284,-0.5942960939745541,-0.8789569749574387,-1.555779080712509,-0.5567499712722112,1.1312352353739417,1.1418809402963994,-0.6271442664704201,-0.925799271063973,-1.5762607739884806,-0.42592326880094067,1.1349952245200536,1.2961117716689952,-0.6284129752867968,-0.9288246499807565,-1.6735065528169568,-0.24953252926345462,1.1446914699608868,1.168160161232676,-0.6639327557710021,-0.9538823909089331,-1.7060149297130014,-0.24983666516685943,1.1504123064750127,1.1169290629310393,-0.7041532650748661,-0.980198023941936,-1.7511332058851132,-0.13061967877687344,1.2044647430068272,1.3621503340965773,-0.7042142606910377,-1.0289782787912052,-1.6721876443891026,-0.27415960116241855,1.2072717958645087,1.4916710433339233,-0.7039621454775269,-1.0053263317772045,-1.696764718255984,-0.24835534827963296,1.2172187686476528,1.3806151465471985,-0.7411288075983751,-1.0286007455534527,-1.7453763191701437,-0.19681009446098974,1.227863717053483,1.2782203653137303,-0.7788728948856534,-1.0550258874875396,0.6841290291971356
-1.598494768563793,-0.38024242196578184,1.0657448056821224,0.9839474490480284,-0.5942960939745541,-0.8789569749574387,-1.555779080712509,-0.5567499712722112,1.1312352353739417,1.1418809402963994,-0.6271442664704201,-0.925799271063973,-1.5762607739884806,-0.42592326880094067,1.1349952245200536,1.2961117716689952,-0.6284129752867968,-0.9288246499807565,-1.6735065528169568,-0.24953252926345462,1.1446914699608868,1.168160161232676,-0.6639327557710021,-0.9538823909089331,-1.7060149297130014,-0.24983666516685943,1.1504123064750127,1.1169290629310393,-0.7041532650748661,-0.980198023941936,-1.7511332058851132,-0.13061967877687344,1.2044647430068272,1.3621503340965773,-0.7042142606910377,-1.0289782787912052,-1.6721876443891026,-0.27415960116241855,1.2072717958645087,1.4916710433339233,-0.7039621454775269,-1.0053263317772045,-1.696764718255984,-0.24835534827963296,1.2172187686476528,1.3806151465471985,-0.7411288075983751,-1.0286007455534527,-1.7453763191701437,-0.19681009446098974,1.227863717053483,1.2782203653137303,-0.7788728948856534,-1.0550258874875396,-1.7807363598957748,-0.18601294629229123,1.2332334075524263,1.192569349156713,-0.8148969057968782,-1.0788271517141272,0.6816512018658752
-1.555779080712509,-0.5567499712722112,1.1312352353739417,1.1418809402963994,-0.6271442664704201,-0.925799271063973,-1.5762607739884806,-0.42592326880094067,1.1349952245200536,1.2961117716689952,-0.6284129752867968,-0.9288246499807565,-1.6735065528169568,-0.24953252926345462,1.1446914699608868,1.168160161232676,-0.6639327557710021,-0.9538823909089331,-1.7060149297130014,-0.24983666516685943,1.1504123064750127,1.1169290629310393,-0.7041532650748661,-0.980198023941936,-1.7511332058851132,-0.13061967877687344,1.2044647430068272,1.3621503340965773,-0.7042142606910377,-1.0289782787912052,-1.6721876443891026,-0.27415960116241855,1.2072717958645087,1.4916710433339233,-0.7039621454775269,-1.0053263317772045,-1.696764718255984,-0.24835534827963296,1.2172187686476528,1.3806151465471985,-0.7411288075983751,-1.0286007455534527,-1.7453763191701437,-0.19681009446098974,1.227863717053483,1.2782203653137303,-0.7788728948856534,-1.0550258874875396,-1.7807363598957748,-0.18601294629229123,1.2332334075524263,1.192569349156713,-0.8148969057968782,-1.0788271517141272,-1.6920981778990556,-0.42112783363519796,1.289080231225908,1.3178904756206,-0.8176254430269748,-1.1038297769857637,0.67904830700863
-1.5762607739884806,-0.42592326880094067,1.1349952245200536,1.2961117716689952,-0.6284129752867968,-0.9288246499807565,-1.6735065528169568,-0.24953252926345462,1.1446914699608868,1.168160161232676,-0.6639327557710021,-0.9538823909089331,-1.7060149297130014,-0.24983666516685943,1.1504123064750127,1.1169290629310393,-0.7041532650748661,-0.980198023941936,-1.7511332058851132,-0.13061967877687344,1.2044647430068272,1.3621503340965773,-0.7042142606910377,-1.0289782787912052,-1.6721876443891026,-0.27415960116241855,1.2072717958645087,1.4916710433339233,-0.7039621454775269,-1.0053263317772045,-1.696764718255984,-0.24835534827963296,1.2172187686476528,1.3806151465471985,-0.7411288075983751,-1.0286007455534527,-1.7453763191701437,-0.19681009446098974,1.227863717053483,1.2782203653137303,-0.7788728948856534,-1.0550258874875396,-1.7807363598957748,-0.18601294629229123,1.2332334075524263,1.192569349156713,-0.8148969057968782,-1.0788271517141272,-1.6920981778990556,-0.42112783363519796,1.289080231225908,1.3178904756206,-0.8176254430269748,-1.1038297769857637,-1.735155824306823,-0.21788593128653003,1.2872836569221815,1.651575905629829,-0.8138803121940104,-1.127015644187909,0.6766345454997655
-1.6735065528169568,-0.24953252926345462,1.1446914699608868,1.168160161232676,-0.6639327557710021,-0.9538823909089331,-1.7060149297130014,-0.24983666516685943,1.1504123064750127,1.1169290629310393,-0.7041532650748661,-0.980198023941936,-1.7511332058851132,-0.13061967877687344,1.2044647430068272,1.3621503340965773,-0.7042142606910377,-1.0289782787912052,-1.6721876443891026,-0.27415960116241855,1.2072717958645087,1.4916710433339233,-0.7039621454775269,-1.0053263317772045,-1.696764718255984,-0.24835534827963296,1.2172187686476528,1.3806151465471985,-0.7411288075983751,-1.0286007455534527,-1.7453763191701437,-0.19681009446098974,1.227863717053483,1.2782203653137303,-0.7788728948856534,-1.0550258874875396,-1.7807363598957748,-0.18601294629229123,1.2332334075524263,1.192569349156713,-0.8148969057968782,-1.0788271517141272,-1.6920981778990556,-0.42112783363519796,1.289080231225908,1.3178904756206,-0.8176254430269748,-1.1038297769857637,-1.735155824306823,-0.21788593128653003,1.2872836569221815,1.651575905629829,-0.8138803121940104,-1.127015644187909,-1.650495911947993,-0.5269114153517058,1.100825888642214,1.3216302204742296,-0.7461507799965428,-0.9786484969346919,0.6920802869118744
-1.7060149297130014,-0.24983666516685943,1.1504123064750127,1.1169290629310393,-0.7041532650748661,-0.980198023941936,-1.7511332058851132,-0.13061967877687344,1.2044647430068272,1.3621503340965773,-0.7042142606910377,-1.0289782787912052,-1.6721876443891026,-0.27415960116241855,1.2072717958645087,1.4916710433339233,-0.7039621454775269,-1.0053263317772045,-1.696764718255984,-0.24835534827963296,1.2172187686476528,1.3806151465471985,-0.7411288075983751,-1.0286007455534527,-1.7453763191701437,-0.19681009446098974,1.227863717053483,1.2782203653137303,-0.7788728948856534,-1.0550258874875396,-1.7807363598957748,-0.18601294629229123,1.2332334075524263,1.192569349156713,-0.8148969057968782,-1.0788271517141272,-1.6920981778990556,-0.42112783363519796,1.289080231225908,1.3178904756206,-0.8176254430269748,-1.1038297769857637,-1.735155824306823,-0.21788593128653003,1.2872836569221815,1.651575905629829,-0.8138803121940104,-1.127015644187909,-1.650495911947993,-0.5269114153517058,1.100825888642214,1.3216302204742296,-0.7461507799965428,-0.9786484969346919,-1.503568023998683,-0.2922486280517916,0.9225191844088158,1.4783991272778982,-0.7078983959078305,-0.8778549085836719,0.7025733895325736
-1.7511332058851132,-0.13061967877687344,1.2044647430068272,1.3621503340965773,-0.7042142606910377,-1.0289782787912052,-1.6721876443891026,-0.27415960116241855,1.2072717958645087,1.4916710433339233,-0.7039621454775269,-1.0053263317772045,-1.696764718255984,-0.24835534827963296,1.2172187686476528,1.3806151465471985,-0.7411288075983751,-1.0286007455534527,-1.7453763191701437,-0.19681009446098974,1.227863717053483,1.2782203653137303,-0.7788728948856534,-1.0550258874875396,-1.7807363598957748,-0.18601294629229123,1.2332334075524263,1.192569349156713,-0.8148969057968782,-1.0788271517141272,-1.6920981778990556,-0.42112783363519796,1.289080231225908,1.3178904756206,-0.8176254430269748,-1.1038297769857637,-1.735155824306823,-0.21788593128653003,1.2872836569221815,1.651575905629829,-0.8138803121940104,-1.127015644187909,-1.650495911947993,-0.5269114153517058,1.100825888642214,1.3216302204742296,-0.7461507799965428,-0.9786484969346919,-1.503568023998683,-0.2922486280517916,0.9225191844088158,1.4783991272778982,-0.7078983959078305,-0.8778549085836719,-1.6655389157983254,-0.14263202215756463,1.0559397168893447,1.352207833225739,-0.7803327232993712,-1.004783449155524,0.6893595113136765
-1.6721876443891026,-0.27415960116241855,1.2072717958645087,1.4916710433339233,-0.7039621454775269,-1.0053263317772045,-1.696764718255984,-0.24835534827963296,1.2172187686476528,1.3806151465471985,-0.7411288075983751,-1.0286007455534527,-1.7453763191701437,-0.19681009446098974,1.227863717053483,1.2782203653137303,-0.7788728948856534,-1.0550258874875396,-1.7807363598957748,-0.18601294629229123,1.2332334075524263,1.192569349156713,-0.8148969057968782,-1.0788271517141272,-1.6920981778990556,-0.42112783363519796,1.289080231225908,1.3178904756206,-0.8176254430269748,-1.1038297769857637,-1.735155824306823,-0.21788593128653003,1.2872836569221815,1.651575905629829,-0.8138803121940104,-1.127015644187909,-1.650495911947993,-0.5269114153517058,1.100825888642214,1.3216302204742296,-0.7461507799965428,-0.9786484969346919,-1.503568023998683,-0.2922486280517916,0.9225191844088158,1.4783991272778982,-0.7078983959078305,-0.8778549085836719,-1.6655389157983254,-0.14263202215756463,1.0559397168893447,1.352207833225739,-0.7803327232993712,-1.004783449155524,-1.6733808258257612,-0.28740037590310713,1.1796441344513422,1.1053180371718971,-0.8150880253942175,-1.0549888098454578,0.6841328891599533
-1.696764718255984,-0.24835534827963296,1.2172187686476528,1.3806151465471985,-0.7411288075983751,-1.0286007455534527,-1.7453763191701437,-0.19681009446098974,1.227863717053483,1.2782203653137303,-0.7788728948856534,-1.0550258874875396,-1.7807363598957748,-0.18601294629229123,1.2332334075524263,1.192569349156713,-0.8148969057968782,-1.0788271517141272,-1.6920981778990556,-0.42112783363519796,1.289080231225908,1.3178904756206,-0.8176254430269748,-1.1038297769857637,-1.735155824306823,-0.21788593128653003,1.2872836569221815,1.651575905629829,-0.8138803121940104,-1.127015644187909,-1.650495911947993,-0.5269114153517058,1.100825888642214,1.3216302204742296,-0.7461507799965428,-0.9786484969346919,-1.503568023998683,-0.2922486280517916,0.9225191844088158,1.4783991272778982,-0.7078983959078305,-0.8778549085836719,-1.6655389157983254,-0.14263202215756463,1.0559397168893447,1.352207833225739,-0.7803327232993712,-1.004783449155524,-1.6733808258257612,-0.28740037590310713,1.1796441344513422,1.1053180371718971,-0.8150880253942175,-1.0549888098454578,-1.7751695628773174,-0.03658567436195241,1.187684771534067,1.1623468293792178,-0.8586104307201959,-1.107583128843366,0.6786575648309008
-1.7453763191701437,-0.19681009446098974,1.227863717053483,1.2782203653137303,-0.7788728948856534,-1.0550258874875396,-1.7807363598957748,-0.18601294629229123,1.2332334075524263,1.192569349156713,-0.8148969057968782,-1.0788271517141272,-1.6920981778990556,-0.42112783363519796,1.289080231225908,1.3178904756206,-0.8176254430269748,-1.1038297769857637,-1.735155824306823,-0.21788593128653003,1.2872836569221815,1.651575905629829,-0.8138803121940104,-1.127015644187909,-1.650495911947993,-0.5269114153517058,1.100825888642214,1.3216302204742296,-0.7461507799965428,-0.9786484969346919,-1.503568023998683,-0.2922486280517916,0.9225191844088158,1.4783991272778982,-0.7078983959078305,-0.8778549085836719,-1.6655389157983254,-0.14263202215756463,1.0559397168893447,1.352207833225739,-0.7803327232993712,-1.004783449155524,-1.6733808258257612,-0.28740037590310713,1.1796441344513422,1.1053180371718971,-0.8150880253942175,-1.0549888098454578,-1.7751695628773174,-0.03658567436195241,1.187684771534067,1.1623468293792178,-0.8586104307201959,-1.107583128843366,-1.7211905786307975,-0.22825434197228192,1.3040693676861494,1.0906657157665813,-0.852767050690912,-1.130740864621263,0.6762467319400798
-1.7807363598957748,-0.18601294629229123,1.2332334075524263,1.192569349156713,-0.8148969057968782,-1.0788271517141272,-1.6920981778990556,-0.42112783363519796,1.289080231225908,1.3178904756206,-0.8176254430269748,-1.1038297769857637,-1.735155824306823,-0.21788593128653003,1.2872836569221815,1.651575905629829,-0.8138803121940104,-1.127015644187909,-1.650495911947993,-0.5269114153517058,1.100825888642214,1.3216302204742296,-0.7461507799965428,-0.9786484969346919,-1.503568023998683,-0.2922486280517916,0.9225191844088158,1.4783991272778982,-0.7078983959078305,-0.8778549085836719,-1.6655389157983254,-0.14263202215756463,1.0559397168893447,1.352207833225739,-0.7803327232993712,-1.004783449155524,-1.6733808258257612,-0.28740037590310713,1.1796441344513422,1.1053180371718971,-0.8150880253942175,-1.0549888098454578,-1.7751695628773174,-0.03658567436195241,1.187684771534067,1.1623468293792178,-0.8586104307201959,-1.107583128843366,-1.7211905786307975,-0.22825434197228192,1.3040693676861494,1.0906657157665813,-0.852767050690912,-1.130740864621263,-1.7701875009474337,-0.15510849834178764,1.2633614817598409,1.1226860874648967,-0.9316140505293421,-1.155156384747509,0.6737049575830618
-1.6920981778990556,-0.42112783363519796,1.289080231225908,1.3178904756206,-0.8176254430269748,-1.1038297769857637,-1.735155824306823,-0.21788593128653003,1.2872836569221815,1.651575905629829,-0.8138803121940104,-1.127015644187909,-1.650495911947993,-0.5269114153517058,1.100825888642214,1.3216302204742296,-0.7461507799965428,-0.9786484969346919,-1.503568023998683,-0.2922486280517916,0.9225191844088158,1.4783991272778982,-0.7078983959078305,-0.8778549085836719,-1.6655389157983254,-0.14263202215756463,1.0559397168893447,1.352207833225739,-0.7803327232993712,-1.004783449155524,-1.6733808258257612,-0.28740037590310713,1.1796441344513422,1.1053180371718971,-0.8150880253942175,-1.0549888098454578,-1.7751695628773174,-0.03658567436195241,1.187684771534067,1.1623468293792178,-0.8586104307201959,-1.107583128843366,-1.7211905786307975,-0.22825434197228192,1.3040693676861494,1.0906657157665813,-0.852767050690912,-1.130740864621263,-1.7701875009474337,-0.15510849834178764,1.2633614817598409,1.1226860874648967,-0.9316140505293421,-1.155156384747509,-1.7948392247563947,-0.07699323134515526,1.322377326434089,1.120375602089558,-0.92773879571521,-1.2051175578725903,0.6685037565421159
-1.735155824306823,-0.21788593128653003,1.2872836569221815,1.651575905629829,-0.8138803121940104,-1.127015644187909,-1.650495911947993,-0.5269114153517058,1.100825888642214,1.3216302204742296,-0.7461507799965428,-0.9786484969346919,-1.503568023998683,-0.2922486280517916,0.9225191844088158,1.4783991272778982,-0.7078983959078305,-0.8778549085836719,-1.6655389157983254,-0.14263202215756463,1.0559397168893447,1.352207833225739,-0.7803327232993712,-1.004783449155524,-1.6733808258257612,-0.28740037590310713,1.1796441344513422,1.1053180371718971,-0.8150880253942175,-1.0549888098454578,-1.7751695628773174,-0.03658567436195241,1.187684771534067,1.1623468293792178,-0.8586104307201959,-1.107583128843366,-1.7211905786307975,-0.22825434197228192,1.3040693676861494,1.0906657157665813,-0.852767050690912,-1.130740864621263,-1.7701875009474337,-0.15510849834178764,1.2633614817598409,1.1226860874648967,-0.9316140505293421,-1.155156384747509,-1.7948392247563947,-0.07699323134515526,1.322377326434089,1.120375602089558,-0.92773879571521,-1.2051175578725903,-1.810808203395325,-0.04977240912415519,1.380665569968889,1.059705977067728,-0.928503274104567,-1.232840645407952,0.6656176483359263
-1.650495911947993,-0.5269114153517058,1.100825888642214,1.3216302204742296,-0.7461507799965428,-0.9786484969346919,-1.503568023998683,-0.2922486280517916,0.9225191844088158,1.4783991272778982,-0.7078983959078305,-0.8778549085836719,-1.6655389157983254,-0.14263202215756463,1.0559397168893447,1.352207833225739,-0.7803327232993712,-1.004783449155524,-1.6733808258257612,-0.28740037590310713,1.1796441344513422,1.1053180371718971,-0.8150880253942175,-1.0549888098454578,-1.7751695628773174,-0.03658567436195241,1.187684771534067,1.1623468293792178,-0.8586104307201959,-1.107583128843366,-1.7211905786307975,-0.22825434197228192,1.3040693676861494,1.0906657157665813,-0.852767050690912,-1.130740864621263,-1.7701875009474337,-0.15510849834178764,1.2633614817598409,1.1226860874648967,-0.9316140505293421,-1.155156384747509,-1.7948392247563947,-0.07699323134515526,1.322377326434089,1.120375602089558,-0.92773879571521,-1.2051175578725903,-1.810808203395325,-0.04977240912415519,1.380665569968889,1.059705977067728,-0.928503274104567,-1.232840645407952,-1.787029831576949,-0.2005177459996417,1.4476424317686976,0.9731389564335229,-0.9673249506108847,-1.2583193713273009,0.6629651890863822
-1.503568023998683,-0.2922486280517916,0.9225191844088158,1.4783991272778982,-0.7078983959078305,-0.8778549085836719,-1.6655389157983254,-0.14263202215756463,1.0559397168893447,1.352207833225739,-0.7803327232993712,-1.004783449155524,-1.6733808258257612,-0.28740037590310713,1.1796441344513422,1.1053180371718971,-0.8150880253942175,-1.0549888098454578,-1.7751695628773174,-0.03658567436195241,1.187684771534067,1.1623468293792178,-0.8586104307201959,-1.107583128843366,-1.7211905786307975,-0.22825434197228192,1.3040693676861494,1.0906657157665813,-0.852767050690912,-1.130740864621263,-1.7701875009474337,-0.15510849834178764,1.2633614817598409,1.1226860874648967,-0.9316140505293421,-1.155156384747509,-1.7948392247563947,-0.07699323134515526,1.322377326434089,1.120375602089558,-0.92773879571521,-1.2051175578725903,-1.810808203395325,-0.04977240912415519,1.380665569968889,1.059705977067728,-0.928503274104567,-1.232840645407952,-1.787029831576949,-0.2005177459996417,1.4476424317686976,0.9731389564335229,-0.9673249506108847,-1.2583193713273009,-1.8607157052336591,0.033108900213515376,1.397120458030317,1.0790896114149302,-1.0028406647206758,-1.2792196165965521,0.6607893719337645
-1.6655389157983254,-0.14263202215756463,1.0559397168893447,1.352207833225739,-0.7803327232993712,-1.004783449155524,-1.6733808258257612,-0.28740037590310713,1.1796441344513422,1.1053180371718971,-0.8150880253942175,-1.0549888098454578,-1.7751695628773174,-0.03658567436195241,1.187684771534067,1.1623468293792178,-0.8586104307201959,-1.107583128843366,-1.7211905786307975,-0.22825434197228192,1.3040693676861494,1.0906657157665813,-0.852767050690912,-1.130740864621263,-1.7701875009474337,-0.15510849834178764,1.2633614817598409,1.1226860874648967,-0.9316140505293421,-1.155156384747509,-1.7948392247563947,-0.07699323134515526,1.322377326434089,1.120375602089558,-0.92773879571521,-1.2051175578725903,-1.810808203395325,-0.04977240912415519,1.380665569968889,1.059705977067728,-0.928503274104567,-1.232840645407952,-1.787029831576949,-0.2005177459996417,1.4476424317686976,0.9731389564335229,-0.9673249506108847,-1.2583193713273009,-1.8607157052336591,0.033108900213515376,1.397120458030317,1.0790896114149302,-1.0028406647206758,-1.2792196165965521,-1.7964905171907957,-0.13759749591225987,1.457384044679001,1.0544451065283138,-1.0013808363069578,-1.2809182394760334,0.6606125370330544
-1.6733808258257612,-0.28740037590310713,1.1796441344513422,1.1053180371718971,-0.8150880253942175,-1.0549888098454578,-1.7751695628773174,-0.03658567436195241,1.187684771534067,1.1623468293792178,-0.8586104307201959,-1.107583128843366,-1.7211905786307975,-0.22825434197228192,1.3040693676861494,1.0906657157665813,-0.852767050690912,-1.130740864621263,-1.7701875009474337,-0.15510849834178764,1.2633614817598409,1.1226860874648967,-0.9316140505293421,-1.155156384747509,-1.7948392247563947,-0.07699323134515526,1.322377326434089,1.120375602089558,-0.92773879571521,-1.2051175578725903,-1.810808203395325,-0.04977240912415519,1.380665569968889,1.059705977067728,-0.928503274104567,-1.232840645407952,-1.787029831576949,-0.2005177459996417,1.4476424317686976,0.9731389564335229,-0.9673249506108847,-1.2583193713273009,-1.8607157052336591,0.033108900213515376,1.397120458030317,1.0790896114149302,-1.0028406647206758,-1.2792196165965521,-1.7964905171907957,-0.13759749591225987,1.457384044679001,1.0544451065283138,-1.0013808363069578,-1.2809182394760334,-1.775480947060974,-0.18281352143774618,1.5164809654440752,1.0065475994834288,-1.0025844831327526,-1.3077015412583528,0.6578242650931341
-1.7751695628773174,-0.03658567436195241,1.187684771534067,1.1623468293792178,-0.8586104307201959,-1.107583128843366,-1.7211905786307975,-0.22825434197228192,1.3040693676861494,1.0906657157665813,-0.852767050690912,-1.130740864621263,-1.7701875009474337,-0.15510849834178764,1.2633614817598409,1.1226860874648967,-0.9316140505293421,-1.155156384747509,-1.7948392247563947,-0.07699323134515526,1.322377326434089,1.120375602089558,-0.92773879571521,-1.2051175578725903,-1.810808203395325,-0.04977240912415519,1.380665569968889,1.059705977067728,-0.928503274104567,-1.232840645407952,-1.787029831576949,-0.2005177459996417,1.4476424317686976,0.9731389564335229,-0.9673249506108847,-1.2583193713273009,-1.8607157052336591,0.033108900213515376,1.397120458030317,1.0790896114149302,-1.0028406647206758,-1.2792196165965521,-1.7964905171907957,-0.13759749591225987,1.457384044679001,1.0544451065283138,-1.0013808363069578,-1.2809182394760334,-1.775480947060974,-0.18281352143774618,1.5164809654440752,1.0065475994834288,-1.0025844831327526,-1.3077015412583528,-1.7378980441924823,-0.3163063047905916,1.5065870527655083,1.1087219609918688,-0.9672598886203009,-1.2824671792143678,0.6604512848751194
-1.7211905786307975,-0.22825434197228192,1.3040693676861494,1.0906657157665813,-0.852767050690912,-1.130740864621263,-1.7701875009474337,-0.15510849834178764,1.2633614817598409,1.1226860874648967,-0.9316140505293421,-1.155156384747509,-1.7948392247563947,-0.07699323134515526,1.322377326434089,1.120375602089558,-0.92773879571521,-1.2051175578725903,-1.810808203395325,-0.04977240912415519,1.380665569968889,1.059705977067728,-0.928503274104567,-1.232840645407952,-1.787029831576949,-0.2005177459996417,1.4476424317686976,0.9731389564335229,-0.9673249506108847,-1.2583193713273009,-1.8607157052336591,0.033108900213515376,1.397120458030317,1.0790896114149302,-1.0028406647206758,-1.2792196165965521,-1.7964905171907957,-0.13759749591225987,1.457384044679001,1.0544451065283138,-1.0013808363069578,-1.2809182394760334,-1.775480947060974,-0.18281352143774618,1.5164809654440752,1.0065475994834288,-1.0025844831327526,-1.3077015412583528,-1.7378980441924823,-0.3163063047905916,1.5065870527655083,1.1087219609918688,-0.9672598886203009,-1.2824671792143678,-1.6263279103622905,-0.11789113568940261,1.2641713137632349,0.7103437147213222,-0.928247092516644,-1.1550461038211757,0.6737164383636953
-1.7701875009474337,-0.15510849834178764,1.2633614817598409,1.1226860874648967,-0.9316140505293421,-1.155156384747509,-1.7948392247563947,-0.07699323134515526,1.322377326434089,1.120375602089558,-0.92773879571521,-1.2051175578725903,-1.810808203395325,-0.04977240912415519,1.380665569968889,1.059705977067728,-0.928503274104567,-1.232840645407952,-1.787029831576949,-0.2005177459996417,1.4476424317686976,0.9731389564335229,-0.9673249506108847,-1.2583193713273009,-1.8607157052336591,0.033108900213515376,1.397120458030317,1.0790896114149302,-1.0028406647206758,-1.2792196165965521,-1.7964905171907957,-0.13759749591225987,1.457384044679001,1.0544451065283138,-1.0013808363069578,-1.2809182394760334,-1.775480947060974,-0.18281352143774618,1.5164809654440752,1.0065475994834288,-1.0025844831327526,-1.3077015412583528,-1.7378980441924823,-0.3163063047905916,1.5065870527655083,1.1087219609918688,-0.9672598886203009,-1.2824671792143678,-1.6263279103622905,-0.11789113568940261,1.2641713137632349,0.7103437147213222,-0.928247092516644,-1.1550461038211757,-1.6219907301841985,-0.26719611774588575,1.447781295117453,0.5077790287043359,-0.9670687690229616,-1.2579234769334355,0.6630064036176808
-1.7948392247563947,-0.07699323134515526,1.322377326434089,1.120375602089558,-0.92773879571521,-1.2051175578725903,-1.810808203395325,-0.04977240912415519,1.380665569968889,1.059705977067728,-0.928503274104567,-1.232840645407952,-1.787029831576949,-0.2005177459996417,1.4476424317686976,0.9731389564335229,-0.9673249506108847,-1.2583193713273009,-1.8607157052336591,0.033108900213515376,1.397120458030317,1.0790896114149302,-1.0028406647206758,-1.2792196165965521,-1.7964905171907957,-0.13759749591225987,1.457384044679001,1.0544451065283138,-1.0013808363069578,-1.2809182394760334,-1.775480947060974,-0.18281352143774618,1.5164809654440752,1.0065475994834288,-1.0025844831327526,-1.3077015412583528,-1.7378980441924823,-0.3163063047905916,1.5065870527655083,1.1087219609918688,-0.9672598886203009,-1.2824671792143678,-1.6263279103622905,-0.11789113568940261,1.2641713137632349,0.7103437147213222,-0.928247092516644,-1.1550461038211757,-1.6219907301841985,-0.26719611774588575,1.447781295117453,0.5077790287043359,-0.9670687690229616,-1.2579234769334355,-1.7478478695732618,-0.055303939751015004,1.5182458737476954,0.44963616641682697,-1.0023933635354134,-1.3342605875365796,0.6550593392415532
-1.810808203395325,-0.04977240912415519,1.380665569968889,1.059705977067728,-0.928503274104567,-1.232840645407952,-1.787029831576949,-0.2005177459996417,1.4476424317686976,0.9731389564335229,-0.9673249506108847,-1.2583193713273009,-1.8607157052336591,0.033108900213515376,1.397120458030317,1.0790896114149302,-1.0028406647206758,-1.2792196165965521,-1.7964905171907957,-0.13759749591225987,1.457384044679001,1.0544451065283138,-1.0013808363069578,-1.2809182394760334,-1.775480947060974,-0.18281352143774618,1.5164809654440752,1.0065475994834288,-1.0025844831327526,-1.3077015412583528,-1.7378980441924823,-0.3163063047905916,1.5065870527655083,1.1087219609918688,-0.9672598886203009,-1.2824671792143678,-1.6263279103622905,-0.11789113568940261,1.2641713137632349,0.7103437147213222,-0.928247092516644,-1.1550461038211757,-1.6219907301841985,-0.26719611774588575,1.447781295117453,0.5077790287043359,-0.9670687690229616,-1.2579234769334355,-1.7478478695732618,-0.055303939751015004,1.5182458737476954,0.44963616641682697,-1.0023933635354134,-1.3342605875365796,-1.732941231538063,-0.16805489798439732,1.5837926175827515,0.22897601451859062,-1.0412801020323148,-1.357806443551452,0.652608101146965
-1.787029831576949,-0.2005177459996417,1.4476424317686976,0.9731389564335229,-0.9673249506108847,-1.2583193713273009,-1.8607157052336591,0.033108900213515376,1.397120458030317,1.0790896114149302,-1.0028406647206758,-1.2792196165965521,-1.7964905171907957,-0.13759749591225987,1.457384044679001,1.0544451065283138,-1.0013808363069578,-1.2809182394760334,-1.775480947060974,-0.18281352143774618,1.5164809654440752,1.0065475994834288,-1.0025844831327526,-1.3077015412583528,-1.7378980441924823,-0.3163063047905916,1.5065870527655083,1.1087219609918688,-0.9672598886203009,-1.2824671792143678,-1.6263279103622905,-0.11789113568940261,1.2641713137632349,0.7103437147213222,-0.928247092516644,-1.1550461038211757,-1.6219907301841985,-0.26719611774588575,1.447781295117453,0.5077790287043359,-0.9670687690229616,-1.2579234769334355,-1.7478478695732618,-0.055303939751015004,1.5182458737476954,0.44963616641682697,-1.0023933635354134,-1.3342605875365796,-1.732941231538063,-0.16805489798439732,1.5837926175827515,0.22897601451859062,-1.0412801020323148,-1.357806443551452,-1.7960456209691715,0.08443973268645692,1.58208154854539,0.6153251261868519,-1.0389297376224844,-1.3809081847146458,0.6502030975677887
-1.8607157052336591,0.033108900213515376,1.397120458030317,1.0790896114149302,-1.0028406647206758,-1.2792196165965521,-1.7964905171907957,-0.13759749591225987,1.457384044679001,1.0544451065283138,-1.0013808363069578,-1.2809182394760334,-1.775480947060974,-0.18281352143774618,1.5164809654440752,1.0065475994834288,-1.0025844831327526,-1.3077015412583528,-1.7378980441924823,-0.3163063047905916,1.5065870527655083,1.1087219609918688,-0.9672598886203009,-1.2824671792143678,-1.6263279103622905,-0.11789113568940261,1.2641713137632349,0.7103437147213222,-0.928247092516644,-1.1550461038211757,-1.6219907301841985,-0.26719611774588575,1.447781295117453,0.5077790287043359,-0.9670687690229616,-1.2579234769334355,-1.7478478695732618,-0.055303939751015004,1.5182458737476954,0.44963616641682697,-1.0023933635354134,-1.3342605875365796,-1.732941231538063,-0.16805489798439732,1.5837926175827515,0.22897601451859062,-1.0412801020323148,-1.357806443551452,-1.7960456209691715,0.08443973268645692,1.58208154854539,0.6153251261868519,-1.0389297376224844,-1.3809081847146458,-1.7085335359974478,-0.08202013143566042,1.6423496247348577,0.6803317083270791,-1.038104263616956,-1.381726875076191,0.650117867920558
-1.7964905171907957,-0.13759749591225987,1.457384044679001,1.0544451065283138,-1.0013808363069578,-1.2809182394760334,-1.775480947060974,-0.18281352143774618,1.5164809654440752,1.0065475994834288,-1.0025844831327526,-1.3077015412583528,-1.7378980441924823,-0.3163063047905916,1.5065870527655083,1.1087219609918688,-0.9672598886203009,-1.2824671792143678,-1.6263279103622905,-0.11789113568940261,1.2641713137632349,0.7103437147213222,-0.928247092516644,-1.1550461038211757,-1.6219907301841985,-0.26719611774588575,1.447781295117453,0.5077790287043359,-0.9670687690229616,-1.2579234769334355,-1.7478478695732618,-0.055303939751015004,1.5182458737476954,0.44963616641682697,-1.0023933635354134,-1.3342605875365796,-1.732941231538063,-0.16805489798439732,1.5837926175827515,0.22897601451859062,-1.0412801020323148,-1.357806443551452,-1.7960456209691715,0.08443973268645692,1.58208154854539,0.6153251261868519,-1.0389297376224844,-1.3809081847146458,-1.7085335359974478,-0.08202013143566042,1.6423496247348577,0.6803317083270791,-1.038104263616956,-1.381726875076191,-1.8046030432498692,0.14628705270822492,1.6531387073314578,0.5885350030056604,-1.0757182269230665,-1.4332569543234654,0.6447533361240378
-1.775480947060974,-0.18281352143774618,1.5164809654440752,1.0065475994834288,-1.0025844831327526,-1.3077015412583528,-1.7378980441924823,-0.3163063047905916,1.5065870527655083,1.1087219609918688,-0.9672598886203009,-1.2824671792143678,-1.6263279103622905,-0.11789113568940261,1.2641713137632349,0.7103437147213222,-0.928247092516644,-1.1550461038211757,-1.6219907301841985,-0.26719611774588575,1.447781295117453,0.5077790287043359,-0.9670687690229616,-1.2579234769334355,-1.7478478695732618,-0.055303939751015004,1.5182458737476954,0.44963616641682697,-1.0023933635354134,-1.3342605875365796,-1.732941231538063,-0.16805489798439732,1.5837926175827515,0.22897601451859062,-1.0412801020323148,-1.357806443551452,-1.7960456209691715,0.08443973268645692,1.58208154854539,0.6153251261868519,-1.0389297376224844,-1.3809081847146458,-1.7085335359974478,-0.08202013143566042,1.6423496247348577,0.6803317083270791,-1.038104263616956,-1.381726875076191,-1.8046030432498692,0.14628705270822492,1.6531387073314578,0.5885350030056604,-1.0757182269230665,-1.4332569543234654,-1.811370373306663,0.08385282092454929,1.723049700699432,0.35520678410674367,-1.1159387362269306,-1.4825035248087617,0.6396265286923974
-1.7378980441924823,-0.3163063047905916,1.5065870527655083,1.1087219609918688,-0.9672598886203009,-1.2824671792143678,-1.6263279103622905,-0.11789113568940261,1.2641713137632349,0.7103437147213222,-0.928247092516644,-1.1550461038211757,-1.6219907301841985,-0.26719611774588575,1.447781295117453,0.5077790287043359,-0.9670687690229616,-1.2579234769334355,-1.7478478695732618,-0.055303939751015004,1.5182458737476954,0.44963616641682697,-1.0023933635354134,-1.3342605875365796,-1.732941231538063,-0.16805489798439732,1.5837926175827515,0.22897601451859062,-1.0412801020323148,-1.357806443551452,-1.7960456209691715,0.08443973268645692,1.58208154854539,0.6153251261868519,-1.0389297376224844,-1.3809081847146458,-1.7085335359974478,-0.08202013143566042,1.6423496247348577,0.6803317083270791,-1.038104263616956,-1.381726875076191,-1.8046030432498692,0.14628705270822492,1.6531387073314578,0.5885350030056604,-1.0757182269230665,-1.4332569543234654,-1.811370373306663,0.08385282092454929,1.723049700699432,0.35520678410674367,-1.1159387362269306,-1.4825035248087617,-1.7731319571882451,-0.006137665682779848,1.7794397654729412,0.19443360809959176,-1.1137754250400271,-1.4827208067512165,0.6396039085857309
-1.6263279103622905,-0.11789113568940261,1.2641713137632349,0.7103437147213222,-0.928247092516644,-1.1550461038211757,-1.6219907301841985,-0.26719611774588575,1.447781295117453,0.5077790287043359,-0.9670687690229616,-1.2579234769334355,-1.7478478695732618,-0.055303939751015004,1.5182458737476954,0.44963616641682697,-1.0023933635354134,-1.3342605875365796,-1.732941231538063,-0.16805489798439732,1.5837926175827515,0.22897601451859062,-1.0412801020323148,-1.357806443551452,-1.7960456209691715,0.08443973268645692,1.58208154854539,0.6153251261868519,-1.0389297376224844,-1.3809081847146458,-1.7085335359974478,-0.08202013143566042,1.6423496247348577,0.6803317083270791,-1.038104263616956,-1.381726875076191,-1.8046030432498692,0.14628705270822492,1.6531387073314578,0.5885350030056604,-1.0757182269230665,-1.4332569543234654,-1.811370373306663,0.08385282092454929,1.723049700699432,0.35520678410674367,-1.1159387362269306,-1.4825035248087617,-1.7731319571882451,-0.006137665682779848,1.7794397654729412,0.19443360809959176,-1.1137754250400271,-1.4827208067512165,-1.7680706864015108,0.04888545692479056,1.7784670406026113,0.4947759568743442,-1.1139014826467826,-1.5075566125043638,0.6370183804514615
-1.6219907301841985,-0.26719611774588575,1.447781295117453,0.5077790287043359,-0.9670687690229616,-1.2579234769334355,-1.7478478695732618,-0.055303939751015004,1.5182458737476954,0.44963616641682697,-1.0023933635354134,-1.3342605875365796,-1.732941231538063,-0.16805489798439732,1.5837926175827515,0.22897601451859062,-1.0412801020323148,-1.357806443551452,-1.7960456209691715,0.08443973268645692,1.58208154854539,0.6153251261868519,-1.0389297376224844,-1.3809081847146458,-1.7085335359974478,-0.08202013143566042,1.6423496247348577,0.6803317083270791,-1.038104263616956,-1.381726875076191,-1.8046030432498692,0.14628705270822492,1.6531387073314578,0.5885350030056604,-1.0757182269230665,-1.4332569543234654,-1.811370373306663,0.08385282092454929,1.723049700699432,0.35520678410674367,-1.1159387362269306,-1.4825035248087617,-1.7731319571882451,-0.006137665682779848,1.7794397654729412,0.19443360809959176,-1.1137754250400271,-1.4827208067512165,-1.7680706864015108,0.04888545692479056,1.7784670406026113,0.4947759568743442,-1.1139014826467826,-1.5075566125043638,-1.752917101897612,0.03869053478639582,1.7921348258168572,0.49888669328742125,-1.1470708987211555,-1.5071213235305656,0.6370636961500734
-1.7478478695732618,-0.055303939751015004,1.5182458737476954,0.44963616641682697,-1.0023933635354134,-1.3342605875365796,-1.732941231538063,-0.16805489798439732,1.5837926175827515,0.22897601451859062,-1.0412801020323148,-1.357806443551452,-1.7960456209691715,0.08443973268645692,1.58208154854539,0.6153251261868519,-1.0389297376224844,-1.3809081847146458,-1.7085335359974478,-0.08202013143566042,1.6423496247348577,0.6803317083270791,-1.038104263616956,-1.381726875076191,-1.8046030432498692,0.14628705270822492,1.6531387073314578,0.5885350030056604,-1.0757182269230665,-1.4332569543234654,-1.811370373306663,0.08385282092454929,1.723049700699432,0.35520678410674367,-1.1159387362269306,-1.4825035248087617,-1.7731319571882451,-0.006137665682779848,1.7794397654729412,0.19443360809959176,-1.1137754250400271,-1.4827208067512165,-1.7680706864015108,0.04888545692479056,1.7784670406026113,0.4947759568743442,-1.1139014826467826,-1.5075566125043638,-1.752917101897612,0.03869053478639582,1.7921348258168572,0.49888669328742125,-1.1470708987211555,-1.5071213235305656,-1.7735785817024148,0.07770466976713006,1.9097982135211014,0.283312849300233,-1.1473840095508379,-1.5568954140111895,0.631881971322039
-1.732941231538063,-0.16805489798439732,1.5837926175827515,0.22897601451859062,-1.0412801020323148,-1.357806443551452,-1.7960456209691715,0.08443973268645692,1.58208154854539,0.6153251261868519,-1.0389297376224844,-1.3809081847146458,-1.7085335359974478,-0.08202013143566042,1.6423496247348577,0.6803317083270791,-1.038104263616956,-1.381726875076191,-1.8046030432498692,0.14628705270822492,1.6531387073314578,0.5885350030056604,-1.0757182269230665,-1.4332569543234654,-1.811370373306663,0.08385282092454929,1.723049700699432,0.35520678410674367,-1.1159387362269306,-1.4825035248087617,-1.7731319571882451,-0.006137665682779848,1.7794397654729412,0.19443360809959176,-1.1137754250400271,-1.4827208067512165,-1.7680706864015108,0.04888545692479056,1.7784670406026113,0.4947759568743442,-1.1139014826467826,-1.5075566125043638,-1.752917101897612,0.03869053478639582,1.7921348258168572,0.49888669328742125,-1.1470708987211555,-1.5071213235305656,-1.7735785817024148,0.07770466976713006,1.9097982135211014,0.283312849300233,-1.1473840095508379,-1.5568954140111895,-1.7702716654361934,0.04109848244910952,1.9225787158759218,0.08575006801973234,-1.1881778776467198,-1.5839190017306,0.6290686844477617
-1.7960456209691715,0.08443973268645692,1.58208154854539,0.6153251261868519,-1.0389297376224844,-1.3809081847146458,-1.7085335359974478,-0.08202013143566042,1.6423496247348577,0.6803317083270791,-1.038104263616956,-1.381726875076191,-1.8046030432498692,0.14628705270822492,1.6531387073314578,0.5885350030056604,-1.0757182269230665,-1.4332569543234654,-1.811370373306663,0.08385282092454929,1.723049700699432,0.35520678410674367,-1.1159387362269306,-1.4825035248087617,-1.7731319571882451,-0.006137665682779848,1.7794397654729412,0.19443360809959176,-1.1137754250400271,-1.4827208067512165,-1.7680706864015108,0.04888545692479056,1.7784670406026113,0.4947759568743442,-1.1139014826467826,-1.5075566125043638,-1.752917101897612,0.03869053478639582,1.7921348258168572,0.49888669328742125,-1.1470708987211555,-1.5071213235305656,-1.7735785817024148,0.07770466976713006,1.9097982135211014,0.283312849300233,-1.1473840095508379,-1.5568954140111895,-1.7702716654361934,0.04109848244910952,1.9225787158759218,0.08575006801973234,-1.1881778776467198,-1.5839190017306,-1.8795872890947045,0.3608691691566773,1.9201121611718583,0.17774916876384814,-1.188368997244059,-1.6073449241110636,0.6266299320276505
-1.7085335359974478,-0.08202013143566042,1.6423496247348577,0.6803317083270791,-1.038104263616956,-1.381726875076191,-1.8046030432498692,0.14628705270822492,1.6531387073314578,0.5885350030056604,-1.0757182269230665,-1.4332569543234654,-1.811370373306663,0.08385282092454929,1.723049700699432,0.35520678410674367,-1.1159387362269306,-1.4825035248087617,-1.7731319571882451,-0.006137665682779848,1.7794397654729412,0.19443360809959176,-1.1137754250400271,-1.4827208067512165,-1.7680706864015108,0.04888545692479056,1.7784670406026113,0.4947759568743442,-1.1139014826467826,-1.5075566125043638,-1.752917101897612,0.03869053478639582,1.7921348258168572,0.49888669328742125,-1.1470708987211555,-1.5071213235305656,-1.7735785817024148,0.07770466976713006,1.9097982135211014,0.283312849300233,-1.1473840095508379,-1.5568954140111895,-1.7702716654361934,0.04109848244910952,1.9225787158759218,0.08575006801973234,-1.1881778776467198,-1.5839190017306,-1.8795872890947045,0.3608691691566773,1.9201121611718583,0.17774916876384814,-1.188368997244059,-1.6073449241110636,-1.8262753010772368,0.3287212768789324,1.9201392316658954,0.5089740628414818,-1.1833510912203036,-1.6074819614471187,0.6266156657746713
-1.8046030432498692,0.14628705270822492,1.6531387073314578,0.5885350030056604,-1.0757182269230665,-1.4332569543234654,-1.811370373306663,0.08385282092454929,1.723049700699432,0.35520678410674367,-1.1159387362269306,-1.4825035248087617,-1.7731319571882451,-0.006137665682779848,1.7794397654729412,0.19443360809959176,-1.1137754250400271,-1.4827208067512165,-1.7680706864015108,0.04888545692479056,1.7784670406026113,0.4947759568743442,-1.1139014826467826,-1.5075566125043638,-1.752917101897612,0.03869053478639582,1.7921348258168572,0.49888669328742125,-1.1470708987211555,-1.5071213235305656,-1.7735785817024148,0.07770466976713006,1.9097982135211014,0.283312849300233,-1.1473840095508379,-1.5568954140111895,-1.7702716654361934,0.04109848244910952,1.9225787158759218,0.08575006801973234,-1.1881778776467198,-1.5839190017306,-1.8795872890947045,0.3608691691566773,1.9201121611718583,0.17774916876384814,-1.188368997244059,-1.6073449241110636,-1.8262753010772368,0.3287212768789324,1.9201392316658954,0.5089740628414818,-1.1833510912203036,-1.6074819614471187,-1.7672090105685114,0.13228257136816207,1.989036605326752,0.3028041877896185,-1.2247752473499625,-1.6321870300281882,0.6240437480156787
-1.811370373306663,0.08385282092454929,1.723049700699432,0.35520678410674367,-1.1159387362269306,-1.4825035248087617,-1.7731319571882451,-0.006137665682779848,1.7794397654729412,0.19443360809959176,-1.1137754250400271,-1.4827208067512165,-1.7680706864015108,0.04888545692479056,1.7784670406026113,0.4947759568743442,-1.1139014826467826,-1.5075566125043638,-1.752917101897612,0.03869053478639582,1.7921348258168572,0.49888669328742125,-1.1470708987211555,-1.5071213235305656,-1.7735785817024148,0.07770466976713006,1.9097982135211014,0.283312849300233,-1.1473840095508379,-1.5568954140111895,-1.7702716654361934,0.04109848244910952,1.9225787158759218,0.08575006801973234,-1.1881778776467198,-1.5839190017306,-1.8795872890947045,0.3608691691566773,1.9201121611718583,0.17774916876384814,-1.188368997244059,-1.6073449241110636,-1.8262753010772368,0.3287212768789324,1.9201392316658954,0.5089740628414818,-1.1833510912203036,-1.6074819614471187,-1.7672090105685114,0.13228257136816207,1.989036605326752,0.3028041877896185,-1.2247752473499625,-1.6321870300281882,-1.7708134974234946,-0.0932294383695453,1.9775531110880764,0.3745802489787013,-1.1843676848231715,-1.6065017145070124,0.6267177142472422
-1.7731319571882451,-0.006137665682779848,1.7794397654729412,0.19443360809959176,-1.1137754250400271,-1.4827208067512165,-1.7680706864015108,0.04888545692479056,1.7784670406026113,0.4947759568743442,-1.1139014826467826,-1.5075566125043638,-1.752917101897612,0.03869053478639582,1.7921348258168572,0.49888669328742125,-1.1470708987211555,-1.5071213235305656,-1.7735785817024148,0.07770466976713006,1.9097982135211014,0.283312849300233,-1.1473840095508379,-1.5568954140111895,-1.7702716654361934,0.04109848244910952,1.9225787158759218,0.08575006801973234,-1.1881778776467198,-1.5839190017306,-1.8795872890947045,0.3608691691566773,1.9201121611718583,0.17774916876384814,-1.188368997244059,-1.6073449241110636,-1.8262753010772368,0.3287212768789324,1.9201392316658954,0.5089740628414818,-1.1833510912203036,-1.6074819614471187,-1.7672090105685114,0.13228257136816207,1.989036605326752,0.3028041877896185,-1.2247752473499625,-1.6321870300281882,-1.7708134974234946,-0.0932294383695453,1.9775531110880764,0.3745802489787013,-1.1843676848231715,-1.6065017145070124,-1.571195065335926,-0.0017877327640775122,1.7071943738762774,1.1030057830214852,-1.077495232540879,-1.4318247201681102,0.644902438663345
-1.7680706864015108,0.04888545692479056,1.7784670406026113,0.4947759568743442,-1.1139014826467826,-1.5075566125043638,-1.752917101897612,0.03869053478639582,1.7921348258168572,0.49888669328742125,-1.1470708987211555,-1.5071213235305656,-1.7735785817024148,0.07770466976713006,1.9097982135211014,0.283312849300233,-1.1473840095508379,-1.5568954140111895,-1.7702716654361934,0.04109848244910952,1.9225787158759218,0.08575006801973234,-1.1881778776467198,-1.5839190017306,-1.8795872890947045,0.3608691691566773,1.9201121611718583,0.17774916876384814,-1.188368997244059,-1.6073449241110636,-1.8262753010772368,0.3287212768789324,1.9201392316658954,0.5089740628414818,-1.1833510912203036,-1.6074819614471187,-1.7672090105685114,0.13228257136816207,1.989036605326752,0.3028041877896185,-1.2247752473499625,-1.6321870300281882,-1.7708134974234946,-0.0932294383695453,1.9775531110880764,0.3745802489787013,-1.1843676848231715,-1.6065017145070124,-1.571195065335926,-0.0017877327640775122,1.7071943738762774,1.1030057830214852,-1.077495232540879,-1.4318247201681102,-1.6572114433527132,0.07615100764971289,1.9078444063945852,1.1208648560244447,-1.1513283927299662,-1.5579700058389756,0.6317701010879418
-1.752917101897612,0.03869053478639582,1.7921348258168572,0.49888669328742125,-1.1470708987211555,-1.5071213235305656,-1.7735785817024148,0.07770466976713006,1.9097982135211014,0.283312849300233,-1.1473840095508379,-1.5568954140111895,-1.7702716654361934,0.04109848244910952,1.9225787158759218,0.08575006801973234,-1.1881778776467198,-1.5839190017306,-1.8795872890947045,0.3608691691566773,1.9201121611718583,0.17774916876384814,-1.188368997244059,-1.6073449241110636,-1.8262753010772368,0.3287212768789324,1.9201392316658954,0.5089740628414818,-1.1833510912203036,-1.6074819614471187,-1.7672090105685114,0.13228257136816207,1.989036605326752,0.3028041877896185,-1.2247752473499625,-1.6321870300281882,-1.7708134974234946,-0.0932294383695453,1.9775531110880764,0.3745802489787013,-1.1843676848231715,-1.6065017145070124,-1.571195065335926,-0.0017877327640775122,1.7071943738762774,1.1030057830214852,-1.077495232540879,-1.4318247201681102,-1.6572114433527132,0.07615100764971289,1.9078444063945852,1.1208648560244447,-1.1513283927299662,-1.5579700058389756,-1.6517085594134497,0.07553269582503876,2.03786640014813,0.9774678063219404,-1.1855713316489662,-1.6327217089316286,0.6239880853421426
-1.7735785817024148,0.07770466976713006,1.9097982135211014,0.283312849300233,-1.1473840095508379,-1.5568954140111895,-1.7702716654361934,0.04109848244910952,1.9225787158759218,0.08575006801973234,-1.1881778776467198,-1.5839190017306,-1.8795872890947045,0.3608691691566773,1.9201121611718583,0.17774916876384814,-1.188368997244059,-1.6073449241110636,-1.8262753010772368,0.3287212768789324,1.9201392316658954,0.5089740628414818,-1.1833510912203036,-1.6074819614471187,-1.7672090105685114,0.13228257136816207,1.989036605326752,0.3028041877896185,-1.2247752473499625,-1.6321870300281882,-1.7708134974234946,-0.0932294383695453,1.9775531110880764,0.3745802489787013,-1.1843676848231715,-1.6065017145070124,-1.571195065335926,-0.0017877327640775122,1.7071943738762774,1.1030057830214852,-1.077495232540879,-1.4318247201681102,-1.6572114433527132,0.07615100764971289,1.9078444063945852,1.1208648560244447,-1.1513283927299662,-1.5579700058389756,-1.6517085594134497,0.07553269582503876,2.03786640014813,0.9774678063219404,-1.1855713316489662,-1.6327217089316286,-1.6994690369011276,0.25703201138743503,2.1555055406182615,0.9750173184370988,-1.1848109196340215,-1.7088751304086636,0.6160601438971667
-1.7702716654361934,0.04109848244910952,1.9225787158759218,0.08575006801973234,-1.1881778776467198,-1.5839190017306,-1.8795872890947045,0.3608691691566773,1.9201121611718583,0.17774916876384814,-1.188368997244059,-1.6073449241110636,-1.8262753010772368,0.3287212768789324,1.9201392316658954,0.5089740628414818,-1.1833510912203036,-1.6074819614471187,-1.7672090105685114,0.13228257136816207,1.989036605326752,0.3028041877896185,-1.2247752473499625,-1.6321870300281882,-1.7708134974234946,-0.0932294383695453,1.9775531110880764,0.3745802489787013,-1.1843676848231715,-1.6065017145070124,-1.571195065335926,-0.0017877327640775122,1.7071943738762774,1.1030057830214852,-1.077495232540879,-1.4318247201681102,-1.6572114433527132,0.07615100764971289,1.9078444063945852,1.1208648560244447,-1.1513283927299662,-1.5579700058389756,-1.6517085594134497,0.07553269582503876,2.03786640014813,0.9774678063219404,-1.1855713316489662,-1.6327217089316286,-1.6994690369011276,0.25703201138743503,2.1555055406182615,0.9750173184370988,-1.1848109196340215,-1.7088751304086636,-1.7699764974748318,0.4831134664357805,2.1691121296975773,1.039265317187795,-1.2186146901165837,-1.7329206988368497,0.6135568833106767
-1.8795872890947045,0.3608691691566773,1.9201121611718583,0.17774916876384814,-1.188368997244059,-1.6073449241110636,-1.8262753010772368,0.3287212768789324,1.9201392316658954,0.5089740628414818,-1.1833510912203036,-1.6074819614471187,-1.7672090105685114,0.13228257136816207,1.989036605326752,0.3028041877896185,-1.2247752473499625,-1.6321870300281882,-1.7708134974234946,-0.0932294383695453,1.9775531110880764,0.3745802489787013,-1.1843676848231715,-1.6065017145070124,-1.571195065335926,-0.0017877327640775122,1.7071943738762774,1.1030057830214852,-1.077495232540879,-1.4318247201681102,-1.6572114433527132,0.07615100764971289,1.9078444063945852,1.1208648560244447,-1.1513283927299662,-1.5579700058389756,-1.6517085594134497,0.07553269582503876,2.03786640014813,0.9774678063219404,-1.1855713316489662,-1.6327217089316286,-1.6994690369011276,0.25703201138743503,2.1555055406182615,0.9750173184370988,-1.1848109196340215,-1.7088751304086636,-1.7699764974748318,0.4831134664357805,2.1691121296975773,1.039265317187795,-1.2186146901165837,-1.7329206988368497,-1.6834043758966262,0.30417865218492884,2.2877367552763945,0.9355526817875186,-1.2195011597382839,-1.7587312535637303,0.6108698790688678
-1.8262753010772368,0.3287212768789324,1.9201392316658954,0.5089740628414818,-1.1833510912203036,-1.6074819614471187,-1.7672090105685114,0.13228257136816207,1.989036605326752,0.3028041877896185,-1.2247752473499625,-1.6321870300281882,-1.7708134974234946,-0.0932294383695453,1.9775531110880764,0.3745802489787013,-1.1843676848231715,-1.6065017145070124,-1.571195065335926,-0.0017877327640775122,1.7071943738762774,1.1030057830214852,-1.077495232540879,-1.4318247201681102,-1.6572114433527132,0.07615100764971289,1.9078444063945852,1.1208648560244447,-1.1513283927299662,-1.5579700058389756,-1.6517085594134497,0.07553269582503876,2.03786640014813,0.9774678063219404,-1.1855713316489662,-1.6327217089316286,-1.6994690369011276,0.25703201138743503,2.1555055406182615,0.9750173184370988,-1.1848109196340215,-1.7088751304086636,-1.7699764974748318,0.4831134664357805,2.1691121296975773,1.039265317187795,-1.2186146901165837,-1.7329206988368497,-1.6834043758966262,0.30417865218492884,2.2877367552763945,0.9355526817875186,-1.2195011597382839,-1.7587312535637303,-1.7414633761765017,0.48302922527244996,2.301193938345687,0.9953856170932245,-1.260929382242355,-1.8098195457100916,0.605551339457587
-1.7672090105685114,0.13228257136816207,1.989036605326752,0.3028041877896185,-1.2247752473499625,-1.6321870300281882,-1.7708134974234946,-0.0932294383695453,1.9775531110880764,0.3745802489787013,-1.1843676848231715,-1.6065017145070124,-1.571195065335926,-0.0017877327640775122,1.7071943738762774,1.1030057830214852,-1.077495232540879,-1.4318247201681102,-1.6572114433527132,0.07615100764971289,1.9078444063945852,1.1208648560244447,-1.1513283927299662,-1.5579700058389756,-1.6517085594134497,0.07553269582503876,2.03786640014813,0.9774678063219404,-1.1855713316489662,-1.6327217089316286,-1.6994690369011276,0.25703201138743503,2.1555055406182615,0.9750173184370988,-1.1848109196340215,-1.7088751304086636,-1.7699764974748318,0.4831134664357805,2.1691121296975773,1.039265317187795,-1.2186146901165837,-1.7329206988368497,-1.6834043758966262,0.30417865218492884,2.2877367552763945,0.9355526817875186,-1.2195011597382839,-1.7587312535637303,-1.7414633761765017,0.48302922527244996,2.301193938345687,0.9953856170932245,-1.260929382242355,-1.8098195457100916,-1.7478868003416406,0.5698575004287758,2.3616728552873725,0.9822564776606489,-1.260351957075925,-1.8361713523826415,0.6028079882565868
-1.7708134974234946,-0.0932294383695453,1.9775531110880764,0.3745802489787013,-1.1843676848231715,-1.6065017145070124,-1.571195065335926,-0.0017877327640775122,1.7071943738762774,1.1030057830214852,-1.077495232540879,-1.4318247201681102,-1.6572114433527132,0.07615100764971289,1.9078444063945852,1.1208648560244447,-1.1513283927299662,-1.5579700058389756,-1.6517085594134497,0.07553269582503876,2.03786640014813,0.9774678063219404,-1.1855713316489662,-1.6327217089316286,-1.6994690369011276,0.25703201138743503,2.1555055406182615,0.9750173184370988,-1.1848109196340215,-1.7088751304086636,-1.7699764974748318,0.4831134664357805,2.1691121296975773,1.039265317187795,-1.2186146901165837,-1.7329206988368497,-1.6834043758966262,0.30417865218492884,2.2877367552763945,0.9355526817875186,-1.2195011597382839,-1.7587312535637303,-1.7414633761765017,0.48302922527244996,2.301193938345687,0.9953856170932245,-1.260929382242355,-1.8098195457100916,-1.7478868003416406,0.5698575004287758,2.3616728552873725,0.9822564776606489,-1.260351957075925,-1.8361713523826415,-1.7660587672826467,0.6372681497566113,2.37355149657424,1.032514430918819,-1.2965711539589015,-1.858852090553767,0.6004468131358637
-1.571195065335926,-0.0017877327640775122,1.7071943738762774,1.1030057830214852,-1.077495232540879,-1.4318247201681102,-1.6572114433527132,0.07615100764971289,1.9078444063945852,1.1208648560244447,-1.1513283927299662,-1.5579700058389756,-1.6517085594134497,0.07553269582503876,2.03786640014813,0.9774678063219404,-1.1855713316489662,-1.6327217089316286,-1.6994690369011276,0.25703201138743503,2.1555055406182615,0.9750173184370988,-1.1848109196340215,-1.7088751304086636,-1.7699764974748318,0.4831134664357805,2.1691121296975773,1.039265317187795,-1.2186146901165837,-1.7329206988368497,-1.6834043758966262,0.30417865218492884,2.2877367552763945,0.9355526817875186,-1.2195011597382839,-1.7587312535637303,-1.7414633761765017,0.48302922527244996,2.301193938345687,0.9953856170932245,-1.260929382242355,-1.8098195457100916,-1.7478868003416406,0.5698575004287758,2.3616728552873725,0.9822564776606489,-1.260351957075925,-1.8361713523826415,-1.7660587672826467,0.6372681497566113,2.37355149657424,1.032514430918819,-1.2965711539589015,-1.858852090553767,-1.7029303806723783,0.5282554144721969,2.492125189162943,1.001499624779569,-1.2932651915623747,-1.908336944110522,0.5952951992779169
-1.6572114433527132,0.07615100764971289,1.9078444063945852,1.1208648560244447,-1.1513283927299662,-1.5579700058389756,-1.6517085594134497,0.07553269582503876,2.03786640014813,0.9774678063219404,-1.1855713316489662,-1.6327217089316286,-1.6994690369011276,0.25703201138743503,2.1555055406182615,0.9750173184370988,-1.1848109196340215,-1.7088751304086636,-1.7699764974748318,0.4831134664357805,2.1691121296975773,1.039265317187795,-1.2186146901165837,-1.7329206988368497,-1.6834043758966262,0.30417865218492884,2.2877367552763945,0.9355526817875186,-1.2195011597382839,-1.7587312535637303,-1.7414633761765017,0.48302922527244996,2.301193938345687,0.9953856170932245,-1.260929382242355,-1.8098195457100916,-1.7478868003416406,0.5698575004287758,2.3616728552873725,0.9822564776606489,-1.260351957075925,-1.8361713523826415,-1.7660587672826467,0.6372681497566113,2.37355149657424,1.032514430918819,-1.2965711539589015,-1.858852090553767,-1.7029303806723783,0.5282554144721969,2.492125189162943,1.001499624779569,-1.2932651915623747,-1.908336944110522,-1.691254030537449,0.534438768852558,2.5065058685655037,1.0040435492871438,-1.3301187428535406,-1.9343258720156988,0.5925896255209705
-1.6517085594134497,0.07553269582503876,2.03786640014813,0.9774678063219404,-1.1855713316489662,-1.6327217089316286,-1.6994690369011276,0.25703201138743503,2.1555055406182615,0.9750173184370988,-1.1848109196340215,-1.7088751304086636,-1.7699764974748318,0.4831134664357805,2.1691121296975773,1.039265317187795,-1.2186146901165837,-1.7329206988368497,-1.6834043758966262,0.30417865218492884,2.2877367552763945,0.9355526817875186,-1.2195011597382839,-1.7587312535637303,-1.7414633761765017,0.48302922527244996,2.301193938345687,0.9953856170932245,-1.260929382242355,-1.8098195457100916,-1.7478868003416406,0.5698575004287758,2.3616728552873725,0.9822564776606489,-1.260351957075925,-1.8361713523826415,-1.7660587672826467,0.6372681497566113,2.37355149657424,1.032514430918819,-1.2965711539589015,-1.858852090553767,-1.7029303806723783,0.5282554144721969,2.492125189162943,1.001499624779569,-1.2932651915623747,-1.908336944110522,-1.691254030537449,0.534438768852558,2.5065058685655037,1.0040435492871438,-1.3301187428535406,-1.9343258720156988,-1.672800591309877,0.562384926873422,2.5680414777728005,1.0383752385523721,-1.3333596432594834,-1.9607827017631891,0.5898353409072312
-1.6994690369011276,0.25703201138743503,2.1555055406182615,0.9750173184370988,-1.1848109196340215,-1.7088751304086636,-1.7699764974748318,0.4831134664357805,2.1691121296975773,1.039265317187795,-1.2186146901165837,-1.7329206988368497,-1.6834043758966262,0.30417865218492884,2.2877367552763945,0.9355526817875186,-1.2195011597382839,-1.7587312535637303,-1.7414633761765017,0.48302922527244996,2.301193938345687,0.9953856170932245,-1.260929382242355,-1.8098195457100916,-1.7478868003416406,0.5698575004287758,2.3616728552873725,0.9822564776606489,-1.260351957075925,-1.8361713523826415,-1.7660587672826467,0.6372681497566113,2.37355149657424,1.032514430918819,-1.2965711539589015,-1.858852090553767,-1.7029303806723783,0.5282554144721969,2.492125189162943,1.001499624779569,-1.2932651915623747,-1.908336944110522,-1.691254030537449,0.534438768852558,2.5065058685655037,1.0040435492871438,-1.3301187428535406,-1.9343258720156988,-1.672800591309877,0.562384926873422,2.5680414777728005,1.0383752385523721,-1.3333596432594834,-1.9607827017631891,-1.7115695193938885,0.7337695798445151,2.626873351777041,1.0401040423537862,-1.3317086952484263,-1.9851590759033737,0.5872976418376958
-1.7699764974748318,0.4831134664357805,2.1691121296975773,1.039265317187795,-1.2186146901165837,-1.7329206988368497,-1.6834043758966262,0.30417865218492884,2.2877367552763945,0.9355526817875186,-1.2195011597382839,-1.7587312535637303,-1.7414633761765017,0.48302922527244996,2.301193938345687,0.9953856170932245,-1.260929382242355,-1.8098195457100916,-1.7478868003416406,0.5698575004287758,2.3616728552873725,0.9822564776606489,-1.260351957075925,-1.8361713523826415,-1.7660587672826467,0.6372681497566113,2.37355149657424,1.032514430918819,-1.2965711539589015,-1.858852090553767,-1.7029303806723783,0.5282554144721969,2.492125189162943,1.001499624779569,-1.2932651915623747,-1.908336944110522,-1.691254030537449,0.534438768852558,2.5065058685655037,1.0040435492871438,-1.3301187428535406,-1.9343258720156988,-1.672800591309877,0.562384926873422,2.5680414777728005,1.0383752385523721,-1.3333596432594834,-1.9607827017631891,-1.7115695193938885,0.7337695798445151,2.626873351777041,1.0401040423537862,-1.3317086952484263,-1.9851590759033737,-1.6644898569039541,0.5579238507865039,2.8197266187111145,0.9267918202671397,-1.366846236537951,-2.0849476527787574,0.576909165798125
-1.6834043758966262,0.30417865218492884,2.2877367552763945,0.9355526817875186,-1.2195011597382839,-1.7587312535637303,-1.7414633761765017,0.48302922527244996,2.301193938345687,0.9953856170932245,-1.260929382242355,-1.8098195457100916,-1.7478868003416406,0.5698575004287758,2.3616728552873725,0.9822564776606489,-1.260351957075925,-1.8361713523826415,-1.7660587672826467,0.6372681497566113,2.37355149657424,1.032514430918819,-1.2965711539589015,-1.858852090553767,-1.7029303806723783,0.5282554144721969,2.492125189162943,1.001499624779569,-1.2932651915623747,-1.908336944110522,-1.691254030537449,0.534438768852558,2.5065058685655037,1.0040435492871438,-1.3301187428535406,-1.9343258720156988,-1.672800591309877,0.562384926873422,2.5680414777728005,1.0383752385523721,-1.3333596432594834,-1.9607827017631891,-1.7115695193938885,0.7337695798445151,2.626873351777041,1.0401040423537862,-1.3317086952484263,-1.9851590759033737,-1.6644898569039541,0.5579238507865039,2.8197266187111145,0.9267918202671397,-1.366846236537951,-2.0849476527787574,-1.6289049223211112,0.6192332087635131,2.7585444854954484,1.0226217442681869,-1.366846236537951,-2.034120900201546,0.5822004778686132
-1.7414633761765017,0.48302922527244996,2.301193938345687,0.9953856170932245,-1.260929382242355,-1.8098195457100916,-1.7478868003416406,0.5698575004287758,2.3616728552873725,0.9822564776606489,-1.260351957075925,-1.8361713523826415,-1.7660587672826467,0.6372681497566113,2.37355149657424,1.032514430918819,-1.2965711539589015,-1.858852090553767,-1.7029303806723783,0.5282554144721969,2.492125189162943,1.001499624779569,-1.2932651915623747,-1.908336944110522,-1.691254030537449,0.534438768852558,2.5065058685655037,1.0040435492871438,-1.3301187428535406,-1.9343258720156988,-1.672800591309877,0.562384926873422,2.5680414777728005,1.0383752385523721,-1.3333596432594834,-1.9607827017631891,-1.7115695193938885,0.7337695798445151,2.626873351777041,1.0401040423537862,-1.3317086952484263,-1.9851590759033737,-1.6644898569039541,0.5579238507865039,2.8197266187111145,0.9267918202671397,-1.366846236537951,-2.0849476527787574,-1.6289049223211112,0.6192332087635131,2.7585444854954484,1.0226217442681869,-1.366846236537951,-2.034120900201546,-1.717178376836258,0.9437843648238669,2.7590540905466536,1.187477621158649,-1.3705263053803316,-2.061033480603631,0.5793987473958034
-1.7478868003416406,0.5698575004287758,2.3616728552873725,0.9822564776606489,-1.260351957075925,-1.8361713523826415,-1.7660587672826467,0.6372681497566113,2.37355149657424,1.032514430918819,-1.2965711539589015,-1.858852090553767,-1.7029303806723783,0.5282554144721969,2.492125189162943,1.001499624779569,-1.2932651915623747,-1.908336944110522,-1.691254030537449,0.534438768852558,2.5065058685655037,1.0040435492871438,-1.3301187428535406,-1.9343258720156988,-1.672800591309877,0.562384926873422,2.5680414777728005,1.0383752385523721,-1.3333596432594834,-1.9607827017631891,-1.7115695193938885,0.7337695798445151,2.626873351777041,1.0401040423537862,-1.3317086952484263,-1.9851590759033737,-1.6644898569039541,0.5579238507865039,2.8197266187111145,0.9267918202671397,-1.366846236537951,-2.0849476527787574,-1.6289049223211112,0.6192332087635131,2.7585444854954484,1.0226217442681869,-1.366846236537951,-2.034120900201546,-1.717178376836258,0.9437843648238669,2.7590540905466536,1.187477621158649,-1.3705263053803316,-2.061033480603631,-1.5682172442885909,0.3444865165503724,2.6226095108077523,0.8993228953272088,-1.3317696908645977,-1.9833359151321444,0.5874874417384586
-1.7660587672826467,0.6372681497566113,2.37355149657424,1.032514430918819,-1.2965711539589015,-1.858852090553767,-1.7029303806723783,0.5282554144721969,2.492125189162943,1.001499624779569,-1.2932651915623747,-1.908336944110522,-1.691254030537449,0.534438768852558,2.5065058685655037,1.0040435492871438,-1.3301187428535406,-1.9343258720156988,-1.672800591309877,0.562384926873422,2.5680414777728005,1.0383752385523721,-1.3333596432594834,-1.9607827017631891,-1.7115695193938885,0.7337695798445151,2.626873351777041,1.0401040423537862,-1.3317086952484263,-1.9851590759033737,-1.6644898569039541,0.5579238507865039,2.8197266187111145,0.9267918202671397,-1.366846236537951,-2.0849476527787574,-1.6289049223211112,0.6192332087635131,2.7585444854954484,1.0226217442681869,-1.366846236537951,-2.034120900201546,-1.717178376836258,0.9437843648238669,2.7590540905466536,1.187477621158649,-1.3705263053803316,-2.061033480603631,-1.5682172442885909,0.3444865165503724,2.6226095108077523,0.8993228953272088,-1.3317696908645977,-1.9833359151321444,-1.4940204844267322,0.8431921811470905,2.5911248801595486,1.1070233459118606,-1.257054127428223,-1.9319437462400129,0.5928376163964678
0.44601071204431303,2.271436481962408,-0.3128612267306599,0.45497449111678023,2.280057256143717,1.4558762270198113,0.6417571621596687,1.8426814991822877,-0.30328401066540855,0.17615950066115396,2.207309817922494,1.405853262246512,0.690061658148437,2.06565505318502,-0.38994998776459916,0.18912286382748897,2.1231236684818016,1.4059764265913406,0.7003492629385284,2.418551056452293,-0.4766022309608041,0.20395112721932973,2.041479003048279,1.4064962355607413,0.6927021966433173,2.536070480382087,-0.4733136810659419,0.18345384222683234,2.03175630183045,1.4001563388085583,0.8231565251330335,1.123939437991284,-0.2985971953477171,-0.31698906924917125,2.125726148105143,1.406157398016806,0.8232145059277426,1.370313372032835,-0.29695147195878174,-0.20923615329444023,2.119817706085275,1.4024827408521665,0.9864787375100258,1.4704896646842371,-0.6437505246374078,-0.13806455896538813,1.801115611586203,1.410040313163406,1.0026708524473145,1.700904317002117,-0.7336902694335061,-0.0844305119675023,1.7122287333258497,1.3532801142570443,0.9604243989808986,2.071515116125529,-0.7343634462282497,0.0003461752858089289,1.7148962749397747,1.3550167915512332,0.9350261900695995
0.6417571621596687,1.8426814991822877,-0.30328401066540855,0.17615950066115396,2.207309817922494,1.405853262246512,0.690061658148437,2.06565505318502,-0.38994998776459916,0.18912286382748897,2.1231236684818016,1.4059764265913406,0.7003492629385284,2.418551056452293,-0.4766022309608041,0.20395112721932973,2.041479003048279,1.4064962355607413,0.6927021966433173,2.536070480382087,-0.4733136810659419,0.18345384222683234,2.03175630183045,1.4001563388085583,0.8231565251330335,1.123939437991284,-0.2985971953477171,-0.31698906924917125,2.125726148105143,1.406157398016806,0.8232145059277426,1.370313372032835,-0.29695147195878174,-0.20923615329444023,2.119817706085275,1.4024827408521665,0.9864787375100258,1.4704896646842371,-0.6437505246374078,-0.13806455896538813,1.801115611586203,1.410040313163406,1.0026708524473145,1.700904317002117,-0.7336902694335061,-0.0844305119675023,1.7122287333258497,1.3532801142570443,0.9604243989808986,2.071515116125529,-0.7343634462282497,0.0003461752858089289,1.7148962749397747,1.3550167915512332,0.966182152295035,2.3536255577731104,-0.8257183478517595,0.058915077996372585,1.629502412298875,1.354977692895448,0.9350221197094288
0.690061658148437,2.06565505318502,-0.38994998776459916,0.18912286382748897,2.1231236684818016,1.4059764265913406,0.7003492629385284,2.418551056452293,-0.4766022309608041,0.20395112721932973,2.041479003048279,1.4064962355607413,0.6927021966433173,2.536070480382087,-0.4733136810659419,0.18345384222683234,2.03175630183045,1.4001563388085583,0.8231565251330335,1.123939437991284,-0.2985971953477171,-0.31698906924917125,2.125726148105143,1.406157398016806,0.8232145059277426,1.370313372032835,-0.29695147195878174,-0.20923615329444023,2.119817706085275,1.4024827408521665,0.9864787375100258,1.4704896646842371,-0.6437505246374078,-0.13806455896538813,1.801115611586203,1.410040313163406,1.0026708524473145,1.700904317002117,-0.7336902694335061,-0.0844305119675023,1.7122287333258497,1.3532801142570443,0.9604243989808986,2.071515116125529,-0.7343634462282497,0.0003461752858089289,1.7148962749397747,1.3550167915512332,0.966182152295035,2.3536255577731104,-0.8257183478517595,0.058915077996372585,1.629502412298875,1.354977692895448,1.1161300956255007,1.6412301011011052,-0.9165273717759014,0.10389868768939757,1.469962278639206,1.3050648433522962,0.9298259493883182
0.7003492629385284,2.418551056452293,-0.4766022309608041,0.20395112721932973,2.041479003048279,1.4064962355607413,0.6927021966433173,2.536070480382087,-0.4733136810659419,0.18345384222683234,2.03175630183045,1.4001563388085583,0.8231565251330335,1.123939437991284,-0.2985971953477171,-0.31698906924917125,2.125726148105143,1.406157398016806,0.8232145059277426,1.370313372032835,-0.29695147195878174,-0.20923615329444023,2.119817706085275,1.4024827408521665,0.9864787375100258,1.4704896646842371,-0.6437505246374078,-0.13806455896538813,1.801115611586203,1.410040313163406,1.0026708524473145,1.700904317002117,-0.7336902694335061,-0.0844305119675023,1.7122287333258497,1.3532801142570443,0.9604243989808986,2.071515116125529,-0.7343634462282497,0.0003461752858089289,1.7148962749397747,1.3550167915512332,0.966182152295035,2.3536255577731104,-0.8257183478517595,0.058915077996372585,1.629502412298875,1.354977692895448,1.1161300956255007,1.6412301011011052,-0.9165273717759014,0.10389868768939757,1.469962278639206,1.3050648433522962,1.203577134721273,1.4016183166446081,-1.0062529760875731,-0.029703407581501903,1.3856460052173456,1.3022924335027246,0.9295373280431104
0.6927021966433173,2.536070480382087,-0.4733136810659419,0.18345384222683234,2.03175630183045,1.4001563388085583,0.8231565251330335,1.123939437991284,-0.2985971953477171,-0.31698906924917125,2.125726148105143,1.406157398016806,0.8232145059277426,1.370313372032835,-0.29695147195878174,-0.20923615329444023,2.119817706085275,1.4024827408521665,0.9864787375100258,1.4704896646842371,-0.6437505246374078,-0.13806455896538813,1.801115611586203,1.410040313163406,1.0026708524473145,1.700904317002117,-0.7336902694335061,-0.0844305119675023,1.7122287333258497,1.3532801142570443,0.9604243989808986,2.071515116125529,-0.7343634462282497,0.0003461752858089289,1.7148962749397747,1.3550167915512332,0.966182152295035,2.3536255577731104,-0.8257183478517595,0.058915077996372585,1.629502412298875,1.354977692895448,1.1161300956255007,1.6412301011011052,-0.9165273717759014,0.10389868768939757,1.469962278639206,1.3050648433522962,1.203577134721273,1.4016183166446081,-1.0062529760875731,-0.029703407581501903,1.3856460052173456,1.3022924335027246,1.1209319189545703,2.006207955673086,-1.0053262849180715,0.09632891433042669,1.3845033540077223,1.301974492947732,0.9295042288854616
0.8231565251330335,1.123939437991284,-0.2985971953477171,-0.31698906924917125,2.125726148105143,1.406157398016806,0.8232145059277426,1.370313372032835,-0.29695147195878174,-0.20923615329444023,2.119817706085275,1.4024827408521665,0.9864787375100258,1.4704896646842371,-0.6437505246374078,-0.13806455896538813,1.801115611586203,1.410040313163406,1.0026708524473145,1.700904317002117,-0.7336902694335061,-0.0844305119675023,1.7122287333258497,1.3532801142570443,0.9604243989808986,2.071515116125529,-0.7343634462282497,0.0003461752858089289,1.7148962749397747,1.3550167915512332,0.966182152295035,2.3536255577731104,-0.8257183478517595,0.058915077996372585,1.629502412298875,1.354977692895448,1.1161300956255007,1.6412301011011052,-0.9165273717759014,0.10389868768939757,1.469962278639206,1.3050648433522962,1.203577134721273,1.4016183166446081,-1.0062529760875731,-0.029703407581501903,1.3856460052173456,1.3022924335027246,1.1209319189545703,2.006207955673086,-1.0053262849180715,0.09632891433042669,1.3845033540077223,1.301974492947732,1.2880326283244918,0.4747265346824216,-1.0043428576012283,-0.4983745689131588,1.3043835789785012,1.3036737455930032,0.9296811293478524
0.8232145059277426,1.370313372032835,-0.29695147195878174,-0.20923615329444023,2.119817706085275,1.4024827408521665,0.9864787375100258,1.4704896646842371,-0.6437505246374078,-0.13806455896538813,1.801115611586203,1.410040313163406,1.0026708524473145,1.700904317002117,-0.7336902694335061,-0.0844305119675023,1.7122287333258497,1.3532801142570443,0.9604243989808986,2.071515116125529,-0.7343634462282497,0.0003461752858089289,1.7148962749397747,1.3550167915512332,0.966182152295035,2.3536255577731104,-0.8257183478517595,0.058915077996372585,1.629502412298875,1.354977692895448,1.1161300956255007,1.6412301011011052,-0.9165273717759014,0.10389868768939757,1.469962278639206,1.3050648433522962,1.203577134721273,1.4016183166446081,-1.0062529760875731,-0.029703407581501903,1.3856460052173456,1.3022924335027246,1.1209319189545703,2.006207955673086,-1.0053262849180715,0.09632891433042669,1.3845033540077223,1.301974492947732,1.2880326283244918,0.4747265346824216,-1.0043428576012283,-0.4983745689131588,1.3043835789785012,1.3036737455930032,1.301111614993891,0.7418013074096356,-1.0982397730808622,-0.41202444241289116,1.219437017522864,1.3006637342320089,0.9293677725300518
0.9864787375100258,1.4704896646842371,-0.6437505246374078,-0.13806455896538813,1.801115611586203,1.410040313163406,1.0026708524473145,1.700904317002117,-0.7336902694335061,-0.0844305119675023,1.7122287333258497,1.3532801142570443,0.9604243989808986,2.071515116125529,-0.7343634462282497,0.0003461752858089289,1.7148962749397747,1.3550167915512332,0.966182152295035,2.3536255577731104,-0.8257183478517595,0.058915077996372585,1.629502412298875,1.354977692895448,1.1161300956255007,1.6412301011011052,-0.9165273717759014,0.10389868768939757,1.469962278639206,1.3050648433522962,1.203577134721273,1.4016183166446081,-1.0062529760875731,-0.029703407581501903,1.3856460052173456,1.3022924335027246,1.1209319189545703,2.006207955673086,-1.0053262849180715,0.09632891433042669,1.3845033540077223,1.301974492947732,1.2880326283244918,0.4747265346824216,-1.0043428576012283,-0.4983745689131588,1.3043835789785012,1.3036737455930032,1.301111614993891,0.7418013074096356,-1.0982397730808622,-0.41202444241289116,1.219437017522864,1.3006637342320089,1.3114036103785958,1.1237070751650224,-1.1925992735829565,-0.35689491734491163,1.1384226401231181,1.24822500316476,0.9239086456610724
1.0026708524473145,1.700904317002117,-0.7336902694335061,-0.0844305119675023,1.7122287333258497,1.3532801142570443,0.9604243989808986,2.071515116125529,-0.7343634462282497,0.0003461752858089289,1.7148962749397747,1.3550167915512332,0.966182152295035,2.3536255577731104,-0.8257183478517595,0.058915077996372585,1.629502412298875,1.354977692895448,1.1161300956255007,1.6412301011011052,-0.9165273717759014,0.10389868768939757,1.469962278639206,1.3050648433522962,1.203577134721273,1.4016183166446081,-1.0062529760875731,-0.029703407581501903,1.3856460052173456,1.3022924335027246,1.1209319189545703,2.006207955673086,-1.0053262849180715,0.09632891433042669,1.3845033540077223,1.301974492947732,1.2880326283244918,0.4747265346824216,-1.0043428576012283,-0.4983745689131588,1.3043835789785012,1.3036737455930032,1.301111614993891,0.7418013074096356,-1.0982397730808622,-0.41202444241289116,1.219437017522864,1.3006637342320089,1.3114036103785958,1.1237070751650224,-1.1925992735829565,-0.35689491734491163,1.1384226401231181,1.24822500316476,1.4400634165147757,-0.11553768936371608,-1.1929221757899398,-0.69769359083279,1.0609094110916504,1.251625422112303,0.9242626458068524
0.9604243989808986,2.071515116125529,-0.7343634462282497,0.0003461752858089289,1.7148962749397747,1.3550167915512332,0.966182152295035,2.3536255577731104,-0.8257183478517595,0.058915077996372585,1.629502412298875,1.354977692895448,1.1161300956255007,1.6412301011011052,-0.9165273717759014,0.10389868768939757,1.469962278639206,1.3050648433522962,1.203577134721273,1.4016183166446081,-1.0062529760875731,-0.029703407581501903,1.3856460052173456,1.3022924335027246,1.1209319189545703,2.006207955673086,-1.0053262849180715,0.09632891433042669,1.3845033540077223,1.301974492947732,1.2880326283244918,0.4747265346824216,-1.0043428576012283,-0.4983745689131588,1.3043835789785012,1.3036737455930032,1.301111614993891,0.7418013074096356,-1.0982397730808622,-0.41202444241289116,1.219437017522864,1.3006637342320089,1.3114036103785958,1.1237070751650224,-1.1925992735829565,-0.35689491734491163,1.1384226401231181,1.24822500316476,1.4400634165147757,-0.11553768936371608,-1.1929221757899398,-0.69769359083279,1.0609094110916504,1.251625422112303,1.3899106274341169,0.38076921981711825,-1.1926721930415827,-0.5395511567731748,1.0603360522996326,1.2509225742306043,0.924189475925017
0.966182152295035,2.3536255577731104,-0.8257183478517595,0.058915077996372585,1.629502412298875,1.354977692895448,1.1161300956255007,1.6412301011011052,-0.9165273717759014,0.10389868768939757,1.469962278639206,1.3050648433522962,1.203577134721273,1.4016183166446081,-1.0062529760875731,-0.029703407581501903,1.3856460052173456,1.3022924335027246,1.1209319189545703,2.006207955673086,-1.0053262849180715,0.09632891433042669,1.3845033540077223,1.301974492947732,1.2880326283244918,0.4747265346824216,-1.0043428576012283,-0.4983745689131588,1.3043835789785012,1.3036737455930032,1.301111614993891,0.7418013074096356,-1.0982397730808622,-0.41202444241289116,1.219437017522864,1.3006637342320089,1.3114036103785958,1.1237070751650224,-1.1925992735829565,-0.35689491734491163,1.1384226401231181,1.24822500316476,1.4400634165147757,-0.11553768936371608,-1.1929221757899398,-0.69769359083279,1.0609094110916504,1.251625422112303,1.3899106274341169,0.38076921981711825,-1.1926721930415827,-0.5395511567731748,1.0603360522996326,1.2509225742306043,0.926936352271255,2.2501263028264984,-0.6468660559279513,-0.07842021943151997,1.879519376613783,1.40654254837185,0.9403902718804884
1.1161300956255007,1.6412301011011052,-0.9165273717759014,0.10389868768939757,1.469962278639206,1.3050648433522962,1.203577134721273,1.4016183166446081,-1.0062529760875731,-0.029703407581501903,1.3856460052173456,1.3022924335027246,1.1209319189545703,2.006207955673086,-1.0053262849180715,0.09632891433042669,1.3845033540077223,1.301974492947732,1.2880326283244918,0.4747265346824216,-1.0043428576012283,-0.4983745689131588,1.3043835789785012,1.3036737455930032,1.301111614993891,0.7418013074096356,-1.0982397730808622,-0.41202444241289116,1.219437017522864,1.3006637342320089,1.3114036103785958,1.1237070751650224,-1.1925992735829565,-0.35689491734491163,1.1384226401231181,1.24822500316476,1.4400634165147757,-0.11553768936371608,-1.1929221757899398,-0.69769359083279,1.0609094110916504,1.251625422112303,1.3899106274341169,0.38076921981711825,-1.1926721930415827,-0.5395511567731748,1.0603360522996326,1.2509225742306043,0.926936352271255,2.2501263028264984,-0.6468660559279513,-0.07842021943151997,1.879519376613783,1.40654254837185,1.0600867151530644,2.3257228470683007,-0.8251907675157878,0.22073418764456004,1.7191537689485854,1.409864275950717,0.94073607987218
1.203577134721273,1.4016183166446081,-1.0062529760875731,-0.029703407581501903,1.3856460052173456,1.3022924335027246,1.1209319189545703,2.006207955673086,-1.0053262849180715,0.09632891433042669,1.3845033540077223,1.301974492947732,1.2880326283244918,0.4747265346824216,-1.0043428576012283,-0.4983745689131588,1.3043835789785012,1.3036737455930032,1.301111614993891,0.7418013074096356,-1.0982397730808622,-0.41202444241289116,1.219437017522864,1.3006637342320089,1.3114036103785958,1.1237070751650224,-1.1925992735829565,-0.35689491734491163,1.1384226401231181,1.24822500316476,1.4400634165147757,-0.11553768936371608,-1.1929221757899398,-0.69769359083279,1.0609094110916504,1.251625422112303,1.3899106274341169,0.38076921981711825,-1.1926721930415827,-0.5395511567731748,1.0603360522996326,1.2509225742306043,0.926936352271255,2.2501263028264984,-0.6468660559279513,-0.07842021943151997,1.879519376613783,1.40654254837185,1.0600867151530644,2.3257228470683007,-0.8251907675157878,0.22073418764456004,1.7191537689485854,1.409864275950717,1.1927300806776584,0.8840933287614476,-0.8196728173402006,-0.5844602251403452,1.634902557517309,1.4080549059937901,0.9405477156622392
1.1209319189545703,2.006207955673086,-1.0053262849180715,0.09632891433042669,1.3845033540077223,1.301974492947732,1.2880326283244918,0.4747265346824216,-1.0043428576012283,-0.4983745689131588,1.3043835789785012,1.3036737455930032,1.301111614993891,0.7418013074096356,-1.0982397730808622,-0.41202444241289116,1.219437017522864,1.3006637342320089,1.3114036103785958,1.1237070751650224,-1.1925992735829565,-0.35689491734491163,1.1384226401231181,1.24822500316476,1.4400634165147757,-0.11553768936371608,-1.1929221757899398,-0.69769359083279,1.0609094110916504,1.251625422112303,1.3899106274341169,0.38076921981711825,-1.1926721930415827,-0.5395511567731748,1.0603360522996326,1.2509225742306043,0.926936352271255,2.2501263028264984,-0.6468660559279513,-0.07842021943151997,1.879519376613783,1.40654254837185,1.0600867151530644,2.3257228470683007,-0.8251907675157878,0.22073418764456004,1.7191537689485854,1.409864275950717,1.1927300806776584,0.8840933287614476,-0.8196728173402006,-0.5844602251403452,1.634902557517309,1.4080549059937901,1.185376065140417,1.6114947839453893,-1.0041913411575616,-0.5044857286290444,1.4776517926512986,1.35961112470274,0.9355044824889998
1.2880326283244918,0.4747265346824216,-1.0043428576012283,-0.4983745689131588,1.3043835789785012,1.3036737455930032,1.301111614993891,0.7418013074096356,-1.0982397730808622,-0.41202444241289116,1.219437017522864,1.3006637342320089,1.3114036103785958,1.1237070751650224,-1.1925992735829565,-0.35689491734491163,1.1384226401231181,1.24822500316476,1.4400634165147757,-0.11553768936371608,-1.1929221757899398,-0.69769359083279,1.0609094110916504,1.251625422112303,1.3899106274341169,0.38076921981711825,-1.1926721930415827,-0.5395511567731748,1.0603360522996326,1.2509225742306043,0.926936352271255,2.2501263028264984,-0.6468660559279513,-0.07842021943151997,1.879519376613783,1.40654254837185,1.0600867151530644,2.3257228470683007,-0.8251907675157878,0.22073418764456004,1.7191537689485854,1.409864275950717,1.1927300806776584,0.8840933287614476,-0.8196728173402006,-0.5844602251403452,1.634902557517309,1.4080549059937901,1.185376065140417,1.6114947839453893,-1.0041913411575616,-0.5044857286290444,1.4776517926512986,1.35961112470274,1.0441068743566022,2.313946168586255,-0.9115486532302716,-0.3460867023342841,1.5536401312784645,1.3557234590973124,0.9350997575970686
1.301111614993891,0.7418013074096356,-1.0982397730808622,-0.41202444241289116,1.219437017522864,1.3006637342320089,1.3114036103785958,1.1237070751650224,-1.1925992735829565,-0.35689491734491163,1.1384226401231181,1.24822500316476,1.4400634165147757,-0.11553768936371608,-1.1929221757899398,-0.69769359083279,1.0609094110916504,1.251625422112303,1.3899106274341169,0.38076921981711825,-1.1926721930415827,-0.5395511567731748,1.0603360522996326,1.2509225742306043,0.926936352271255,2.2501263028264984,-0.6468660559279513,-0.07842021943151997,1.879519376613783,1.40654254837185,1.0600867151530644,2.3257228470683007,-0.8251907675157878,0.22073418764456004,1.7191537689485854,1.409864275950717,1.1927300806776584,0.8840933287614476,-0.8196728173402006,-0.5844602251403452,1.634902557517309,1.4080549059937901,1.185376065140417,1.6114947839453893,-1.0041913411575616,-0.5044857286290444,1.4776517926512986,1.35961112470274,1.0441068743566022,2.313946168586255,-0.9115486532302716,-0.3460867023342841,1.5536401312784645,1.3557234590973124,1.4060121692121994,0.22590315191899663,-1.1889055969388727,-0.9985329592571737,1.2297249447839078,1.357990505401496,0.9353357681400492
1.3114036103785958,1.1237070751650224,-1.1925992735829565,-0.35689491734491163,1.1384226401231181,1.24822500316476,1.4400634165147757,-0.11553768936371608,-1.1929221757899398,-0.69769359083279,1.0609094110916504,1.251625422112303,1.3899106274341169,0.38076921981711825,-1.1926721930415827,-0.5395511567731748,1.0603360522996326,1.2509225742306043,0.926936352271255,2.2501263028264984,-0.6468660559279513,-0.07842021943151997,1.879519376613783,1.40654254837185,1.0600867151530644,2.3257228470683007,-0.8251907675157878,0.22073418764456004,1.7191537689485854,1.409864275950717,1.1927300806776584,0.8840933287614476,-0.8196728173402006,-0.5844602251403452,1.634902557517309,1.4080549059937901,1.185376065140417,1.6114947839453893,-1.0041913411575616,-0.5044857286290444,1.4776517926512986,1.35961112470274,1.0441068743566022,2.313946168586255,-0.9115486532302716,-0.3460867023342841,1.5536401312784645,1.3557234590973124,1.4060121692121994,0.22590315191899663,-1.1889055969388727,-0.9985329592571737,1.2297249447839078,1.357990505401496,1.3066943118025478,1.1539391954895153,-1.192593583768787,-0.7879995462010869,1.226423048761771,1.304875445980234,0.9298062322010084
1.4400634165147757,-0.11553768936371608,-1.1929221757899398,-0.69769359083279,1.0609094110916504,1.251625422112303,1.3899106274341169,0.38076921981711825,-1.1926721930415827,-0.5395511567731748,1.0603360522996326,1.2509225742306043,0.926936352271255,2.2501263028264984,-0.6468660559279513,-0.07842021943151997,1.879519376613783,1.40654254837185,1.0600867151530644,2.3257228470683007,-0.8251907675157878,0.22073418764456004,1.7191537689485854,1.409864275950717,1.1927300806776584,0.8840933287614476,-0.8196728173402006,-0.5844602251403452,1.634902557517309,1.4080549059937901,1.185376065140417,1.6114947839453893,-1.0041913411575616,-0.5044857286290444,1.4776517926512986,1.35961112470274,1.0441068743566022,2.313946168586255,-0.9115486532302716,-0.3460867023342841,1.5536401312784645,1.3557234590973124,1.4060121692121994,0.22590315191899663,-1.1889055969388727,-0.9985329592571737,1.2297249447839078,1.357990505401496,1.3066943118025478,1.1539391954895153,-1.192593583768787,-0.7879995462010869,1.226423048761771,1.304875445980234,1.4161806412167373,-0.05371889272372457,-1.1885391156561913,-1.1580910749239604,1.1503045861534376,1.3068995844672984,0.930016954859173
1.3899106274341169,0.38076921981711825,-1.1926721930415827,-0.5395511567731748,1.0603360522996326,1.2509225742306043,0.926936352271255,2.2501263028264984,-0.6468660559279513,-0.07842021943151997,1.879519376613783,1.40654254837185,1.0600867151530644,2.3257228470683007,-0.8251907675157878,0.22073418764456004,1.7191537689485854,1.409864275950717,1.1927300806776584,0.8840933287614476,-0.8196728173402006,-0.5844602251403452,1.634902557517309,1.4080549059937901,1.185376065140417,1.6114947839453893,-1.0041913411575616,-0.5044857286290444,1.4776517926512986,1.35961112470274,1.0441068743566022,2.313946168586255,-0.9115486532302716,-0.3460867023342841,1.5536401312784645,1.3557234590973124,1.4060121692121994,0.22590315191899663,-1.1889055969388727,-0.9985329592571737,1.2297249447839078,1.357990505401496,1.3066943118025478,1.1539391954895153,-1.192593583768787,-0.7879995462010869,1.226423048761771,1.304875445980234,1.4161806412167373,-0.05371889272372457,-1.1885391156561913,-1.1580910749239604,1.1503045861534376,1.3068995844672984,1.3509758095721887,0.5518914950219104,-1.1890837944683421,-1.003619124019528,1.1433185549145304,1.3027278350199327,0.9295826554580384
0.926936352271255,2.2501263028264984,-0.6468660559279513,-0.07842021943151997,1.879519376613783,1.40654254837185,1.0600867151530644,2.3257228470683007,-0.8251907675157878,0.22073418764456004,1.7191537689485854,1.409864275950717,1.1927300806776584,0.8840933287614476,-0.8196728173402006,-0.5844602251403452,1.634902557517309,1.4080549059937901,1.185376065140417,1.6114947839453893,-1.0041913411575616,-0.5044857286290444,1.4776517926512986,1.35961112470274,1.0441068743566022,2.313946168586255,-0.9115486532302716,-0.3460867023342841,1.5536401312784645,1.3557234590973124,1.4060121692121994,0.22590315191899663,-1.1889055969388727,-0.9985329592571737,1.2297249447839078,1.357990505401496,1.3066943118025478,1.1539391954895153,-1.192593583768787,-0.7879995462010869,1.226423048761771,1.304875445980234,1.4161806412167373,-0.05371889272372457,-1.1885391156561913,-1.1580910749239604,1.1503045861534376,1.3068995844672984,1.3509758095721887,0.5518914950219104,-1.1890837944683421,-1.003619124019528,1.1433185549145304,1.3027278350199327,1.285212929626222,1.2426895198065806,-1.1908889520690566,-0.7652751649372294,1.1434405461468735,1.2497740497175758,0.9240699089389144
1.0600867151530644,2.3257228470683007,-0.8251907675157878,0.22073418764456004,1.7191537689485854,1.409864275950717,1.1927300806776584,0.8840933287614476,-0.8196728173402006,-0.5844602251403452,1.634902557517309,1.4080549059937901,1.185376065140417,1.6114947839453893,-1.0041913411575616,-0.5044857286290444,1.4776517926512986,1.35961112470274,1.0441068743566022,2.313946168586255,-0.9115486532302716,-0.3460867023342841,1.5536401312784645,1.3557234590973124,1.4060121692121994,0.22590315191899663,-1.1889055969388727,-0.9985329592571737,1.2297249447839078,1.357990505401496,1.3066943118025478,1.1539391954895153,-1.192593583768787,-0.7879995462010869,1.226423048761771,1.304875445980234,1.4161806412167373,-0.05371889272372457,-1.1885391156561913,-1.1580910749239604,1.1503045861534376,1.3068995844672984,1.3509758095721887,0.5518914950219104,-1.1890837944683421,-1.003619124019528,1.1433185549145304,1.3027278350199327,1.285212929626222,1.2426895198065806,-1.1908889520690566,-0.7652751649372294,1.1434405461468735,1.2497740497175758,1.3709053816019101,0.2541035893447699,-1.1880797395125555,-1.0247199257970365,1.0702498731148002,1.2548741201005715,0.924600851063082
1.1927300806776584,0.8840933287614476,-0.8196728173402006,-0.5844602251403452,1.634902557517309,1.4080549059937901,1.185376065140417,1.6114947839453893,-1.0041913411575616,-0.5044857286290444,1.4776517926512986,1.35961112470274,1.0441068743566022,2.313946168586255,-0.9115486532302716,-0.3460867023342841,1.5536401312784645,1.3557234590973124,1.4060121692121994,0.22590315191899663,-1.1889055969388727,-0.9985329592571737,1.2297249447839078,1.357990505401496,1.3066943118025478,1.1539391954895153,-1.192593583768787,-0.7879995462010869,1.226423048761771,1.304875445980234,1.4161806412167373,-0.05371889272372457,-1.1885391156561913,-1.1580910749239604,1.1503045861534376,1.3068995844672984,1.3509758095721887,0.5518914950219104,-1.1890837944683421,-1.003619124019528,1.1433185549145304,1.3027278350199327,1.285212929626222,1.2426895198065806,-1.1908889520690566,-0.7652751649372294,1.1434405461468735,1.2497740497175758,1.3709053816019101,0.2541035893447699,-1.1880797395125555,-1.0247199257970365,1.0702498731148002,1.2548741201005715,1.2850019722002315,-0.24467333658955173,-1.1955444936643167,-0.9220454672292956,1.3872359576122313,1.4194487660962645,0.9417338718975424
1.185376065140417,1.6114947839453893,-1.0041913411575616,-0.5044857286290444,1.4776517926512986,1.35961112470274,1.0441068743566022,2.313946168586255,-0.9115486532302716,-0.3460867023342841,1.5536401312784645,1.3557234590973124,1.4060121692121994,0.22590315191899663,-1.1889055969388727,-0.9985329592571737,1.2297249447839078,1.357990505401496,1.3066943118025478,1.1539391954895153,-1.192593583768787,-0.7879995462010869,1.226423048761771,1.304875445980234,1.4161806412167373,-0.05371889272372457,-1.1885391156561913,-1.1580910749239604,1.1503045861534376,1.3068995844672984,1.3509758095721887,0.5518914950219104,-1.1890837944683421,-1.003619124019528,1.1433185549145304,1.3027278350199327,1.285212929626222,1.2426895198065806,-1.1908889520690566,-0.7652751649372294,1.1434405461468735,1.2497740497175758,1.3709053816019101,0.2541035893447699,-1.1880797395125555,-1.0247199257970365,1.0702498731148002,1.2548741201005715,1.2850019722002315,-0.24467333658955173,-1.1955444936643167,-0.9220454672292956,1.3872359576122313,1.4194487660962645,1.3798620268510051,-0.4278987298965555,-1.2886112314303517,-0.842483185119829,1.1572296217761733,1.3202860969448436,0.9314105558952922
1.0441068743566022,2.313946168586255,-0.9115486532302716,-0.3460867023342841,1.5536401312784645,1.3557234590973124,1.4060121692121994,0.22590315191899663,-1.1889055969388727,-0.9985329592571737,1.2297249447839078,1.357990505401496,1.3066943118025478,1.1539391954895153,-1.192593583768787,-0.7879995462010869,1.226423048761771,1.304875445980234,1.4161806412167373,-0.05371889272372457,-1.1885391156561913,-1.1580910749239604,1.1503045861534376,1.3068995844672984,1.3509758095721887,0.5518914950219104,-1.1890837944683421,-1.003619124019528,1.1433185549145304,1.3027278350199327,1.285212929626222,1.2426895198065806,-1.1908889520690566,-0.7652751649372294,1.1434405461468735,1.2497740497175758,1.3709053816019101,0.2541035893447699,-1.1880797395125555,-1.0247199257970365,1.0702498731148002,1.2548741201005715,1.2850019722002315,-0.24467333658955173,-1.1955444936643167,-0.9220454672292956,1.3872359576122313,1.4194487660962645,1.3798620268510051,-0.4278987298965555,-1.2886112314303517,-0.842483185119829,1.1572296217761733,1.3202860969448436,1.366145932916469,-0.5895219405295009,-1.2866901741474284,-1.1416725905462564,1.0804158091434788,1.2687223567087962,0.926042519826176
1.4060121692121994,0.22590315191899663,-1.1889055969388727,-0.9985329592571737,1.2297249447839078,1.357990505401496,1.3066943118025478,1.1539391954895153,-1.192593583768787,-0.7879995462010869,1.226423048761771,1.304875445980234,1.4161806412167373,-0.05371889272372457,-1.1885391156561913,-1.1580910749239604,1.1503045861534376,1.3068995844672984,1.3509758095721887,0.5518914950219104,-1.1890837944683421,-1.003619124019528,1.1433185549145304,1.3027278350199327,1.285212929626222,1.2426895198065806,-1.1908889520690566,-0.7652751649372294,1.1434405461468735,1.2497740497175758,1.3709053816019101,0.2541035893447699,-1.1880797395125555,-1.0247199257970365,1.0702498731148002,1.2548741201005715,1.2850019722002315,-0.24467333658955173,-1.1955444936643167,-0.9220454672292956,1.3872359576122313,1.4194487660962645,1.3798620268510051,-0.4278987298965555,-1.2886112314303517,-0.842483185119829,1.1572296217761733,1.3202860969448436,1.366145932916469,-0.5895219405295009,-1.2866901741474284,-1.1416725905462564,1.0804158091434788,1.2687223567087962,1.2775542950629628,-0.17735964145253497,-1.2852912813638395,-1.221307639113848,1.0429279034441237,1.2440617658125954,0.9234752324104354
1.3066943118025478,1.1539391954895153,-1.192593583768787,-0.7879995462010869,1.226423048761771,1.304875445980234,1.4161806412167373,-0.05371889272372457,-1.1885391156561913,-1.1580910749239604,1.1503045861534376,1.3068995844672984,1.3509758095721887,0.5518914950219104,-1.1890837944683421,-1.003619124019528,1.1433185549145304,1.3027278350199327,1.285212929626222,1.2426895198065806,-1.1908889520690566,-0.7652751649372294,1.1434405461468735,1.2497740497175758,1.3709053816019101,0.2541035893447699,-1.1880797395125555,-1.0247199257970365,1.0702498731148002,1.2548741201005715,1.2850019722002315,-0.24467333658955173,-1.1955444936643167,-0.9220454672292956,1.3872359576122313,1.4194487660962645,1.3798620268510051,-0.4278987298965555,-1.2886112314303517,-0.842483185119829,1.1572296217761733,1.3202860969448436,1.366145932916469,-0.5895219405295009,-1.2866901741474284,-1.1416725905462564,1.0804158091434788,1.2687223567087962,1.2775542950629628,-0.17735964145253497,-1.2852912813638395,-1.221307639113848,1.0429279034441237,1.2440617658125954,1.2984513706646474,-0.48249408332490185,-1.2828592087390451,-1.3726181321561575,0.970493576052583,1.195447160101628,0.918414215584509
1.4161806412167373,-0.05371889272372457,-1.1885391156561913,-1.1580910749239604,1.1503045861534376,1.3068995844672984,1.3509758095721887,0.5518914950219104,-1.1890837944683421,-1.003619124019528,1.1433185549145304,1.3027278350199327,1.285212929626222,1.2426895198065806,-1.1908889520690566,-0.7652751649372294,1.1434405461468735,1.2497740497175758,1.3709053816019101,0.2541035893447699,-1.1880797395125555,-1.0247199257970365,1.0702498731148002,1.2548741201005715,1.2850019722002315,-0.24467333658955173,-1.1955444936643167,-0.9220454672292956,1.3872359576122313,1.4194487660962645,1.3798620268510051,-0.4278987298965555,-1.2886112314303517,-0.842483185119829,1.1572296217761733,1.3202860969448436,1.366145932916469,-0.5895219405295009,-1.2866901741474284,-1.1416725905462564,1.0804158091434788,1.2687223567087962,1.2775542950629628,-0.17735964145253497,-1.2852912813638395,-1.221307639113848,1.0429279034441237,1.2440617658125954,1.2984513706646474,-0.48249408332490185,-1.2828592087390451,-1.3726181321561575,0.970493576052583,1.195447160101628,1.3009785014604374,-0.17513891176875204,-1.2847844327874016,-0.8483761128551709,0.97081481963109,1.1970490583767304,0.9185809809836138
1.3509758095721887,0.5518914950219104,-1.1890837944683421,-1.003619124019528,1.1433185549145304,1.3027278350199327,1.285212929626222,1.2426895198065806,-1.1908889520690566,-0.7652751649372294,1.1434405461468735,1.2497740497175758,1.3709053816019101,0.2541035893447699,-1.1880797395125555,-1.0247199257970365,1.0702498731148002,1.2548741201005715,1.2850019722002315,-0.24467333658955173,-1.1955444936643167,-0.9220454672292956,1.3872359576122313,1.4194487660962645,1.3798620268510051,-0.4278987298965555,-1.2886112314303517,-0.842483185119829,1.1572296217761733,1.3202860969448436,1.366145932916469,-0.5895219405295009,-1.2866901741474284,-1.1416725905462564,1.0804158091434788,1.2687223567087962,1.2775542950629628,-0.17735964145253497,-1.2852912813638395,-1.221307639113848,1.0429279034441237,1.2440617658125954,1.2984513706646474,-0.48249408332490185,-1.2828592087390451,-1.3726181321561575,0.970493576052583,1.195447160101628,1.3009785014604374,-0.17513891176875204,-1.2847844327874016,-0.8483761128551709,0.97081481963109,1.1970490583767304,1.2379399174932446,0.08903628080232864,-1.2821206687901674,-1.025810426944622,0.9319931431247722,1.1706828374238092,0.9158361291859426
1.285212929626222,1.2426895198065806,-1.1908889520690566,-0.7652751649372294,1.1434405461468735,1.2497740497175758,1.3709053816019101,0.2541035893447699,-1.1880797395125555,-1.0247199257970365,1.0702498731148002,1.2548741201005715,1.2850019722002315,-0.24467333658955173,-1.1955444936643167,-0.9220454672292956,1.3872359576122313,1.4194487660962645,1.3798620268510051,-0.4278987298965555,-1.2886112314303517,-0.842483185119829,1.1572296217761733,1.3202860969448436,1.366145932916469,-0.5895219405295009,-1.2866901741474284,-1.1416725905462564,1.0804158091434788,1.2687223567087962,1.2775542950629628,-0.17735964145253497,-1.2852912813638395,-1.221307639113848,1.0429279034441237,1.2440617658125954,1.2984513706646474,-0.48249408332490185,-1.2828592087390451,-1.3726181321561575,0.970493576052583,1.195447160101628,1.3009785014604374,-0.17513891176875204,-1.2847844327874016,-0.8483761128551709,0.97081481963109,1.1970490583767304,1.2379399174932446,0.08903628080232864,-1.2821206687901674,-1.025810426944622,0.9319931431247722,1.1706828374238092,1.2822522816254946,-0.5440480473338676,-1.282298547083132,-1.310329467654983,0.8538414933107029,1.1201320609138237,0.9105735475658892
1.3709053816019101,0.2541035893447699,-1.1880797395125555,-1.0247199257970365,1.0702498731148002,1.2548741201005715,1.2850019722002315,-0.24467333658955173,-1.1955444936643167,-0.9220454672292956,1.3872359576122313,1.4194487660962645,1.3798620268510051,-0.4278987298965555,-1.2886112314303517,-0.842483185119829,1.1572296217761733,1.3202860969448436,1.366145932916469,-0.5895219405295009,-1.2866901741474284,-1.1416725905462564,1.0804158091434788,1.2687223567087962,1.2775542950629628,-0.17735964145253497,-1.2852912813638395,-1.221307639113848,1.0429279034441237,1.2440617658125954,1.2984513706646474,-0.48249408332490185,-1.2828592087390451,-1.3726181321561575,0.970493576052583,1.195447160101628,1.3009785014604374,-0.17513891176875204,-1.2847844327874016,-0.8483761128551709,0.97081481963109,1.1970490583767304,1.2379399174932446,0.08903628080232864,-1.2821206687901674,-1.025810426944622,0.9319931431247722,1.1706828374238092,1.2822522816254946,-0.5440480473338676,-1.282298547083132,-1.310329467654983,0.8538414933107029,1.1201320609138237,1.2258167404102709,-0.30735693594809954,-1.2812418105013719,-1.240645413727722,0.8203549000322353,1.0978420183332032,0.9082530457557575
1.2850019722002315,-0.24467333658955173,-1.1955444936643167,-0.9220454672292956,1.3872359576122313,1.4194487660962645,1.3798620268510051,-0.4278987298965555,-1.2886112314303517,-0.842483185119829,1.1572296217761733,1.3202860969448436,1.366145932916469,-0.5895219405295009,-1.2866901741474284,-1.1416725905462564,1.0804158091434788,1.2687223567087962,1.2775542950629628,-0.17735964145253497,-1.2852912813638395,-1.221307639113848,1.0429279034441237,1.2440617658125954,1.2984513706646474,-0.48249408332490185,-1.2828592087390451,-1.3726181321561575,0.970493576052583,1.195447160101628,1.3009785014604374,-0.17513891176875204,-1.2847844327874016,-0.8483761128551709,0.97081481963109,1.1970490583767304,1.2379399174932446,0.08903628080232864,-1.2821206687901674,-1.025810426944622,0.9319931431247722,1.1706828374238092,1.2822522816254946,-0.5440480473338676,-1.282298547083132,-1.310329467654983,0.8538414933107029,1.1201320609138237,1.2258167404102709,-0.30735693594809954,-1.2812418105013719,-1.240645413727722,0.8203549000322353,1.0978420183332032,1.2542501772159025,-0.4984737369773057,-1.2852906489961577,-1.0674096423561874,0.7793780450878388,1.073229664715333,0.9056907800752279
1.3798620268510051,-0.4278987298965555,-1.2886112314303517,-0.842483185119829,1.1572296217761733,1.3202860969448436,1.366145932916469,-0.5895219405295009,-1.2866901741474284,-1.1416725905462564,1.0804158091434788,1.2687223567087962,1.2775542950629628,-0.17735964145253497,-1.2852912813638395,-1.221307639113848,1.0429279034441237,1.2440617658125954,1.2984513706646474,-0.48249408332490185,-1.2828592087390451,-1.3726181321561575,0.970493576052583,1.195447160101628,1.3009785014604374,-0.17513891176875204,-1.2847844327874016,-0.8483761128551709,0.97081481963109,1.1970490583767304,1.2379399174932446,0.08903628080232864,-1.2821206687901674,-1.025810426944622,0.9319931431247722,1.1706828374238092,1.2822522816254946,-0.5440480473338676,-1.282298547083132,-1.310329467654983,0.8538414933107029,1.1201320609138237,1.2258167404102709,-0.30735693594809954,-1.2812418105013719,-1.240645413727722,0.8203549000322353,1.0978420183332032,1.2542501772159025,-0.4984737369773057,-1.2852906489961577,-1.0674096423561874,0.7793780450878388,1.073229664715333,1.252176833121746,-0.13784142844159156,-1.283990878365739,-0.6243460426945591,0.7820455867017638,1.0743058548128892,0.9058028166969792
1.366145932916469,-0.5895219405295009,-1.2866901741474284,-1.1416725905462564,1.0804158091434788,1.2687223567087962,1.2775542950629628,-0.17735964145253497,-1.2852912813638395,-1.221307639113848,1.0429279034441237,1.2440617658125954,1.2984513706646474,-0.48249408332490185,-1.2828592087390451,-1.3726181321561575,0.970493576052583,1.195447160101628,1.3009785014604374,-0.17513891176875204,-1.2847844327874016,-0.8483761128551709,0.97081481963109,1.1970490583767304,1.2379399174932446,0.08903628080232864,-1.2821206687901674,-1.025810426944622,0.9319931431247722,1.1706828374238092,1.2822522816254946,-0.5440480473338676,-1.282298547083132,-1.310329467654983,0.8538414933107029,1.1201320609138237,1.2258167404102709,-0.30735693594809954,-1.2812418105013719,-1.240645413727722,0.8203549000322353,1.0978420183332032,1.2542501772159025,-0.4984737369773057,-1.2852906489961577,-1.0674096423561874,0.7793780450878388,1.073229664715333,1.252176833121746,-0.13784142844159156,-1.283990878365739,-0.6243460426945591,0.7820455867017638,1.0743058548128892,1.261874737957579,-0.21210576025315164,-1.2831792340051285,-0.545421581123905,0.7413167805964659,1.0476464955683653,0.9030274477778703
1.2775542950629628,-0.17735964145253497,-1.2852912813638395,-1.221307639113848,1.0429279034441237,1.2440617658125954,1.2984513706646474,-0.48249408332490185,-1.2828592087390451,-1.3726181321561575,0.970493576052583,1.195447160101628,1.3009785014604374,-0.17513891176875204,-1.2847844327874016,-0.8483761128551709,0.97081481963109,1.1970490583767304,1.2379399174932446,0.08903628080232864,-1.2821206687901674,-1.025810426944622,0.9319931431247722,1.1706828374238092,1.2822522816254946,-0.5440480473338676,-1.282298547083132,-1.310329467654983,0.8538414933107029,1.1201320609138237,1.2258167404102709,-0.30735693594809954,-1.2812418105013719,-1.240645413727722,0.8203549000322353,1.0978420183332032,1.2542501772159025,-0.4984737369773057,-1.2852906489961577,-1.0674096423561874,0.7793780450878388,1.073229664715333,1.252176833121746,-0.13784142844159156,-1.283990878365739,-0.6243460426945591,0.7820455867017638,1.0743058548128892,1.261874737957579,-0.21210576025315164,-1.2831792340051285,-0.545421581123905,0.7413167805964659,1.0476464955683653,1.2727491084939169,0.38012332018063566,-1.184444165026274,-0.6109908260755621,0.8046017655621959,1.0819834467738325,0.9066020913497028
1.2984513706646474,-0.48249408332490185,-1.2828592087390451,-1.3726181321561575,0.970493576052583,1.195447160101628,1.3009785014604374,-0.17513891176875204,-1.2847844327874016,-0.8483761128551709,0.97081481963109,1.1970490583767304,1.2379399174932446,0.08903628080232864,-1.2821206687901674,-1.025810426944622,0.9319931431247722,1.1706828374238092,1.2822522816254946,-0.5440480473338676,-1.282298547083132,-1.310329467654983,0.8538414933107029,1.1201320609138237,1.2258167404102709,-0.30735693594809954,-1.2812418105013719,-1.240645413727722,0.8203549000322353,1.0978420183332032,1.2542501772159025,-0.4984737369773057,-1.2852906489961577,-1.0674096423561874,0.7793780450878388,1.073229664715333,1.252176833121746,-0.13784142844159156,-1.283990878365739,-0.6243460426945591,0.7820455867017638,1.0743058548128892,1.261874737957579,-0.21210576025315164,-1.2831792340051285,-0.545421581123905,0.7413167805964659,1.0476464955683653,1.2727491084939169,0.38012332018063566,-1.184444165026274,-0.6109908260755621,0.8046017655621959,1.0819834467738325,1.2036807738419433,-0.08120209459715487,-1.2825149133272442,-1.2162317053882736,0.7423333741993338,1.0486517237022583,0.9031320969141766
1.3009785014604374,-0.17513891176875204,-1.2847844327874016,-0.8483761128551709,0.97081481963109,1.1970490583767304,1.2379399174932446,0.08903628080232864,-1.2821206687901674,-1.025810426944622,0.9319931431247722,1.1706828374238092,1.2822522816254946,-0.5440480473338676,-1.282298547083132,-1.310329467654983,0.8538414933107029,1.1201320609138237,1.2258167404102709,-0.30735693594809954,-1.2812418105013719,-1.240645413727722,0.8203549000322353,1.0978420183332032,1.2542501772159025,-0.4984737369773057,-1.2852906489961577,-1.0674096423561874,0.7793780450878388,1.073229664715333,1.252176833121746,-0.13784142844159156,-1.283990878365739,-0.6243460426945591,0.7820455867017638,1.0743058548128892,1.261874737957579,-0.21210576025315164,-1.2831792340051285,-0.545421581123905,0.7413167805964659,1.0476464955683653,1.2727491084939169,0.38012332018063566,-1.184444165026274,-0.6109908260755621,0.8046017655621959,1.0819834467738325,1.2036807738419433,-0.08120209459715487,-1.2825149133272442,-1.2162317053882736,0.7423333741993338,1.0486517237022583,1.1290622565858968,0.023541116440962104,-1.2817586134762076,-1.2512959314033667,0.6654544995760554,0.9985427824721106,0.8979155124950229
1.2379399174932446,0.08903628080232864,-1.2821206687901674,-1.025810426944622,0.9319931431247722,1.1706828374238092,1.2822522816254946,-0.5440480473338676,-1.282298547083132,-1.310329467654983,0.8538414933107029,1.1201320609138237,1.2258167404102709,-0.30735693594809954,-1.2812418105013719,-1.240645413727722,0.8203549000322353,1.0978420183332032,1.2542501772159025,-0.4984737369773057,-1.2852906489961577,-1.0674096423561874,0.7793780450878388,1.073229664715333,1.252176833121746,-0.13784142844159156,-1.283990878365739,-0.6243460426945591,0.7820455867017638,1.0743058548128892,1.261874737957579,-0.21210576025315164,-1.2831792340051285,-0.545421581123905,0.7413167805964659,1.0476464955683653,1.2727491084939169,0.38012332018063566,-1.184444165026274,-0.6109908260755621,0.8046017655621959,1.0819834467738325,1.2036807738419433,-0.08120209459715487,-1.2825149133272442,-1.2162317053882736,0.7423333741993338,1.0486517237022583,1.1290622565858968,0.023541116440962104,-1.2817586134762076,-1.2512959314033667,0.6654544995760554,0.9985427824721106,1.1627785683728542,-0.3893845713436579,-1.2808631349121475,-1.4404455306618011,0.5928941145777593,0.9507747688280985,0.8929426300195226
1.2822522816254946,-0.5440480473338676,-1.282298547083132,-1.310329467654983,0.8538414933107029,1.1201320609138237,1.2258167404102709,-0.30735693594809954,-1.2812418105013719,-1.240645413727722,0.8203549000322353,1.0978420183332032,1.2542501772159025,-0.4984737369773057,-1.2852906489961577,-1.0674096423561874,0.7793780450878388,1.073229664715333,1.252176833121746,-0.13784142844159156,-1.283990878365739,-0.6243460426945591,0.7820455867017638,1.0743058548128892,1.261874737957579,-0.21210576025315164,-1.2831792340051285,-0.545421581123905,0.7413167805964659,1.0476464955683653,1.2727491084939169,0.38012332018063566,-1.184444165026274,-0.6109908260755621,0.8046017655621959,1.0819834467738325,1.2036807738419433,-0.08120209459715487,-1.2825149133272442,-1.2162317053882736,0.7423333741993338,1.0486517237022583,1.1290622565858968,0.023541116440962104,-1.2817586134762076,-1.2512959314033667,0.6654544995760554,0.9985427824721106,1.1627785683728542,-0.3893845713436579,-1.2808631349121475,-1.4404455306618011,0.5928941145777593,0.9507747688280985,1.1179701632327457,-0.17840066931639192,-1.2815856675361197,-1.324915603444231,0.5509616616466665,0.9240786113476702,0.8901634302251376
1.2258167404102709,-0.30735693594809954,-1.2812418105013719,-1.240645413727722,0.8203549000322353,1.0978420183332032,1.2542501772159025,-0.4984737369773057,-1.2852906489961577,-1.0674096423561874,0.7793780450878388,1.073229664715333,1.252176833121746,-0.13784142844159156,-1.283990878365739,-0.6243460426945591,0.7820455867017638,1.0743058548128892,1.261874737957579,-0.21210576025315164,-1.2831792340051285,-0.545421581123905,0.7413167805964659,1.0476464955683653,1.2727491084939169,0.38012332018063566,-1.184444165026274,-0.6109908260755621,0.8046017655621959,1.0819834467738325,1.2036807738419433,-0.08120209459715487,-1.2825149133272442,-1.2162317053882736,0.7423333741993338,1.0486517237022583,1.1290622565858968,0.023541116440962104,-1.2817586134762076,-1.2512959314033667,0.6654544995760554,0.9985427824721106,1.1627785683728542,-0.3893845713436579,-1.2808631349121475,-1.4404455306618011,0.5928941145777593,0.9507747688280985,1.1179701632327457,-0.17840066931639192,-1.2815856675361197,-1.324915603444231,0.5509616616466665,0.9240786113476702,1.3712214408504249,-0.496345618336318,-1.2806694699601096,0.8429849154135736,0.81088838040233,1.0909720147404698,0.9075378449787788
1.2542501772159025,-0.4984737369773057,-1.2852906489961577,-1.0674096423561874,0.7793780450878388,1.073229664715333,1.252176833121746,-0.13784142844159156,-1.283990878365739,-0.6243460426945591,0.7820455867017638,1.0743058548128892,1.261874737957579,-0.21210576025315164,-1.2831792340051285,-0.545421581123905,0.7413167805964659,1.0476464955683653,1.2727491084939169,0.38012332018063566,-1.184444165026274,-0.6109908260755621,0.8046017655621959,1.0819834467738325,1.2036807738419433,-0.08120209459715487,-1.2825149133272442,-1.2162317053882736,0.7423333741993338,1.0486517237022583,1.1290622565858968,0.023541116440962104,-1.2817586134762076,-1.2512959314033667,0.6654544995760554,0.9985427824721106,1.1627785683728542,-0.3893845713436579,-1.2808631349121475,-1.4404455306618011,0.5928941145777593,0.9507747688280985,1.1179701632327457,-0.17840066931639192,-1.2815856675361197,-1.324915603444231,0.5509616616466665,0.9240786113476702,1.3712214408504249,-0.496345618336318,-1.2806694699601096,0.8429849154135736,0.81088838040233,1.0909720147404698,1.411766235171909,-0.49299600874502497,-1.282875662857314,0.2620435705919524,0.8122262175837048,1.0939825634991558,0.907851257742292
1.252176833121746,-0.13784142844159156,-1.283990878365739,-0.6243460426945591,0.7820455867017638,1.0743058548128892,1.261874737957579,-0.21210576025315164,-1.2831792340051285,-0.545421581123905,0.7413167805964659,1.0476464955683653,1.2727491084939169,0.38012332018063566,-1.184444165026274,-0.6109908260755621,0.8046017655621959,1.0819834467738325,1.2036807738419433,-0.08120209459715487,-1.2825149133272442,-1.2162317053882736,0.7423333741993338,1.0486517237022583,1.1290622565858968,0.023541116440962104,-1.2817586134762076,-1.2512959314033667,0.6654544995760554,0.9985427824721106,1.1627785683728542,-0.3893845713436579,-1.2808631349121475,-1.4404455306618011,0.5928941145777593,0.9507747688280985,1.1179701632327457,-0.17840066931639192,-1.2815856675361197,-1.324915603444231,0.5509616616466665,0.9240786113476702,1.3712214408504249,-0.496345618336318,-1.2806694699601096,0.8429849154135736,0.81088838040233,1.0909720147404698,1.411766235171909,-0.49299600874502497,-1.282875662857314,0.2620435705919524,0.8122262175837048,1.0939825634991558,1.325784819170211,-0.5068948807137337,-1.2810371215816794,-0.32417613094998055,0.6996405092532962,1.0197338811613479,0.9001216089028335
1.261874737957579,-0.21210576025315164,-1.2831792340051285,-0.545421581123905,0.7413167805964659,1.0476464955683653,1.2727491084939169,0.38012332018063566,-1.184444165026274,-0.6109908260755621,0.8046017655621959,1.0819834467738325,1.2036807738419433,-0.08120209459715487,-1.2825149133272442,-1.2162317053882736,0.7423333741993338,1.0486517237022583,1.1290622565858968,0.023541116440962104,-1.2817586134762076,-1.2512959314033667,0.6654544995760554,0.9985427824721106,1.1627785683728542,-0.3893845713436579,-1.2808631349121475,-1.4404455306618011,0.5928941145777593,0.9507747688280985,1.1179701632327457,-0.17840066931639192,-1.2815856675361197,-1.324915603444231,0.5509616616466665,0.9240786113476702,1.3712214408504249,-0.496345618336318,-1.2806694699601096,0.8429849154135736,0.81088838040233,1.0909720147404698,1.411766235171909,-0.49299600874502497,-1.282875662857314,0.2620435705919524,0.8122262175837048,1.0939825634991558,1.325784819170211,-0.5068948807137337,-1.2810371215816794,-0.32417613094998055,0.6996405092532962,1.0197338811613479,1.2595400953783953,-0.31572979943527607,-1.2813582008108575,-0.4816685315388912,0.6263807078562269,0.9726871004317535,0.8952238102804654
1.2727491084939169,0.38012332018063566,-1.184444165026274,-0.6109908260755621,0.8046017655621959,1.0819834467738325,1.2036807738419433,-0.08120209459715487,-1.2825149133272442,-1.2162317053882736,0.7423333741993338,1.0486517237022583,1.1290622565858968,0.023541116440962104,-1.2817586134762076,-1.2512959314033667,0.6654544995760554,0.9985427824721106,1.1627785683728542,-0.3893845713436579,-1.2808631349121475,-1.4404455306618011,0.5928941145777593,0.9507747688280985,1.1179701632327457,-0.17840066931639192,-1.2815856675361197,-1.324915603444231,0.5509616616466665,0.9240786113476702,1.3712214408504249,-0.496345618336318,-1.2806694699601096,0.8429849154135736,0.81088838040233,1.0909720147404698,1.411766235171909,-0.49299600874502497,-1.282875662857314,0.2620435705919524,0.8122262175837048,1.0939825634991558,1.325784819170211,-0.5068948807137337,-1.2810371215816794,-0.32417613094998055,0.6996405092532962,1.0197338811613479,1.2595400953783953,-0.31572979943527607,-1.2813582008108575,-0.4816685315388912,0.6263807078562269,0.9726871004317535,1.1746287803173514,-0.22061778749463912,-1.229741382340719,-0.5341310013994839,0.5920686405722307,0.9241562823109812,0.890171516150066
1.2036807738419433,-0.08120209459715487,-1.2825149133272442,-1.2162317053882736,0.7423333741993338,1.0486517237022583,1.1290622565858968,0.023541116440962104,-1.2817586134762076,-1.2512959314033667,0.6654544995760554,0.9985427824721106,1.1627785683728542,-0.3893845713436579,-1.2808631349121475,-1.4404455306618011,0.5928941145777593,0.9507747688280985,1.1179701632327457,-0.17840066931639192,-1.2815856675361197,-1.324915603444231,0.5509616616466665,0.9240786113476702,1.3712214408504249,-0.496345618336318,-1.2806694699601096,0.8429849154135736,0.81088838040233,1.0909720147404698,1.411766235171909,-0.49299600874502497,-1.282875662857314,0.2620435705919524,0.8122262175837048,1.0939825634991558,1.325784819170211,-0.5068948807137337,-1.2810371215816794,-0.32417613094998055,0.6996405092532962,1.0197338811613479,1.2595400953783953,-0.31572979943527607,-1.2813582008108575,-0.4816685315388912,0.6263807078562269,0.9726871004317535,1.1746287803173514,-0.22061778749463912,-1.229741382340719,-0.5341310013994839,0.5920686405722307,0.9241562823109812,1.1289514879189504,0.11312908184354166,-1.2309554041191642,-0.2783553490823873,0.5535641412700077,0.900073532476566,0.887664384798406
1.1290622565858968,0.023541116440962104,-1.2817586134762076,-1.2512959314033667,0.6654544995760554,0.9985427824721106,1.1627785683728542,-0.3893845713436579,-1.2808631349121475,-1.4404455306618011,0.5928941145777593,0.9507747688280985,1.1179701632327457,-0.17840066931639192,-1.2815856675361197,-1.324915603444231,0.5509616616466665,0.9240786113476702,1.3712214408504249,-0.496345618336318,-1.2806694699601096,0.8429849154135736,0.81088838040233,1.0909720147404698,1.411766235171909,-0.49299600874502497,-1.282875662857314,0.2620435705919524,0.8122262175837048,1.0939825634991558,1.325784819170211,-0.5068948807137337,-1.2810371215816794,-0.32417613094998055,0.6996405092532962,1.0197338811613479,1.2595400953783953,-0.31572979943527607,-1.2813582008108575,-0.4816685315388912,0.6263807078562269,0.9726871004317535,1.1746287803173514,-0.22061778749463912,-1.229741382340719,-0.5341310013994839,0.5920686405722307,0.9241562823109812,1.1289514879189504,0.11312908184354166,-1.2309554041191642,-0.2783553490823873,0.5535641412700077,0.900073532476566,1.095863579766076,0.25318647696752555,-1.182143092627144,-0.008650961013302837,0.5553411468878203,0.8757432753733078,0.8851314867366425
1.1627785683728542,-0.3893845713436579,-1.2808631349121475,-1.4404455306618011,0.5928941145777593,0.9507747688280985,1.1179701632327457,-0.17840066931639192,-1.2815856675361197,-1.324915603444231,0.5509616616466665,0.9240786113476702,1.3712214408504249,-0.496345618336318,-1.2806694699601096,0.8429849154135736,0.81088838040233,1.0909720147404698,1.411766235171909,-0.49299600874502497,-1.282875662857314,0.2620435705919524,0.8122262175837048,1.0939825634991558,1.325784819170211,-0.5068948807137337,-1.2810371215816794,-0.32417613094998055,0.6996405092532962,1.0197338811613479,1.2595400953783953,-0.31572979943527607,-1.2813582008108575,-0.4816685315388912,0.6263807078562269,0.9726871004317535,1.1746287803173514,-0.22061778749463912,-1.229741382340719,-0.5341310013994839,0.5920686405722307,0.9241562823109812,1.1289514879189504,0.11312908184354166,-1.2309554041191642,-0.2783553490823873,0.5535641412700077,0.900073532476566,1.095863579766076,0.25318647696752555,-1.182143092627144,-0.008650961013302837,0.5553411468878203,0.8757432753733078,1.0490724951507875,0.0934562006656382,-1.1295813380720112,-0.3280199090876282,0.5207810307647256,0.826841084788816,0.880040530927102
1.1179701632327457,-0.17840066931639192,-1.2815856675361197,-1.324915603444231,0.5509616616466665,0.9240786113476702,1.3712214408504249,-0.496345618336318,-1.2806694699601096,0.8429849154135736,0.81088838040233,1.0909720147404698,1.411766235171909,-0.49299600874502497,-1.282875662857314,0.2620435705919524,0.8122262175837048,1.0939825634991558,1.325784819170211,-0.5068948807137337,-1.2810371215816794,-0.32417613094998055,0.6996405092532962,1.0197338811613479,1.2595400953783953,-0.31572979943527607,-1.2813582008108575,-0.4816685315388912,0.6263807078562269,0.9726871004317535,1.1746287803173514,-0.22061778749463912,-1.229741382340719,-0.5341310013994839,0.5920686405722307,0.9241562823109812,1.1289514879189504,0.11312908184354166,-1.2309554041191642,-0.2783553490823873,0.5535641412700077,0.900073532476566,1.095863579766076,0.25318647696752555,-1.182143092627144,-0.008650961013302837,0.5553411468878203,0.8757432753733078,1.0490724951507875,0.0934562006656382,-1.1295813380720112,-0.3280199090876282,0.5207810307647256,0.826841084788816,0.9417454080008109,0.6858704620205393,-1.1280623274632402,-0.17233800253292683,0.48417959468707056,0.7767307052098661,0.8748237967688445
1.3712214408504249,-0.496345618336318,-1.2806694699601096,0.8429849154135736,0.81088838040233,1.0909720147404698,1.411766235171909,-0.49299600874502497,-1.282875662857314,0.2620435705919524,0.8122262175837048,1.0939825634991558,1.325784819170211,-0.5068948807137337,-1.2810371215816794,-0.32417613094998055,0.6996405092532962,1.0197338811613479,1.2595400953783953,-0.31572979943527607,-1.2813582008108575,-0.4816685315388912,0.6263807078562269,0.9726871004317535,1.1746287803173514,-0.22061778749463912,-1.229741382340719,-0.5341310013994839,0.5920686405722307,0.9241562823109812,1.1289514879189504,0.11312908184354166,-1.2309554041191642,-0.2783553490823873,0.5535641412700077,0.900073532476566,1.095863579766076,0.25318647696752555,-1.182143092627144,-0.008650961013302837,0.5553411468878203,0.8757432753733078,1.0490724951507875,0.0934562006656382,-1.1295813380720112,-0.3280199090876282,0.5207810307647256,0.826841084788816,0.9417454080008109,0.6858704620205393,-1.1280623274632402,-0.17233800253292683,0.48417959468707056,0.7767307052098661,0.934435777546989,0.5494631697113566,-1.1279295196215224,-0.2602881710377885,0.4442193333455419,0.7767426235851022,0.8748250375296555
1.411766235171909,-0.49299600874502497,-1.282875662857314,0.2620435705919524,0.8122262175837048,1.0939825634991558,1.325784819170211,-0.5068948807137337,-1.2810371215816794,-0.32417613094998055,0.6996405092532962,1.0197338811613479,1.2595400953783953,-0.31572979943527607,-1.2813582008108575,-0.4816685315388912,0.6263807078562269,0.9726871004317535,1.1746287803173514,-0.22061778749463912,-1.229741382340719,-0.5341310013994839,0.5920686405722307,0.9241562823109812,1.1289514879189504,0.11312908184354166,-1.2309554041191642,-0.2783553490823873,0.5535641412700077,0.900073532476566,1.095863579766076,0.25318647696752555,-1.182143092627144,-0.008650961013302837,0.5553411468878203,0.8757432753733078,1.0490724951507875,0.0934562006656382,-1.1295813380720112,-0.3280199090876282,0.5207810307647256,0.826841084788816,0.9417454080008109,0.6858704620205393,-1.1280623274632402,-0.17233800253292683,0.48417959468707056,0.7767307052098661,0.934435777546989,0.5494631697113566,-1.1279295196215224,-0.2602881710377885,0.4442193333455419,0.7767426235851022,0.8944739580629962,0.6806332640045265,-1.0776912346784724,0.01761068370525713,0.44980653178690283,0.7545470423736704,0.8725143696073415
1.325784819170211,-0.5068948807137337,-1.2810371215816794,-0.32417613094998055,0.6996405092532962,1.0197338811613479,1.2595400953783953,-0.31572979943527607,-1.2813582008108575,-0.4816685315388912,0.6263807078562269,0.9726871004317535,1.1746287803173514,-0.22061778749463912,-1.229741382340719,-0.5341310013994839,0.5920686405722307,0.9241562823109812,1.1289514879189504,0.11312908184354166,-1.2309554041191642,-0.2783553490823873,0.5535641412700077,0.900073532476566,1.095863579766076,0.25318647696752555,-1.182143092627144,-0.008650961013302837,0.5553411468878203,0.8757432753733078,1.0490724951507875,0.0934562006656382,-1.1295813380720112,-0.3280199090876282,0.5207810307647256,0.826841084788816,0.9417454080008109,0.6858704620205393,-1.1280623274632402,-0.17233800253292683,0.48417959468707056,0.7767307052098661,0.934435777546989,0.5494631697113566,-1.1279295196215224,-0.2602881710377885,0.4442193333455419,0.7767426235851022,0.8944739580629962,0.6806332640045265,-1.0776912346784724,0.01761068370525713,0.44980653178690283,0.7545470423736704,0.9286629481500809,0.5121801287036502,-1.0773582563812882,0.16558938997421377,0.40901673006543326,0.7286933330706878,0.8698228727643365
1.2595400953783953,-0.31572979943527607,-1.2813582008108575,-0.4816685315388912,0.6263807078562269,0.9726871004317535,1.1746287803173514,-0.22061778749463912,-1.229741382340719,-0.5341310013994839,0.5920686405722307,0.9241562823109812,1.1289514879189504,0.11312908184354166,-1.2309554041191642,-0.2783553490823873,0.5535641412700077,0.900073532476566,1.095863579766076,0.25318647696752555,-1.182143092627144,-0.008650961013302837,0.5553411468878203,0.8757432753733078,1.0490724951507875,0.0934562006656382,-1.1295813380720112,-0.3280199090876282,0.5207810307647256,0.826841084788816,0.9417454080008109,0.6858704620205393,-1.1280623274632402,-0.17233800253292683,0.48417959468707056,0.7767307052098661,0.934435777546989,0.5494631697113566,-1.1279295196215224,-0.2602881710377885,0.4442193333455419,0.7767426235851022,0.8944739580629962,0.6806332640045265,-1.0776912346784724,0.01761068370525713,0.44980653178690283,0.7545470423736704,0.9286629481500809,0.5121801287036502,-1.0773582563812882,0.16558938997421377,0.40901673006543326,0.7286933330706878,0.8166570760290165,0.9442849889863646,-1.0248337551767204,0.1862703734492196,0.40768295925848186,0.6754704694684682,0.8642821138858982
1.1746287803173514,-0.22061778749463912,-1.229741382340719,-0.5341310013994839,0.5920686405722307,0.9241562823109812,1.1289514879189504,0.11312908184354166,-1.2309554041191642,-0.2783553490823873,0.5535641412700077,0.900073532476566,1.095863579766076,0.25318647696752555,-1.182143092627144,-0.008650961013302837,0.5553411468878203,0.8757432753733078,1.0490724951507875,0.0934562006656382,-1.1295813380720112,-0.3280199090876282,0.5207810307647256,0.826841084788816,0.9417454080008109,0.6858704620205393,-1.1280623274632402,-0.17233800253292683,0.48417959468707056,0.7767307052098661,0.934435777546989,0.5494631697113566,-1.1279295196215224,-0.2602881710377885,0.4442193333455419,0.7767426235851022,0.8944739580629962,0.6806332640045265,-1.0776912346784724,0.01761068370525713,0.44980653178690283,0.7545470423736704,0.9286629481500809,0.5121801287036502,-1.0773582563812882,0.16558938997421377,0.40901673006543326,0.7286933330706878,0.8166570760290165,0.9442849889863646,-1.0248337551767204,0.1862703734492196,0.40768295925848186,0.6754704694684682,0.8591828019532698,0.42031940133441514,-1.0192161633627745,-0.12929991119174372,0.33728588544707805,0.6530704437293161,0.861950162294209
1.1289514879189504,0.11312908184354166,-1.2309554041191642,-0.2783553490823873,0.5535641412700077,0.900073532476566,1.095863579766076,0.25318647696752555,-1.182143092627144,-0.008650961013302837,0.5553411468878203,0.8757432753733078,1.0490724951507875,0.0934562006656382,-1.1295813380720112,-0.3280199090876282,0.5207810307647256,0.826841084788816,0.9417454080008109,0.6858704620205393,-1.1280623274632402,-0.17233800253292683,0.48417959468707056,0.7767307052098661,0.934435777546989,0.5494631697113566,-1.1279295196215224,-0.2602881710377885,0.4442193333455419,0.7767426235851022,0.8944739580629962,0.6806332640045265,-1.0776912346784724,0.01761068370525713,0.44980653178690283,0.7545470423736704,0.9286629481500809,0.5121801287036502,-1.0773582563812882,0.16558938997421377,0.40901673006543326,0.7286933330706878,0.8166570760290165,0.9442849889863646,-1.0248337551767204,0.1862703734492196,0.40768295925848186,0.6754704694684682,0.8591828019532698,0.42031940133441514,-1.0192161633627745,-0.12929991119174372,0.33728588544707805,0.6530704437293161,0.7231101159767749,1.0051160711232445,-0.9711766326533604,0.004659915100647996,0.3403356662556816,0.6054192258362427,0.8569894388242596
1.095863579766076,0.25318647696752555,-1.182143092627144,-0.008650961013302837,0.5553411468878203,0.8757432753733078,1.0490724951507875,0.0934562006656382,-1.1295813380720112,-0.3280199090876282,0.5207810307647256,0.826841084788816,0.9417454080008109,0.6858704620205393,-1.1280623274632402,-0.17233800253292683,0.48417959468707056,0.7767307052098661,0.934435777546989,0.5494631697113566,-1.1279295196215224,-0.2602881710377885,0.4442193333455419,0.7767426235851022,0.8944739580629962,0.6806332640045265,-1.0776912346784724,0.01761068370525713,0.44980653178690283,0.7545470423736704,0.9286629481500809,0.5121801287036502,-1.0773582563812882,0.16558938997421377,0.40901673006543326,0.7286933330706878,0.8166570760290165,0.9442849889863646,-1.0248337551767204,0.1862703734492196,0.40768295925848186,0.6754704694684682,0.8591828019532698,0.42031940133441514,-1.0192161633627745,-0.12929991119174372,0.33728588544707805,0.6530704437293161,0.7231101159767749,1.0051160711232445,-0.9711766326533604,0.004659915100647996,0.3403356662556816,0.6054192258362427,0.7853754507829178,0.5661308811063817,-0.9701563272145891,0.15967494105995728,0.30113175055468544,0.605377546956511,0.8569850998502306
1.0490724951507875,0.0934562006656382,-1.1295813380720112,-0.3280199090876282,0.5207810307647256,0.826841084788816,0.9417454080008109,0.6858704620205393,-1.1280623274632402,-0.17233800253292683,0.48417959468707056,0.7767307052098661,0.934435777546989,0.5494631697113566,-1.1279295196215224,-0.2602881710377885,0.4442193333455419,0.7767426235851022,0.8944739580629962,0.6806332640045265,-1.0776912346784724,0.01761068370525713,0.44980653178690283,0.7545470423736704,0.9286629481500809,0.5121801287036502,-1.0773582563812882,0.16558938997421377,0.40901673006543326,0.7286933330706878,0.8166570760290165,0.9442849889863646,-1.0248337551767204,0.1862703734492196,0.40768295925848186,0.6754704694684682,0.8591828019532698,0.42031940133441514,-1.0192161633627745,-0.12929991119174372,0.33728588544707805,0.6530704437293161,0.7231101159767749,1.0051160711232445,-0.9711766326533604,0.004659915100647996,0.3403356662556816,0.6054192258362427,0.7853754507829178,0.5661308811063817,-0.9701563272145891,0.15967494105995728,0.30113175055468544,0.605377546956511,0.6983540043846003,1.0777775700392205,-0.9657848728226157,0.06569856348655055,0.26675868765451766,0.5558213488900736,0.8518260586819383
0.9417454080008109,0.6858704620205393,-1.1280623274632402,-0.17233800253292683,0.48417959468707056,0.7767307052098661,0.934435777546989,0.5494631697113566,-1.1279295196215224,-0.2602881710377885,0.4442193333455419,0.7767426235851022,0.8944739580629962,0.6806332640045265,-1.0776912346784724,0.01761068370525713,0.44980653178690283,0.7545470423736704,0.9286629481500809,0.5121801287036502,-1.0773582563812882,0.16558938997421377,0.40901673006543326,0.7286933330706878,0.8166570760290165,0.9442849889863646,-1.0248337551767204,0.1862703734492196,0.40768295925848186,0.6754704694684682,0.8591828019532698,0.42031940133441514,-1.0192161633627745,-0.12929991119174372,0.33728588544707805,0.6530704437293161,0.7231101159767749,1.0051160711232445,-0.9711766326533604,0.004659915100647996,0.3403356662556816,0.6054192258362427,0.7853754507829178,0.5661308811063817,-0.9701563272145891,0.15967494105995728,0.30113175055468544,0.605377546956511,0.6983540043846003,1.0777775700392205,-0.9657848728226157,0.06569856348655055,0.26675868765451766,0.5558213488900736,0.7342658885664259,0.8258721629666126,-0.9168800018965567,0.2907736709758259,0.2675231660438507,0.5575582037636599,0.8520068737191243
0.934435777546989,0.5494631697113566,-1.1279295196215224,-0.2602881710377885,0.4442193333455419,0.7767426235851022,0.8944739580629962,0.6806332640045265,-1.0776912346784724,0.01761068370525713,0.44980653178690283,0.7545470423736704,0.9286629481500809,0.5121801287036502,-1.0773582563812882,0.16558938997421377,0.40901673006543326,0.7286933330706878,0.8166570760290165,0.9442849889863646,-1.0248337551767204,0.1862703734492196,0.40768295925848186,0.6754704694684682,0.8591828019532698,0.42031940133441514,-1.0192161633627745,-0.12929991119174372,0.33728588544707805,0.6530704437293161,0.7231101159767749,1.0051160711232445,-0.9711766326533604,0.004659915100647996,0.3403356662556816,0.6054192258362427,0.7853754507829178,0.5661308811063817,-0.9701563272145891,0.15967494105995728,0.30113175055468544,0.605377546956511,0.6983540043846003,1.0777775700392205,-0.9657848728226157,0.06569856348655055,0.26675868765451766,0.5558213488900736,0.7342658885664259,0.8258721629666126,-0.9168800018965567,0.2907736709758259,0.2675231660438507,0.5575582037636599,0.7058862600618099,0.48209042688817216,-0.8635076312829574,0.11475215302207936,0.23086073435004814,0.5074062152374834,0.8467858078671516
0.8944739580629962,0.6806332640045265,-1.0776912346784724,0.01761068370525713,0.44980653178690283,0.7545470423736704,0.9286629481500809,0.5121801287036502,-1.0773582563812882,0.16558938997421377,0.40901673006543326,0.7286933330706878,0.8166570760290165,0.9442849889863646,-1.0248337551767204,0.1862703734492196,0.40768295925848186,0.6754704694684682,0.8591828019532698,0.42031940133441514,-1.0192161633627745,-0.12929991119174372,0.33728588544707805,0.6530704437293161,0.7231101159767749,1.0051160711232445,-0.9711766326533604,0.004659915100647996,0.3403356662556816,0.6054192258362427,0.7853754507829178,0.5661308811063817,-0.9701563272145891,0.15967494105995728,0.30113175055468544,0.605377546956511,0.6983540043846003,1.0777775700392205,-0.9657848728226157,0.06569856348655055,0.26675868765451766,0.5558213488900736,0.7342658885664259,0.8258721629666126,-0.9168800018965567,0.2907736709758259,0.2675231660438507,0.5575582037636599,0.7058862600618099,0.48209042688817216,-0.8635076312829574,0.11475215302207936,0.23086073435004814,0.5074062152374834,0.6621576533189759,0.5718798102479387,-0.8586561490513221,0.07974446694971582,0.19077034902735177,0.47900274192937653,0.8438288681938828
0.9286629481500809,0.5121801287036502,-1.0773582563812882,0.16558938997421377,0.40901673006543326,0.7286933330706878,0.8166570760290165,0.9442849889863646,-1.0248337551767204,0.1862703734492196,0.40768295925848186,0.6754704694684682,0.8591828019532698,0.42031940133441514,-1.0192161633627745,-0.12929991119174372,0.33728588544707805,0.6530704437293161,0.7231101159767749,1.0051160711232445,-0.9711766326533604,0.004659915100647996,0.3403356662556816,0.6054192258362427,0.7853754507829178,0.5661308811063817,-0.9701563272145891,0.15967494105995728,0.30113175055468544,0.605377546956511,0.6983540043846003,1.0777775700392205,-0.9657848728226157,0.06569856348655055,0.26675868765451766,0.5558213488900736,0.7342658885664259,0.8258721629666126,-0.9168800018965567,0.2907736709758259,0.2675231660438507,0.5575582037636599,0.7058862600618099,0.48209042688817216,-0.8635076312829574,0.11475215302207936,0.23086073435004814,0.5074062152374834,0.6621576533189759,0.5718798102479387,-0.8586561490513221,0.07974446694971582,0.19077034902735177,0.47900274192937653,0.645882177721434,0.5921773648339247,-0.8593428610620698,0.1155546417834499,0.1548032673578861,0.45698983765729506,0.8415372178291576
0.8166570760290165,0.9442849889863646,-1.0248337551767204,0.1862703734492196,0.40768295925848186,0.6754704694684682,0.8591828019532698,0.42031940133441514,-1.0192161633627745,-0.12929991119174372,0.33728588544707805,0.6530704437293161,0.7231101159767749,1.0051160711232445,-0.9711766326533604,0.004659915100647996,0.3403356662556816,0.6054192258362427,0.7853754507829178,0.5661308811063817,-0.9701563272145891,0.15967494105995728,0.30113175055468544,0.605377546956511,0.6983540043846003,1.0777775700392205,-0.9657848728226157,0.06569856348655055,0.26675868765451766,0.5558213488900736,0.7342658885664259,0.8258721629666126,-0.9168800018965567,0.2907736709758259,0.2675231660438507,0.5575582037636599,0.7058862600618099,0.48209042688817216,-0.8635076312829574,0.11475215302207936,0.23086073435004814,0.5074062152374834,0.6621576533189759,0.5718798102479387,-0.8586561490513221,0.07974446694971582,0.19077034902735177,0.47900274192937653,0.645882177721434,0.5921773648339247,-0.8593428610620698,0.1155546417834499,0.1548032673578861,0.45698983765729506,0.6198756265629944,0.5876415756743726,-0.8074677015828644,0.19196302206936408,0.15531563053373232,0.4322675463562304,0.8389635071012741
0.8591828019532698,0.42031940133441514,-1.0192161633627745,-0.12929991119174372,0.33728588544707805,0.6530704437293161,0.7231101159767749,1.0051160711232445,-0.9711766326533604,0.004659915100647996,0.3403356662556816,0.6054192258362427,0.7853754507829178,0.5661308811063817,-0.9701563272145891,0.15967494105995728,0.30113175055468544,0.605377546956511,0.6983540043846003,1.0777775700392205,-0.9657848728226157,0.06569856348655055,0.26675868765451766,0.5558213488900736,0.7342658885664259,0.8258721629666126,-0.9168800018965567,0.2907736709758259,0.2675231660438507,0.5575582037636599,0.7058862600618099,0.48209042688817216,-0.8635076312829574,0.11475215302207936,0.23086073435004814,0.5074062152374834,0.6621576533189759,0.5718798102479387,-0.8586561490513221,0.07974446694971582,0.19077034902735177,0.47900274192937653,0.645882177721434,0.5921773648339247,-0.8593428610620698,0.1155546417834499,0.1548032673578861,0.45698983765729506,0.6198756265629944,0.5876415756743726,-0.8074677015828644,0.19196302206936408,0.15531563053373232,0.4322675463562304,0.5973957970866519,0.680860099937937,-0.8061721418204699,0.21879582166077918,0.12017808924418348,0.4095933575214518,0.8366030137983086
0.7231101159767749,1.0051160711232445,-0.9711766326533604,0.004659915100647996,0.3403356662556816,0.6054192258362427,0.7853754507829178,0.5661308811063817,-0.9701563272145891,0.15967494105995728,0.30113175055468544,0.605377546956511,0.6983540043846003,1.0777775700392205,-0.9657848728226157,0.06569856348655055,0.26675868765451766,0.5558213488900736,0.7342658885664259,0.8258721629666126,-0.9168800018965567,0.2907736709758259,0.2675231660438507,0.5575582037636599,0.7058862600618099,0.48209042688817216,-0.8635076312829574,0.11475215302207936,0.23086073435004814,0.5074062152374834,0.6621576533189759,0.5718798102479387,-0.8586561490513221,0.07974446694971582,0.19077034902735177,0.47900274192937653,0.645882177721434,0.5921773648339247,-0.8593428610620698,0.1155546417834499,0.1548032673578861,0.45698983765729506,0.6198756265629944,0.5876415756743726,-0.8074677015828644,0.19196302206936408,0.15531563053373232,0.4322675463562304,0.5973957970866519,0.680860099937937,-0.8061721418204699,0.21879582166077918,0.12017808924418348,0.4095933575214518,0.5675897461544201,0.6805683970140628,-0.8044341761384298,0.22437785707468744,0.07850181790103784,0.381884244555101,0.8337183604126994
0.7853754507829178,0.5661308811063817,-0.9701563272145891,0.15967494105995728,0.30113175055468544,0.605377546956511,0.6983540043846003,1.0777775700392205,-0.9657848728226157,0.06569856348655055,0.26675868765451766,0.5558213488900736,0.7342658885664259,0.8258721629666126,-0.9168800018965567,0.2907736709758259,0.2675231660438507,0.5575582037636599,0.7058862600618099,0.48209042688817216,-0.8635076312829574,0.11475215302207936,0.23086073435004814,0.5074062152374834,0.6621576533189759,0.5718798102479387,-0.8586561490513221,0.07974446694971582,0.19077034902735177,0.47900274192937653,0.645882177721434,0.5921773648339247,-0.8593428610620698,0.1155546417834499,0.1548032673578861,0.45698983765729506,0.6198756265629944,0.5876415756743726,-0.8074677015828644,0.19196302206936408,0.15531563053373232,0.4322675463562304,0.5973957970866519,0.680860099937937,-0.8061721418204699,0.21879582166077918,0.12017808924418348,0.4095933575214518,0.5675897461544201,0.6805683970140628,-0.8044341761384298,0.22437785707468744,0.07850181790103784,0.381884244555101,0.5359130754979744,0.6763818184441667,-0.751276612477411,0.23723402241268393,0.07957940712007724,0.3570513133549773,0.8311331315333763
0.6983540043846003,1.0777775700392205,-0.9657848728226157,0.06569856348655055,0.26675868765451766,0.5558213488900736,0.7342658885664259,0.8258721629666126,-0.9168800018965567,0.2907736709758259,0.2675231660438507,0.5575582037636599,0.7058862600618099,0.48209042688817216,-0.8635076312829574,0.11475215302207936,0.23086073435004814,0.5074062152374834,0.6621576533189759,0.5718798102479387,-0.8586561490513221,0.07974446694971582,0.19077034902735177,0.47900274192937653,0.645882177721434,0.5921773648339247,-0.8593428610620698,0.1155546417834499,0.1548032673578861,0.45698983765729506,0.6198756265629944,0.5876415756743726,-0.8074677015828644,0.19196302206936408,0.15531563053373232,0.4322675463562304,0.5973957970866519,0.680860099937937,-0.8061721418204699,0.21879582166077918,0.12017808924418348,0.4095933575214518,0.5675897461544201,0.6805683970140628,-0.8044341761384298,0.22437785707468744,0.07850181790103784,0.381884244555101,0.5359130754979744,0.6763818184441667,-0.751276612477411,0.23723402241268393,0.07957940712007724,0.3570513133549773,0.4951435457328636,0.8338218718104095,-0.749173378859289,0.3205719358291905,0.04482410502523097,0.333796124353544,0.8287121532881532
0.7342658885664259,0.8258721629666126,-0.9168800018965567,0.2907736709758259,0.2675231660438507,0.5575582037636599,0.7058862600618099,0.48209042688817216,-0.8635076312829574,0.11475215302207936,0.23086073435004814,0.5074062152374834,0.6621576533189759,0.5718798102479387,-0.8586561490513221,0.07974446694971582,0.19077034902735177,0.47900274192937653,0.645882177721434,0.5921773648339247,-0.8593428610620698,0.1155546417834499,0.1548032673578861,0.45698983765729506,0.6198756265629944,0.5876415756743726,-0.8074677015828644,0.19196302206936408,0.15531563053373232,0.4322675463562304,0.5973957970866519,0.680860099937937,-0.8061721418204699,0.21879582166077918,0.12017808924418348,0.4095933575214518,0.5675897461544201,0.6805683970140628,-0.8044341761384298,0.22437785707468744,0.07850181790103784,0.381884244555101,0.5359130754979744,0.6763818184441667,-0.751276612477411,0.23723402241268393,0.07957940712007724,0.3570513133549773,0.4951435457328636,0.8338218718104095,-0.749173378859289,0.3205719358291905,0.04482410502523097,0.333796124353544,0.46270897998127386,0.9201049656873304,-0.7485778361083162,0.3469347794902851,0.008543912526082921,0.31033121816779746,0.826269342464367
0.7058862600618099,0.48209042688817216,-0.8635076312829574,0.11475215302207936,0.23086073435004814,0.5074062152374834,0.6621576533189759,0.5718798102479387,-0.8586561490513221,0.07974446694971582,0.19077034902735177,0.47900274192937653,0.645882177721434,0.5921773648339247,-0.8593428610620698,0.1155546417834499,0.1548032673578861,0.45698983765729506,0.6198756265629944,0.5876415756743726,-0.8074677015828644,0.19196302206936408,0.15531563053373232,0.4322675463562304,0.5973957970866519,0.680860099937937,-0.8061721418204699,0.21879582166077918,0.12017808924418348,0.4095933575214518,0.5675897461544201,0.6805683970140628,-0.8044341761384298,0.22437785707468744,0.07850181790103784,0.381884244555101,0.5359130754979744,0.6763818184441667,-0.751276612477411,0.23723402241268393,0.07957940712007724,0.3570513133549773,0.4951435457328636,0.8338218718104095,-0.749173378859289,0.3205719358291905,0.04482410502523097,0.333796124353544,0.46270897998127386,0.9201049656873304,-0.7485778361083162,0.3469347794902851,0.008543912526082921,0.31033121816779746,0.4514487556058787,0.8574407867803818,-0.7472676357309949,0.29505068544442364,-0.030973114004595653,0.28477418816169725,0.8236087313786661
0.6621576533189759,0.5718798102479387,-0.8586561490513221,0.07974446694971582,0.19077034902735177,0.47900274192937653,0.645882177721434,0.5921773648339247,-0.8593428610620698,0.1155546417834499,0.1548032673578861,0.45698983765729506,0.6198756265629944,0.5876415756743726,-0.8074677015828644,0.19196302206936408,0.15531563053373232,0.4322675463562304,0.5973957970866519,0.680860099937937,-0.8061721418204699,0.21879582166077918,0.12017808924418348,0.4095933575214518,0.5675897461544201,0.6805683970140628,-0.8044341761384298,0.22437785707468744,0.07850181790103784,0.381884244555101,0.5359130754979744,0.6763818184441667,-0.751276612477411,0.23723402241268393,0.07957940712007724,0.3570513133549773,0.4951435457328636,0.8338218718104095,-0.749173378859289,0.3205719358291905,0.04482410502523097,0.333796124353544,0.46270897998127386,0.9201049656873304,-0.7485778361083162,0.3469347794902851,0.008543912526082921,0.31033121816779746,0.4514487556058787,0.8574407867803818,-0.7472676357309949,0.29505068544442364,-0.030973114004595653,0.28477418816169725,0.3866642506655439,1.0558626948072427,-0.6912404309545707,0.3302304045354838,-0.030086644382895506,0.23288524923706055,0.8182068405449036
0.645882177721434,0.5921773648339247,-0.8593428610620698,0.1155546417834499,0.1548032673578861,0.45698983765729506,0.6198756265629944,0.5876415756743726,-0.8074677015828644,0.19196302206936408,0.15531563053373232,0.4322675463562304,0.5973957970866519,0.680860099937937,-0.8061721418204699,0.21879582166077918,0.12017808924418348,0.4095933575214518,0.5675897461544201,0.6805683970140628,-0.8044341761384298,0.22437785707468744,0.07850181790103784,0.381884244555101,0.5359130754979744,0.6763818184441667,-0.751276612477411,0.23723402241268393,0.07957940712007724,0.3570513133549773,0.4951435457328636,0.8338218718104095,-0.749173378859289,0.3205719358291905,0.04482410502523097,0.333796124353544,0.46270897998127386,0.9201049656873304,-0.7485778361083162,0.3469347794902851,0.008543912526082921,0.31033121816779746,0.4514487556058787,0.8574407867803818,-0.7472676357309949,0.29505068544442364,-0.030973114004595653,0.28477418816169725,0.3866642506655439,1.0558626948072427,-0.6912404309545707,0.3302304045354838,-0.030086644382895506,0.23288524923706055,0.36288184849472443,1.0671269454659635,-0.6906406314773089,0.17777709971305664,-0.03192871199129195,0.23212519883359184,0.8181277156024248
0.6198756265629944,0.5876415756743726,-0.8074677015828644,0.19196302206936408,0.15531563053373232,0.4322675463562304,0.5973957970866519,0.680860099937937,-0.8061721418204699,0.21879582166077918,0.12017808924418348,0.4095933575214518,0.5675897461544201,0.6805683970140628,-0.8044341761384298,0.22437785707468744,0.07850181790103784,0.381884244555101,0.5359130754979744,0.6763818184441667,-0.751276612477411,0.23723402241268393,0.07957940712007724,0.3570513133549773,0.4951435457328636,0.8338218718104095,-0.749173378859289,0.3205719358291905,0.04482410502523097,0.333796124353544,0.46270897998127386,0.9201049656873304,-0.7485778361083162,0.3469347794902851,0.008543912526082921,0.31033121816779746,0.4514487556058787,0.8574407867803818,-0.7472676357309949,0.29505068544442364,-0.030973114004595653,0.28477418816169725,0.3866642506655439,1.0558626948072427,-0.6912404309545707,0.3302304045354838,-0.030086644382895506,0.23288524923706055,0.36288184849472443,1.0671269454659635,-0.6906406314773089,0.17777709971305664,-0.03192871199129195,0.23212519883359184,0.4305732662982714,1.1480566631200433,-0.7445678255420013,0.5016181983013863,-0.03523060801340633,0.2554850492439082,0.820559589609192
0.5973957970866519,0.680860099937937,-0.8061721418204699,0.21879582166077918,0.12017808924418348,0.4095933575214518,0.5675897461544201,0.6805683970140628,-0.8044341761384298,0.22437785707468744,0.07850181790103784,0.381884244555101,0.5359130754979744,0.6763818184441667,-0.751276612477411,0.23723402241268393,0.07957940712007724,0.3570513133549773,0.4951435457328636,0.8338218718104095,-0.749173378859289,0.3205719358291905,0.04482410502523097,0.333796124353544,0.46270897998127386,0.9201049656873304,-0.7485778361083162,0.3469347794902851,0.008543912526082921,0.31033121816779746,0.4514487556058787,0.8574407867803818,-0.7472676357309949,0.29505068544442364,-0.030973114004595653,0.28477418816169725,0.3866642506655439,1.0558626948072427,-0.6912404309545707,0.3302304045354838,-0.030086644382895506,0.23288524923706055,0.36288184849472443,1.0671269454659635,-0.6906406314773089,0.17777709971305664,-0.03192871199129195,0.23212519883359184,0.4305732662982714,1.1480566631200433,-0.7445678255420013,0.5016181983013863,-0.03523060801340633,0.2554850492439082,0.3518241959991867,0.8742755467322146,-0.6866128314381197,-0.08403550964983834,-0.10448909698958805,0.20962215650457058,0.8157850394828483
0.5675897461544201,0.6805683970140628,-0.8044341761384298,0.22437785707468744,0.07850181790103784,0.381884244555101,0.5359130754979744,0.6763818184441667,-0.751276612477411,0.23723402241268393,0.07957940712007724,0.3570513133549773,0.4951435457328636,0.8338218718104095,-0.749173378859289,0.3205719358291905,0.04482410502523097,0.333796124353544,0.46270897998127386,0.9201049656873304,-0.7485778361083162,0.3469347794902851,0.008543912526082921,0.31033121816779746,0.4514487556058787,0.8574407867803818,-0.7472676357309949,0.29505068544442364,-0.030973114004595653,0.28477418816169725,0.3866642506655439,1.0558626948072427,-0.6912404309545707,0.3302304045354838,-0.030086644382895506,0.23288524923706055,0.36288184849472443,1.0671269454659635,-0.6906406314773089,0.17777709971305664,-0.03192871199129195,0.23212519883359184,0.4305732662982714,1.1480566631200433,-0.7445678255420013,0.5016181983013863,-0.03523060801340633,0.2554850492439082,0.3518241959991867,0.8742755467322146,-0.6866128314381197,-0.08403550964983834,-0.10448909698958805,0.20962215650457058,0.2588625385189283,1.2012217320518168,-0.6841384013226194,0.09577353544690141,-0.14000481109937907,0.15988002263707182,0.810606641493618
0.5359130754979744,0.6763818184441667,-0.751276612477411,0.23723402241268393,0.07957940712007724,0.3570513133549773,0.4951435457328636,0.8338218718104095,-0.749173378859289,0.3205719358291905,0.04482410502523097,0.333796124353544,0.46270897998127386,0.9201049656873304,-0.7485778361083162,0.3469347794902851,0.008543912526082921,0.31033121816779746,0.4514487556058787,0.8574407867803818,-0.7472676357309949,0.29505068544442364,-0.030973114004595653,0.28477418816169725,0.3866642506655439,1.0558626948072427,-0.6912404309545707,0.3302304045354838,-0.030086644382895506,0.23288524923706055,0.36288184849472443,1.0671269454659635,-0.6906406314773089,0.17777709971305664,-0.03192871199129195,0.23212519883359184,0.4305732662982714,1.1480566631200433,-0.7445678255420013,0.5016181983013863,-0.03523060801340633,0.2554850492439082,0.3518241959991867,0.8742755467322146,-0.6866128314381197,-0.08403550964983834,-0.10448909698958805,0.20962215650457058,0.2588625385189283,1.2012217320518168,-0.6841384013226194,0.09577353544690141,-0.14000481109937907,0.15988002263707182,0.2679265194150721,1.0394668261587066,-0.6318372358325663,0.2660940245245784,-0.1372112118786986,0.13689376910256537,0.8082136607381061
0.4951435457328636,0.8338218718104095,-0.749173378859289,0.3205719358291905,0.04482410502523097,0.333796124353544,0.46270897998127386,0.9201049656873304,-0.7485778361083162,0.3469347794902851,0.008543912526082921,0.31033121816779746,0.4514487556058787,0.8574407867803818,-0.7472676357309949,0.29505068544442364,-0.030973114004595653,0.28477418816169725,0.3866642506655439,1.0558626948072427,-0.6912404309545707,0.3302304045354838,-0.030086644382895506,0.23288524923706055,0.36288184849472443,1.0671269454659635,-0.6906406314773089,0.17777709971305664,-0.03192871199129195,0.23212519883359184,0.4305732662982714,1.1480566631200433,-0.7445678255420013,0.5016181983013863,-0.03523060801340633,0.2554850492439082,0.3518241959991867,0.8742755467322146,-0.6866128314381197,-0.08403550964983834,-0.10448909698958805,0.20962215650457058,0.2588625385189283,1.2012217320518168,-0.6841384013226194,0.09577353544690141,-0.14000481109937907,0.15988002263707182,0.2679265194150721,1.0394668261587066,-0.6318372358325663,0.2660940245245784,-0.1372112118786986,0.13689376910256537,0.2592429851160024,1.2469146264862399,-0.6329992066470612,0.7017590947841015,-0.14311965389856648,0.13399375414729842,0.8079117550809605
0.46270897998127386,0.9201049656873304,-0.7485778361083162,0.3469347794902851,0.008543912526082921,0.31033121816779746,0.4514487556058787,0.8574407867803818,-0.7472676357309949,0.29505068544442364,-0.030973114004595653,0.28477418816169725,0.3866642506655439,1.0558626948072427,-0.6912404309545707,0.3302304045354838,-0.030086644382895506,0.23288524923706055,0.36288184849472443,1.0671269454659635,-0.6906406314773089,0.17777709971305664,-0.03192871199129195,0.23212519883359184,0.4305732662982714,1.1480566631200433,-0.7445678255420013,0.5016181983013863,-0.03523060801340633,0.2554850492439082,0.3518241959991867,0.8742755467322146,-0.6866128314381197,-0.08403550964983834,-0.10448909698958805,0.20962215650457058,0.2588625385189283,1.2012217320518168,-0.6841384013226194,0.09577353544690141,-0.14000481109937907,0.15988002263707182,0.2679265194150721,1.0394668261587066,-0.6318372358325663,0.2660940245245784,-0.1372112118786986,0.13689376910256537,0.2592429851160024,1.2469146264862399,-0.6329992066470612,0.7017590947841015,-0.14311965389856648,0.13399375414729842,0.31092532336895556,0.9893378669204457,-0.6312297410492411,0.6795016493360422,-0.1748251751848092,0.13831953738827435,0.808362090148945
0.4514487556058787,0.8574407867803818,-0.7472676357309949,0.29505068544442364,-0.030973114004595653,0.28477418816169725,0.3866642506655439,1.0558626948072427,-0.6912404309545707,0.3302304045354838,-0.030086644382895506,0.23288524923706055,0.36288184849472443,1.0671269454659635,-0.6906406314773089,0.17777709971305664,-0.03192871199129195,0.23212519883359184,0.4305732662982714,1.1480566631200433,-0.7445678255420013,0.5016181983013863,-0.03523060801340633,0.2554850492439082,0.3518241959991867,0.8742755467322146,-0.6866128314381197,-0.08403550964983834,-0.10448909698958805,0.20962215650457058,0.2588625385189283,1.2012217320518168,-0.6841384013226194,0.09577353544690141,-0.14000481109937907,0.15988002263707182,0.2679265194150721,1.0394668261587066,-0.6318372358325663,0.2660940245245784,-0.1372112118786986,0.13689376910256537,0.2592429851160024,1.2469146264862399,-0.6329992066470612,0.7017590947841015,-0.14311965389856648,0.13399375414729842,0.31092532336895556,0.9893378669204457,-0.6312297410492411,0.6795016493360422,-0.1748251751848092,0.13831953738827435,0.2774106237507313,0.9500535286074994,-0.5765539670520803,0.6133791270824611,-0.1785093104016021,0.11018159164780195,0.8054327931865013
0.3866642506655439,1.0558626948072427,-0.6912404309545707,0.3302304045354838,-0.030086644382895506,0.23288524923706055,0.36288184849472443,1.0671269454659635,-0.6906406314773089,0.17777709971305664,-0.03192871199129195,0.23212519883359184,0.4305732662982714,1.1480566631200433,-0.7445678255420013,0.5016181983013863,-0.03523060801340633,0.2554850492439082,0.3518241959991867,0.8742755467322146,-0.6866128314381197,-0.08403550964983834,-0.10448909698958805,0.20962215650457058,0.2588625385189283,1.2012217320518168,-0.6841384013226194,0.09577353544690141,-0.14000481109937907,0.15988002263707182,0.2679265194150721,1.0394668261587066,-0.6318372358325663,0.2660940245245784,-0.1372112118786986,0.13689376910256537,0.2592429851160024,1.2469146264862399,-0.6329992066470612,0.7017590947841015,-0.14311965389856648,0.13399375414729842,0.31092532336895556,0.9893378669204457,-0.6312297410492411,0.6795016493360422,-0.1748251751848092,0.13831953738827435,0.2774106237507313,0.9500535286074994,-0.5765539670520803,0.6133791270824611,-0.1785093104016021,0.11018159164780195,0.20389029879372325,1.265480133523809,-0.6261622303511438,0.44864270360912306,-0.2534200598097286,0.06116731540994912,0.8003301687154688
0.36288184849472443,1.0671269454659635,-0.6906406314773089,0.17777709971305664,-0.03192871199129195,0.23212519883359184,0.4305732662982714,1.1480566631200433,-0.7445678255420013,0.5016181983013863,-0.03523060801340633,0.2554850492439082,0.3518241959991867,0.8742755467322146,-0.6866128314381197,-0.08403550964983834,-0.10448909698958805,0.20962215650457058,0.2588625385189283,1.2012217320518168,-0.6841384013226194,0.09577353544690141,-0.14000481109937907,0.15988002263707182,0.2679265194150721,1.0394668261587066,-0.6318372358325663,0.2660940245245784,-0.1372112118786986,0.13689376910256537,0.2592429851160024,1.2469146264862399,-0.6329992066470612,0.7017590947841015,-0.14311965389856648,0.13399375414729842,0.31092532336895556,0.9893378669204457,-0.6312297410492411,0.6795016493360422,-0.1748251751848092,0.13831953738827435,0.2774106237507313,0.9500535286074994,-0.5765539670520803,0.6133791270824611,-0.1785093104016021,0.11018159164780195,0.20389029879372325,1.265480133523809,-0.6261622303511438,0.44864270360912306,-0.2534200598097286,0.06116731540994912,0.09694824998554735,1.6180048807591338,-0.624867176035884,0.4922459535449784,-0.2902044827358983,0.0383879339646231,0.7979587243502833
0.4305732662982714,1.1480566631200433,-0.7445678255420013,0.5016181983013863,-0.03523060801340633,0.2554850492439082,0.3518241959991867,0.8742755467322146,-0.6866128314381197,-0.08403550964983834,-0.10448909698958805,0.20962215650457058,0.2588625385189283,1.2012217320518168,-0.6841384013226194,0.09577353544690141,-0.14000481109937907,0.15988002263707182,0.2679265194150721,1.0394668261587066,-0.6318372358325663,0.2660940245245784,-0.1372112118786986,0.13689376910256537,0.2592429851160024,1.2469146264862399,-0.6329992066470612,0.7017590947841015,-0.14311965389856648,0.13399375414729842,0.31092532336895556,0.9893378669204457,-0.6312297410492411,0.6795016493360422,-0.1748251751848092,0.13831953738827435,0.2774106237507313,0.9500535286074994,-0.5765539670520803,0.6133791270824611,-0.1785093104016021,0.11018159164780195,0.20389029879372325,1.265480133523809,-0.6261622303511438,0.44864270360912306,-0.2534200598097286,0.06116731540994912,0.09694824998554735,1.6180048807591338,-0.624867176035884,0.4922459535449784,-0.2902044827358983,0.0383879339646231,0.1940265835734967,0.9585849199425721,-0.5721915364167672,0.5903074227512941,-0.2875410074963855,0.03983120587074296,0.7981089759731121
0.3518241959991867,0.8742755467322146,-0.6866128314381197,-0.08403550964983834,-0.10448909698958805,0.20962215650457058,0.2588625385189283,1.2012217320518168,-0.6841384013226194,0.09577353544690141,-0.14000481109937907,0.15988002263707182,0.2679265194150721,1.0394668261587066,-0.6318372358325663,0.2660940245245784,-0.1372112118786986,0.13689376910256537,0.2592429851160024,1.2469146264862399,-0.6329992066470612,0.7017590947841015,-0.14311965389856648,0.13399375414729842,0.31092532336895556,0.9893378669204457,-0.6312297410492411,0.6795016493360422,-0.1748251751848092,0.13831953738827435,0.2774106237507313,0.9500535286074994,-0.5765539670520803,0.6133791270824611,-0.1785093104016021,0.11018159164780195,0.20389029879372325,1.265480133523809,-0.6261622303511438,0.44864270360912306,-0.2534200598097286,0.06116731540994912,0.09694824998554735,1.6180048807591338,-0.624867176035884,0.4922459535449784,-0.2902044827358983,0.0383879339646231,0.1940265835734967,0.9585849199425721,-0.5721915364167672,0.5903074227512941,-0.2875410074963855,0.03983120587074296,0.19990446468090062,1.0957452858859231,-0.5679417436857658,0.8575927210190403,-0.2884925391086695,0.03785511909469225,0.7979032557316986
0.2588625385189283,1.2012217320518168,-0.6841384013226194,0.09577353544690141,-0.14000481109937907,0.15988002263707182,0.2679265194150721,1.0394668261587066,-0.6318372358325663,0.2660940245245784,-0.1372112118786986,0.13689376910256537,0.2592429851160024,1.2469146264862399,-0.6329992066470612,0.7017590947841015,-0.14311965389856648,0.13399375414729842,0.31092532336895556,0.9893378669204457,-0.6312297410492411,0.6795016493360422,-0.1748251751848092,0.13831953738827435,0.2774106237507313,0.9500535286074994,-0.5765539670520803,0.6133791270824611,-0.1785093104016021,0.11018159164780195,0.20389029879372325,1.265480133523809,-0.6261622303511438,0.44864270360912306,-0.2534200598097286,0.06116731540994912,0.09694824998554735,1.6180048807591338,-0.624867176035884,0.4922459535449784,-0.2902044827358983,0.0383879339646231,0.1940265835734967,0.9585849199425721,-0.5721915364167672,0.5903074227512941,-0.2875410074963855,0.03983120587074296,0.19990446468090062,1.0957452858859231,-0.5679417436857658,0.8575927210190403,-0.2884925391086695,0.03785511909469225,0.11518183531094509,1.7211991369951292,-0.6199829785715544,1.143561276382259,-0.32610650241478006,0.013092926393306661,0.7953253910740352
0.2679265194150721,1.0394668261587066,-0.6318372358325663,0.2660940245245784,-0.1372112118786986,0.13689376910256537,0.2592429851160024,1.2469146264862399,-0.6329992066470612,0.7017590947841015,-0.14311965389856648,0.13399375414729842,0.31092532336895556,0.9893378669204457,-0.6312297410492411,0.6795016493360422,-0.1748251751848092,0.13831953738827435,0.2774106237507313,0.9500535286074994,-0.5765539670520803,0.6133791270824611,-0.1785093104016021,0.11018159164780195,0.20389029879372325,1.265480133523809,-0.6261622303511438,0.44864270360912306,-0.2534200598097286,0.06116731540994912,0.09694824998554735,1.6180048807591338,-0.624867176035884,0.4922459535449784,-0.2902044827358983,0.0383879339646231,0.1940265835734967,0.9585849199425721,-0.5721915364167672,0.5903074227512941,-0.2875410074963855,0.03983120587074296,0.19990446468090062,1.0957452858859231,-0.5679417436857658,0.8575927210190403,-0.2884925391086695,0.03785511909469225,0.11518183531094509,1.7211991369951292,-0.6199829785715544,1.143561276382259,-0.32610650241478006,0.013092926393306661,0.5663355583268341,1.518753602876272,-0.9166427993353519,0.8139753603008579,0.19394618744271075,0.48459028017581096,0.8444105580927753
0.2592429851160024,1.2469146264862399,-0.6329992066470612,0.7017590947841015,-0.14311965389856648,0.13399375414729842,0.31092532336895556,0.9893378669204457,-0.6312297410492411,0.6795016493360422,-0.1748251751848092,0.13831953738827435,0.2774106237507313,0.9500535286074994,-0.5765539670520803,0.6133791270824611,-0.1785093104016021,0.11018159164780195,0.20389029879372325,1.265480133523809,-0.6261622303511438,0.44864270360912306,-0.2534200598097286,0.06116731540994912,0.09694824998554735,1.6180048807591338,-0.624867176035884,0.4922459535449784,-0.2902044827358983,0.0383879339646231,0.1940265835734967,0.9585849199425721,-0.5721915364167672,0.5903074227512941,-0.2875410074963855,0.03983120587074296,0.19990446468090062,1.0957452858859231,-0.5679417436857658,0.8575927210190403,-0.2884925391086695,0.03785511909469225,0.11518183531094509,1.7211991369951292,-0.6199829785715544,1.143561276382259,-0.32610650241478006,0.013092926393306661,0.5663355583268341,1.518753602876272,-0.9166427993353519,0.8139753603008579,0.19394618744271075,0.48459028017581096,0.3984485306736338,1.3191599586470983,-0.7952039042056529,1.069765858672538,-0.18943972481963767,0.18284026141670554,0.8129969139866602
0.31092532336895556,0.9893378669204457,-0.6312297410492411,0.6795016493360422,-0.1748251751848092,0.13831953738827435,0.2774106237507313,0.9500535286074994,-0.5765539670520803,0.6133791270824611,-0.1785093104016021,0.11018159164780195,0.20389029879372325,1.265480133523809,-0.6261622303511438,0.44864270360912306,-0.2534200598097286,0.06116731540994912,0.09694824998554735,1.6180048807591338,-0.624867176035884,0.4922459535449784,-0.2902044827358983,0.0383879339646231,0.1940265835734967,0.9585849199425721,-0.5721915364167672,0.5903074227512941,-0.2875410074963855,0.03983120587074296,0.19990446468090062,1.0957452858859231,-0.5679417436857658,0.8575927210190403,-0.2884925391086695,0.03785511909469225,0.11518183531094509,1.7211991369951292,-0.6199829785715544,1.143561276382259,-0.32610650241478006,0.013092926393306661,0.5663355583268341,1.518753602876272,-0.9166427993353519,0.8139753603008579,0.19394618744271075,0.48459028017581096,0.3984485306736338,1.3191599586470983,-0.7952039042056529,1.069765858672538,-0.18943972481963767,0.18284026141670554,0.300698916421283,1.5580135722876716,-0.7377670716391943,1.1388210538305485,-0.22469925734150556,0.13360893119581538,0.8078716931406449
0.2774106237507313,0.9500535286074994,-0.5765539670520803,0.6133791270824611,-0.1785093104016021,0.11018159164780195,0.20389029879372325,1.265480133523809,-0.6261622303511438,0.44864270360912306,-0.2534200598097286,0.06116731540994912,0.09694824998554735,1.6180048807591338,-0.624867176035884,0.4922459535449784,-0.2902044827358983,0.0383879339646231,0.1940265835734967,0.9585849199425721,-0.5721915364167672,0.5903074227512941,-0.2875410074963855,0.03983120587074296,0.19990446468090062,1.0957452858859231,-0.5679417436857658,0.8575927210190403,-0.2884925391086695,0.03785511909469225,0.11518183531094509,1.7211991369951292,-0.6199829785715544,1.143561276382259,-0.32610650241478006,0.013092926393306661,0.5663355583268341,1.518753602876272,-0.9166427993353519,0.8139753603008579,0.19394618744271075,0.48459028017581096,0.3984485306736338,1.3191599586470983,-0.7952039042056529,1.069765858672538,-0.18943972481963767,0.18284026141670554,0.300698916421283,1.5580135722876716,-0.7377670716391943,1.1388210538305485,-0.22469925734150556,0.13360893119581538,0.24012718861549878,1.5026184260708886,-0.6807272642585729,1.0125960023245877,-0.25831190822672856,0.08519279774812237,0.8028313382423269
0.20389029879372325,1.265480133523809,-0.6261622303511438,0.44864270360912306,-0.2534200598097286,0.06116731540994912,0.09694824998554735,1.6180048807591338,-0.624867176035884,0.4922459535449784,-0.2902044827358983,0.0383879339646231,0.1940265835734967,0.9585849199425721,-0.5721915364167672,0.5903074227512941,-0.2875410074963855,0.03983120587074296,0.19990446468090062,1.0957452858859231,-0.5679417436857658,0.8575927210190403,-0.2884925391086695,0.03785511909469225,0.11518183531094509,1.7211991369951292,-0.6199829785715544,1.143561276382259,-0.32610650241478006,0.013092926393306661,0.5663355583268341,1.518753602876272,-0.9166427993353519,0.8139753603008579,0.19394618744271075,0.48459028017581096,0.3984485306736338,1.3191599586470983,-0.7952039042056529,1.069765858672538,-0.18943972481963767,0.18284026141670554,0.300698916421283,1.5580135722876716,-0.7377670716391943,1.1388210538305485,-0.22469925734150556,0.13360893119581538,0.24012718861549878,1.5026184260708886,-0.6807272642585729,1.0125960023245877,-0.25831190822672856,0.08519279774812237,0.22477804159842324,1.1629688696013571,-0.625619998560729,0.7616575794746941,-0.2971986467236301,0.03386001601401783,0.7974873460762174
0.09694824998554735,1.6180048807591338,-0.624867176035884,0.4922459535449784,-0.2902044827358983,0.0383879339646231,0.1940265835734967,0.9585849199425721,-0.5721915364167672,0.5903074227512941,-0.2875410074963855,0.03983120587074296,0.19990446468090062,1.0957452858859231,-0.5679417436857658,0.8575927210190403,-0.2884925391086695,0.03785511909469225,0.11518183531094509,1.7211991369951292,-0.6199829785715544,1.143561276382259,-0.32610650241478006,0.013092926393306661,0.5663355583268341,1.518753602876272,-0.9166427993353519,0.8139753603008579,0.19394618744271075,0.48459028017581096,0.3984485306736338,1.3191599586470983,-0.7952039042056529,1.069765858672538,-0.18943972481963767,0.18284026141670554,0.300698916421283,1.5580135722876716,-0.7377670716391943,1.1388210538305485,-0.22469925734150556,0.13360893119581538,0.24012718861549878,1.5026184260708886,-0.6807272642585729,1.0125960023245877,-0.25831190822672856,0.08519279774812237,0.22477804159842324,1.1629688696013571,-0.625619998560729,0.7616575794746941,-0.2971986467236301,0.03386001601401783,0.17112923902306032,1.3686185786101164,-0.6231751753370914,0.7915443856650611,-0.3306161116371016,0.011937657292936357,0.7952051219435972
0.1940265835734967,0.9585849199425721,-0.5721915364167672,0.5903074227512941,-0.2875410074963855,0.03983120587074296,0.19990446468090062,1.0957452858859231,-0.5679417436857658,0.8575927210190403,-0.2884925391086695,0.03785511909469225,0.11518183531094509,1.7211991369951292,-0.6199829785715544,1.143561276382259,-0.32610650241478006,0.013092926393306661,0.5663355583268341,1.518753602876272,-0.9166427993353519,0.8139753603008579,0.19394618744271075,0.48459028017581096,0.3984485306736338,1.3191599586470983,-0.7952039042056529,1.069765858672538,-0.18943972481963767,0.18284026141670554,0.300698916421283,1.5580135722876716,-0.7377670716391943,1.1388210538305485,-0.22469925734150556,0.13360893119581538,0.24012718861549878,1.5026184260708886,-0.6807272642585729,1.0125960023245877,-0.25831190822672856,0.08519279774812237,0.22477804159842324,1.1629688696013571,-0.625619998560729,0.7616575794746941,-0.2971986467236301,0.03386001601401783,0.17112923902306032,1.3686185786101164,-0.6231751753370914,0.7915443856650611,-0.3306161116371016,0.011937657292936357,0.1652845734714449,1.317370831288495,-0.6200807540851108,0.8229605587658392,-0.36721754771475656,-0.012357738157365855,0.7926758531494089
0.19990446468090062,1.0957452858859231,-0.5679417436857658,0.8575927210190403,-0.2884925391086695,0.03785511909469225,0.11518183531094509,1.7211991369951292,-0.6199829785715544,1.143561276382259,-0.32610650241478006,0.013092926393306661,0.5663355583268341,1.518753602876272,-0.9166427993353519,0.8139753603008579,0.19394618744271075,0.48459028017581096,0.3984485306736338,1.3191599586470983,-0.7952039042056529,1.069765858672538,-0.18943972481963767,0.18284026141670554,0.300698916421283,1.5580135722876716,-0.7377670716391943,1.1388210538305485,-0.22469925734150556,0.13360893119581538,0.24012718861549878,1.5026184260708886,-0.6807272642585729,1.0125960023245877,-0.25831190822672856,0.08519279774812237,0.22477804159842324,1.1629688696013571,-0.625619998560729,0.7616575794746941,-0.2971986467236301,0.03386001601401783,0.17112923902306032,1.3686185786101164,-0.6231751753370914,0.7915443856650611,-0.3306161116371016,0.011937657292936357,0.1652845734714449,1.317370831288495,-0.6200807540851108,0.8229605587658392,-0.36721754771475656,-0.012357738157365855,0.14400700361408092,1.2472787936562897,-0.5672405920557265,0.8123935359385458,-0.36791289773911745,-0.038187423071252974,0.7899868573621188
0.11518183531094509,1.7211991369951292,-0.6199829785715544,1.143561276382259,-0.32610650241478006,0.013092926393306661,0.5663355583268341,1.518753602876272,-0.9166427993353519,0.8139753603008579,0.19394618744271075,0.48459028017581096,0.3984485306736338,1.3191599586470983,-0.7952039042056529,1.069765858672538,-0.18943972481963767,0.18284026141670554,0.300698916421283,1.5580135722876716,-0.7377670716391943,1.1388210538305485,-0.22469925734150556,0.13360893119581538,0.24012718861549878,1.5026184260708886,-0.6807272642585729,1.0125960023245877,-0.25831190822672856,0.08519279774812237,0.22477804159842324,1.1629688696013571,-0.625619998560729,0.7616575794746941,-0.2971986467236301,0.03386001601401783,0.17112923902306032,1.3686185786101164,-0.6231751753370914,0.7915443856650611,-0.3306161116371016,0.011937657292936357,0.1652845734714449,1.317370831288495,-0.6200807540851108,0.8229605587658392,-0.36721754771475656,-0.012357738157365855,0.14400700361408092,1.2472787936562897,-0.5672405920557265,0.8123935359385458,-0.36791289773911745,-0.038187423071252974,0.13449840785887343,1.2406713699146488,-0.5638608502931403,0.8423862014778416,-0.4031764966353977,-0.06102578094575997,0.7876092732639034
0.5663355583268341,1.518753602876272,-0.9166427993353519,0.8139753603008579,0.19394618744271075,0.48459028017581096,0.3984485306736338,1.3191599586470983,-0.7952039042056529,1.069765858672538,-0.18943972481963767,0.18284026141670554,0.300698916421283,1.5580135722876716,-0.7377670716391943,1.1388210538305485,-0.22469925734150556,0.13360893119581538,0.24012718861549878,1.5026184260708886,-0.6807272642585729,1.0125960023245877,-0.25831190822672856,0.08519279774812237,0.22477804159842324,1.1629688696013571,-0.625619998560729,0.7616575794746941,-0.2971986467236301,0.03386001601401783,0.17112923902306032,1.3686185786101164,-0.6231751753370914,0.7915443856650611,-0.3306161116371016,0.011937657292936357,0.1652845734714449,1.317370831288495,-0.6200807540851108,0.8229605587658392,-0.36721754771475656,-0.012357738157365855,0.14400700361408092,1.2472787936562897,-0.5672405920557265,0.8123935359385458,-0.36791289773911745,-0.038187423071252974,0.13449840785887343,1.2406713699146488,-0.5638608502931403,0.8423862014778416,-0.4031764966353977,-0.06102578094575997,0.11315725695165815,1.2305609195213272,-0.5609238443239049,0.8453770319856201,-0.44129875674294217,-0.08705752320591584,0.784899242324434
0.3984485306736338,1.3191599586470983,-0.7952039042056529,1.069765858672538,-0.18943972481963767,0.18284026141670554,0.300698916421283,1.5580135722876716,-0.7377670716391943,1.1388210538305485,-0.22469925734150556,0.13360893119581538,0.24012718861549878,1.5026184260708886,-0.6807272642585729,1.0125960023245877,-0.25831190822672856,0.08519279774812237,0.22477804159842324,1.1629688696013571,-0.625619998560729,0.7616575794746941,-0.2971986467236301,0.03386001601401783,0.17112923902306032,1.3686185786101164,-0.6231751753370914,0.7915443856650611,-0.3306161116371016,0.011937657292936357,0.1652845734714449,1.317370831288495,-0.6200807540851108,0.8229605587658392,-0.36721754771475656,-0.012357738157365855,0.14400700361408092,1.2472787936562897,-0.5672405920557265,0.8123935359385458,-0.36791289773911745,-0.038187423071252974,0.13449840785887343,1.2406713699146488,-0.5638608502931403,0.8423862014778416,-0.4031764966353977,-0.06102578094575997,0.11315725695165815,1.2305609195213272,-0.5609238443239049,0.8453770319856201,-0.44129875674294217,-0.08705752320591584,0.11999859495270267,1.0386173410678181,-0.5067327172993109,0.8184802696744257,-0.4382489759343386,-0.08485756377695113,0.7851282687975178
0.300698916421283,1.5580135722876716,-0.7377670716391943,1.1388210538305485,-0.22469925734150556,0.13360893119581538,0.24012718861549878,1.5026184260708886,-0.6807272642585729,1.0125960023245877,-0.25831190822672856,0.08519279774812237,0.22477804159842324,1.1629688696013571,-0.625619998560729,0.7616575794746941,-0.2971986467236301,0.03386001601401783,0.17112923902306032,1.3686185786101164,-0.6231751753370914,0.7915443856650611,-0.3306161116371016,0.011937657292936357,0.1652845734714449,1.317370831288495,-0.6200807540851108,0.8229605587658392,-0.36721754771475656,-0.012357738157365855,0.14400700361408092,1.2472787936562897,-0.5672405920557265,0.8123935359385458,-0.36791289773911745,-0.038187423071252974,0.13449840785887343,1.2406713699146488,-0.5638608502931403,0.8423862014778416,-0.4031764966353977,-0.06102578094575997,0.11315725695165815,1.2305609195213272,-0.5609238443239049,0.8453770319856201,-0.44129875674294217,-0.08705752320591584,0.11999859495270267,1.0386173410678181,-0.5067327172993109,0.8184802696744257,-0.4382489759343386,-0.08485756377695113,0.014200846792953524,1.7379532003732054,-0.5598061225434873,1.0950034888479598,-0.47681853722714546,-0.10890381667181238,0.782624936954719
0.24012718861549878,1.5026184260708886,-0.6807272642585729,1.0125960023245877,-0.25831190822672856,0.08519279774812237,0.22477804159842324,1.1629688696013571,-0.625619998560729,0.7616575794746941,-0.2971986467236301,0.03386001601401783,0.17112923902306032,1.3686185786101164,-0.6231751753370914,0.7915443856650611,-0.3306161116371016,0.011937657292936357,0.1652845734714449,1.317370831288495,-0.6200807540851108,0.8229605587658392,-0.36721754771475656,-0.012357738157365855,0.14400700361408092,1.2472787936562897,-0.5672405920557265,0.8123935359385458,-0.36791289773911745,-0.038187423071252974,0.13449840785887343,1.2406713699146488,-0.5638608502931403,0.8423862014778416,-0.4031764966353977,-0.06102578094575997,0.11315725695165815,1.2305609195213272,-0.5609238443239049,0.8453770319856201,-0.44129875674294217,-0.08705752320591584,0.11999859495270267,1.0386173410678181,-0.5067327172993109,0.8184802696744257,-0.4382489759343386,-0.08485756377695113,0.014200846792953524,1.7379532003732054,-0.5598061225434873,1.0950034888479598,-0.47681853722714546,-0.10890381667181238,0.03567018063603525,1.4802314914126005,-0.5561775776565311,1.0013887090117195,-0.5159533245631456,-0.13587633376856217,0.7798169667805736
0.22477804159842324,1.1629688696013571,-0.625619998560729,0.7616575794746941,-0.2971986467236301,0.03386001601401783,0.17112923902306032,1.3686185786101164,-0.6231751753370914,0.7915443856650611,-0.3306161116371016,0.011937657292936357,0.1652845734714449,1.317370831288495,-0.6200807540851108,0.8229605587658392,-0.36721754771475656,-0.012357738157365855,0.14400700361408092,1.2472787936562897,-0.5672405920557265,0.8123935359385458,-0.36791289773911745,-0.038187423071252974,0.13449840785887343,1.2406713699146488,-0.5638608502931403,0.8423862014778416,-0.4031764966353977,-0.06102578094575997,0.11315725695165815,1.2305609195213272,-0.5609238443239049,0.8453770319856201,-0.44129875674294217,-0.08705752320591584,0.11999859495270267,1.0386173410678181,-0.5067327172993109,0.8184802696744257,-0.4382489759343386,-0.08485756377695113,0.014200846792953524,1.7379532003732054,-0.5598061225434873,1.0950034888479598,-0.47681853722714546,-0.10890381667181238,0.03567018063603525,1.4802314914126005,-0.5561775776565311,1.0013887090117195,-0.5159533245631456,-0.13587633376856217,0.020757766124004182,1.4419600170587057,-0.5588977320836515,0.98405026622607,-0.4778961264461849,-0.1101901186019108,0.7824910266696052
0.17112923902306032,1.3686185786101164,-0.6231751753370914,0.7915443856650611,-0.3306161116371016,0.011937657292936357,0.1652845734714449,1.317370831288495,-0.6200807540851108,0.8229605587658392,-0.36721754771475656,-0.012357738157365855,0.14400700361408092,1.2472787936562897,-0.5672405920557265,0.8123935359385458,-0.36791289773911745,-0.038187423071252974,0.13449840785887343,1.2406713699146488,-0.5638608502931403,0.8423862014778416,-0.4031764966353977,-0.06102578094575997,0.11315725695165815,1.2305609195213272,-0.5609238443239049,0.8453770319856201,-0.44129875674294217,-0.08705752320591584,0.11999859495270267,1.0386173410678181,-0.5067327172993109,0.8184802696744257,-0.4382489759343386,-0.08485756377695113,0.014200846792953524,1.7379532003732054,-0.5598061225434873,1.0950034888479598,-0.47681853722714546,-0.10890381667181238,0.03567018063603525,1.4802314914126005,-0.5561775776565311,1.0013887090117195,-0.5159533245631456,-0.13587633376856217,0.020757766124004182,1.4419600170587057,-0.5588977320836515,0.98405026622607,-0.4778961264461849,-0.1101901186019108,0.16663073854215824,1.6066446765410554,-0.6155788383012241,1.5586852524486372,-0.4449178299691512,-0.06217388623404473,0.787489749921135
0.1652845734714449,1.317370831288495,-0.6200807540851108,0.8229605587658392,-0.36721754771475656,-0.012357738157365855,0.14400700361408092,1.2472787936562897,-0.5672405920557265,0.8123935359385458,-0.36791289773911745,-0.038187423071252974,0.13449840785887343,1.2406713699146488,-0.5638608502931403,0.8423862014778416,-0.4031764966353977,-0.06102578094575997,0.11315725695165815,1.2305609195213272,-0.5609238443239049,0.8453770319856201,-0.44129875674294217,-0.08705752320591584,0.11999859495270267,1.0386173410678181,-0.5067327172993109,0.8184802696744257,-0.4382489759343386,-0.08485756377695113,0.014200846792953524,1.7379532003732054,-0.5598061225434873,1.0950034888479598,-0.47681853722714546,-0.10890381667181238,0.03567018063603525,1.4802314914126005,-0.5561775776565311,1.0013887090117195,-0.5159533245631456,-0.13587633376856217,0.020757766124004182,1.4419600170587057,-0.5588977320836515,0.98405026622607,-0.4778961264461849,-0.1101901186019108,0.16663073854215824,1.6066446765410554,-0.6155788383012241,1.5586852524486372,-0.4449178299691512,-0.06217388623404473,0.06243985550751489,1.8100848655887514,-0.612989357836454,1.5630575889192424,-0.5178604541621018,-0.10875376139118902,0.7826405584390229
0.14400700361408092,1.2472787936562897,-0.5672405920557265,0.8123935359385458,-0.36791289773911745,-0.038187423071252974,0.13449840785887343,1.2406713699146488,-0.5638608502931403,0.8423862014778416,-0.4031764966353977,-0.06102578094575997,0.11315725695165815,1.2305609195213272,-0.5609238443239049,0.8453770319856201,-0.44129875674294217,-0.08705752320591584,0.11999859495270267,1.0386173410678181,-0.5067327172993109,0.8184802696744257,-0.4382489759343386,-0.08485756377695113,0.014200846792953524,1.7379532003732054,-0.5598061225434873,1.0950034888479598,-0.47681853722714546,-0.10890381667181238,0.03567018063603525,1.4802314914126005,-0.5561775776565311,1.0013887090117195,-0.5159533245631456,-0.13587633376856217,0.020757766124004182,1.4419600170587057,-0.5588977320836515,0.98405026622607,-0.4778961264461849,-0.1101901186019108,0.16663073854215824,1.6066446765410554,-0.6155788383012241,1.5586852524486372,-0.4449178299691512,-0.06217388623404473,0.06243985550751489,1.8100848655887514,-0.612989357836454,1.5630575889192424,-0.5178604541621018,-0.10875376139118902,0.11424777167609178,1.132291378343861,-0.554851524379265,1.2080977250411133,-0.5563649534643489,-0.13529248059172447,0.779877748735063
0.13449840785887343,1.2406713699146488,-0.5638608502931403,0.8423862014778416,-0.4031764966353977,-0.06102578094575997,0.11315725695165815,1.2305609195213272,-0.5609238443239049,0.8453770319856201,-0.44129875674294217,-0.08705752320591584,0.11999859495270267,1.0386173410678181,-0.5067327172993109,0.8184802696744257,-0.4382489759343386,-0.08485756377695113,0.014200846792953524,1.7379532003732054,-0.5598061225434873,1.0950034888479598,-0.47681853722714546,-0.10890381667181238,0.03567018063603525,1.4802314914126005,-0.5561775776565311,1.0013887090117195,-0.5159533245631456,-0.13587633376856217,0.020757766124004182,1.4419600170587057,-0.5588977320836515,0.98405026622607,-0.4778961264461849,-0.1101901186019108,0.16663073854215824,1.6066446765410554,-0.6155788383012241,1.5586852524486372,-0.4449178299691512,-0.06217388623404473,0.06243985550751489,1.8100848655887514,-0.612989357836454,1.5630575889192424,-0.5178604541621018,-0.10875376139118902,0.11424777167609178,1.132291378343861,-0.554851524379265,1.2080977250411133,-0.5563649534643489,-0.13529248059172447,-0.019458030211243187,1.8447146179438416,-0.6625674365669606,1.3422080730725199,-0.6711790349722447,-0.18263806847406366,0.7749488428352495
0.11315725695165815,1.2305609195213272,-0.5609238443239049,0.8453770319856201,-0.44129875674294217,-0.08705752320591584,0.11999859495270267,1.0386173410678181,-0.5067327172993109,0.8184802696744257,-0.4382489759343386,-0.08485756377695113,0.014200846792953524,1.7379532003732054,-0.5598061225434873,1.0950034888479598,-0.47681853722714546,-0.10890381667181238,0.03567018063603525,1.4802314914126005,-0.5561775776565311,1.0013887090117195,-0.5159533245631456,-0.13587633376856217,0.020757766124004182,1.4419600170587057,-0.5588977320836515,0.98405026622607,-0.4778961264461849,-0.1101901186019108,0.16663073854215824,1.6066446765410554,-0.6155788383012241,1.5586852524486372,-0.4449178299691512,-0.06217388623404473,0.06243985550751489,1.8100848655887514,-0.612989357836454,1.5630575889192424,-0.5178604541621018,-0.10875376139118902,0.11424777167609178,1.132291378343861,-0.554851524379265,1.2080977250411133,-0.5563649534643489,-0.13529248059172447,-0.019458030211243187,1.8447146179438416,-0.6625674365669606,1.3422080730725199,-0.6711790349722447,-0.18263806847406366,0.015512019962859253,1.227485329949353,-0.49642855508658945,1.1671779824736224,-0.5942960939745541,-0.21155378101508737,0.771938576567251
0.11999859495270267,1.0386173410678181,-0.5067327172993109,0.8184802696744257,-0.4382489759343386,-0.08485756377695113,0.014200846792953524,1.7379532003732054,-0.5598061225434873,1.0950034888479598,-0.47681853722714546,-0.10890381667181238,0.03567018063603525,1.4802314914126005,-0.5561775776565311,1.0013887090117195,-0.5159533245631456,-0.13587633376856217,0.020757766124004182,1.4419600170587057,-0.5588977320836515,0.98405026622607,-0.4778961264461849,-0.1101901186019108,0.16663073854215824,1.6066446765410554,-0.6155788383012241,1.5586852524486372,-0.4449178299691512,-0.06217388623404473,0.06243985550751489,1.8100848655887514,-0.612989357836454,1.5630575889192424,-0.5178604541621018,-0.10875376139118902,0.11424777167609178,1.132291378343861,-0.554851524379265,1.2080977250411133,-0.5563649534643489,-0.13529248059172447,-0.019458030211243187,1.8447146179438416,-0.6625674365669606,1.3422080730725199,-0.6711790349722447,-0.18263806847406366,0.015512019962859253,1.227485329949353,-0.49642855508658945,1.1671779824736224,-0.5942960939745541,-0.21155378101508737,-0.005069472373722111,1.6222194699163273,-0.5512469427885367,1.5222285958499517,-0.6271442664704201,-0.20607086834919827,0.7725093744345036
0.014200846792953524,1.7379532003732054,-0.5598061225434873,1.0950034888479598,-0.47681853722714546,-0.10890381667181238,0.03567018063603525,1.4802314914126005,-0.5561775776565311,1.0013887090117195,-0.5159533245631456,-0.13587633376856217,0.020757766124004182,1.4419600170587057,-0.5588977320836515,0.98405026622607,-0.4778961264461849,-0.1101901186019108,0.16663073854215824,1.6066446765410554,-0.6155788383012241,1.5586852524486372,-0.4449178299691512,-0.06217388623404473,0.06243985550751489,1.8100848655887514,-0.612989357836454,1.5630575889192424,-0.5178604541621018,-0.10875376139118902,0.11424777167609178,1.132291378343861,-0.554851524379265,1.2080977250411133,-0.5563649534643489,-0.13529248059172447,-0.019458030211243187,1.8447146179438416,-0.6625674365669606,1.3422080730725199,-0.6711790349722447,-0.18263806847406366,0.015512019962859253,1.227485329949353,-0.49642855508658945,1.1671779824736224,-0.5942960939745541,-0.21155378101508737,-0.005069472373722111,1.6222194699163273,-0.5512469427885367,1.5222285958499517,-0.6271442664704201,-0.20607086834919827,0.03313130117222273,1.237850785307304,-0.4931677100306128,1.4617329994116326,-0.6284129752867968,-0.2081107992897533,0.7722970077051454
0.03567018063603525,1.4802314914126005,-0.5561775776565311,1.0013887090117195,-0.5159533245631456,-0.13587633376856217,0.020757766124004182,1.4419600170587057,-0.5588977320836515,0.98405026622607,-0.4778961264461849,-0.1101901186019108,0.16663073854215824,1.6066446765410554,-0.6155788383012241,1.5586852524486372,-0.4449178299691512,-0.06217388623404473,0.06243985550751489,1.8100848655887514,-0.612989357836454,1.5630575889192424,-0.5178604541621018,-0.10875376139118902,0.11424777167609178,1.132291378343861,-0.554851524379265,1.2080977250411133,-0.5563649534643489,-0.13529248059172447,-0.019458030211243187,1.8447146179438416,-0.6625674365669606,1.3422080730725199,-0.6711790349722447,-0.18263806847406366,0.015512019962859253,1.227485329949353,-0.49642855508658945,1.1671779824736224,-0.5942960939745541,-0.21155378101508737,-0.005069472373722111,1.6222194699163273,-0.5512469427885367,1.5222285958499517,-0.6271442664704201,-0.20607086834919827,0.03313130117222273,1.237850785307304,-0.4931677100306128,1.4617329994116326,-0.6284129752867968,-0.2081107992897533,-0.042145328032943526,1.4304558697066283,-0.48899342479681435,1.330627532632322,-0.6639327557710021,-0.25750975637096707,0.7671543360879438
0.020757766124004182,1.4419600170587057,-0.5588977320836515,0.98405026622607,-0.4778961264461849,-0.1101901186019108,0.16663073854215824,1.6066446765410554,-0.6155788383012241,1.5586852524486372,-0.4449178299691512,-0.06217388623404473,0.06243985550751489,1.8100848655887514,-0.612989357836454,1.5630575889192424,-0.5178604541621018,-0.10875376139118902,0.11424777167609178,1.132291378343861,-0.554851524379265,1.2080977250411133,-0.5563649534643489,-0.13529248059172447,-0.019458030211243187,1.8447146179438416,-0.6625674365669606,1.3422080730725199,-0.6711790349722447,-0.18263806847406366,0.015512019962859253,1.227485329949353,-0.49642855508658945,1.1671779824736224,-0.5942960939745541,-0.21155378101508737,-0.005069472373722111,1.6222194699163273,-0.5512469427885367,1.5222285958499517,-0.6271442664704201,-0.20607086834919827,0.03313130117222273,1.237850785307304,-0.4931677100306128,1.4617329994116326,-0.6284129752867968,-0.2081107992897533,-0.042145328032943526,1.4304558697066283,-0.48899342479681435,1.330627532632322,-0.6639327557710021,-0.25750975637096707,-0.06424249993305355,1.3720147312465676,-0.4853330121516756,1.2670283747235942,-0.7041532650748661,-0.2841573008062318,0.7643801971479242
0.16663073854215824,1.6066446765410554,-0.6155788383012241,1.5586852524486372,-0.4449178299691512,-0.06217388623404473,0.06243985550751489,1.8100848655887514,-0.612989357836454,1.5630575889192424,-0.5178604541621018,-0.10875376139118902,0.11424777167609178,1.132291378343861,-0.554851524379265,1.2080977250411133,-0.5563649534643489,-0.13529248059172447,-0.019458030211243187,1.8447146179438416,-0.6625674365669606,1.3422080730725199,-0.6711790349722447,-0.18263806847406366,0.015512019962859253,1.227485329949353,-0.49642855508658945,1.1671779824736224,-0.5942960939745541,-0.21155378101508737,-0.005069472373722111,1.6222194699163273,-0.5512469427885367,1.5222285958499517,-0.6271442664704201,-0.20607086834919827,0.03313130117222273,1.237850785307304,-0.4931677100306128,1.4617329994116326,-0.6284129752867968,-0.2081107992897533,-0.042145328032943526,1.4304558697066283,-0.48899342479681435,1.330627532632322,-0.6639327557710021,-0.25750975637096707,-0.06424249993305355,1.3720147312465676,-0.4853330121516756,1.2670283747235942,-0.7041532650748661,-0.2841573008062318,-0.06843289855178916,1.540884001959392,-0.48809928031742406,1.5094024045615198,-0.7042142606910377,-0.28336180183184023,0.7644630124589922
0.06243985550751489,1.8100848655887514,-0.612989357836454,1.5630575889192424,-0.5178604541621018,-0.10875376139118902,0.11424777167609178,1.132291378343861,-0.554851524379265,1.2080977250411133,-0.5563649534643489,-0.13529248059172447,-0.019458030211243187,1.8447146179438416,-0.6625674365669606,1.3422080730725199,-0.6711790349722447,-0.18263806847406366,0.015512019962859253,1.227485329949353,-0.49642855508658945,1.1671779824736224,-0.5942960939745541,-0.21155378101508737,-0.005069472373722111,1.6222194699163273,-0.5512469427885367,1.5222285958499517,-0.6271442664704201,-0.20607086834919827,0.03313130117222273,1.237850785307304,-0.4931677100306128,1.4617329994116326,-0.6284129752867968,-0.2081107992897533,-0.042145328032943526,1.4304558697066283,-0.48899342479681435,1.330627532632322,-0.6639327557710021,-0.25750975637096707,-0.06424249993305355,1.3720147312465676,-0.4853330121516756,1.2670283747235942,-0.7041532650748661,-0.2841573008062318,-0.06843289855178916,1.540884001959392,-0.48809928031742406,1.5094024045615198,-0.7042142606910377,-0.28336180183184023,-0.12279287168602464,1.9413960680551368,-0.4878765269586455,1.8478526997223648,-0.7039621454775269,-0.2825663288264437,0.7645458250665615
0.11424777167609178,1.132291378343861,-0.554851524379265,1.2080977250411133,-0.5563649534643489,-0.13529248059172447,-0.019458030211243187,1.8447146179438416,-0.6625674365669606,1.3422080730725199,-0.6711790349722447,-0.18263806847406366,0.015512019962859253,1.227485329949353,-0.49642855508658945,1.1671779824736224,-0.5942960939745541,-0.21155378101508737,-0.005069472373722111,1.6222194699163273,-0.5512469427885367,1.5222285958499517,-0.6271442664704201,-0.20607086834919827,0.03313130117222273,1.237850785307304,-0.4931677100306128,1.4617329994116326,-0.6284129752867968,-0.2081107992897533,-0.042145328032943526,1.4304558697066283,-0.48899342479681435,1.330627532632322,-0.6639327557710021,-0.25750975637096707,-0.06424249993305355,1.3720147312465676,-0.4853330121516756,1.2670283747235942,-0.7041532650748661,-0.2841573008062318,-0.06843289855178916,1.540884001959392,-0.48809928031742406,1.5094024045615198,-0.7042142606910377,-0.28336180183184023,-0.12279287168602464,1.9413960680551368,-0.4878765269586455,1.8478526997223648,-0.7039621454775269,-0.2825663288264437,-0.1318518894116265,1.7908680406745323,-0.4823170625442254,1.6797465503957414,-0.7411288075983751,-0.3074725510719479,0.7619529662330624
-0.019458030211243187,1.8447146179438416,-0.6625674365669606,1.3422080730725199,-0.6711790349722447,-0.18263806847406366,0.015512019962859253,1.227485329949353,-0.49642855508658945,1.1671779824736224,-0.5942960939745541,-0.21155378101508737,-0.005069472373722111,1.6222194699163273,-0.5512469427885367,1.5222285958499517,-0.6271442664704201,-0.20607086834919827,0.03313130117222273,1.237850785307304,-0.4931677100306128,1.4617329994116326,-0.6284129752867968,-0.2081107992897533,-0.042145328032943526,1.4304558697066283,-0.48899342479681435,1.330627532632322,-0.6639327557710021,-0.25750975637096707,-0.06424249993305355,1.3720147312465676,-0.4853330121516756,1.2670283747235942,-0.7041532650748661,-0.2841573008062318,-0.06843289855178916,1.540884001959392,-0.48809928031742406,1.5094024045615198,-0.7042142606910377,-0.28336180183184023,-0.12279287168602464,1.9413960680551368,-0.4878765269586455,1.8478526997223648,-0.7039621454775269,-0.2825663288264437,-0.1318518894116265,1.7908680406745323,-0.4823170625442254,1.6797465503957414,-0.7411288075983751,-0.3074725510719479,-0.14302888424413918,1.629778447264927,-0.4799759588834638,1.4792253123337307,-0.7788728948856534,-0.3326317532838916,0.7593337709550309
0.015512019962859253,1.227485329949353,-0.49642855508658945,1.1671779824736224,-0.5942960939745541,-0.21155378101508737,-0.005069472373722111,1.6222194699163273,-0.5512469427885367,1.5222285958499517,-0.6271442664704201,-0.20607086834919827,0.03313130117222273,1.237850785307304,-0.4931677100306128,1.4617329994116326,-0.6284129752867968,-0.2081107992897533,-0.042145328032943526,1.4304558697066283,-0.48899342479681435,1.330627532632322,-0.6639327557710021,-0.25750975637096707,-0.06424249993305355,1.3720147312465676,-0.4853330121516756,1.2670283747235942,-0.7041532650748661,-0.2841573008062318,-0.06843289855178916,1.540884001959392,-0.48809928031742406,1.5094024045615198,-0.7042142606910377,-0.28336180183184023,-0.12279287168602464,1.9413960680551368,-0.4878765269586455,1.8478526997223648,-0.7039621454775269,-0.2825663288264437,-0.1318518894116265,1.7908680406745323,-0.4823170625442254,1.6797465503957414,-0.7411288075983751,-0.3074725510719479,-0.14302888424413918,1.629778447264927,-0.4799759588834638,1.4792253123337307,-0.7788728948856534,-0.3326317532838916,-0.17988056325098056,1.612910944455133,-0.47842329226997055,1.3823423218741113,-0.8148969057968782,-0.3567387698237346,0.7568241133213476
-0.005069472373722111,1.6222194699163273,-0.5512469427885367,1.5222285958499517,-0.6271442664704201,-0.20607086834919827,0.03313130117222273,1.237850785307304,-0.4931677100306128,1.4617329994116326,-0.6284129752867968,-0.2081107992897533,-0.042145328032943526,1.4304558697066283,-0.48899342479681435,1.330627532632322,-0.6639327557710021,-0.25750975637096707,-0.06424249993305355,1.3720147312465676,-0.4853330121516756,1.2670283747235942,-0.7041532650748661,-0.2841573008062318,-0.06843289855178916,1.540884001959392,-0.48809928031742406,1.5094024045615198,-0.7042142606910377,-0.28336180183184023,-0.12279287168602464,1.9413960680551368,-0.4878765269586455,1.8478526997223648,-0.7039621454775269,-0.2825663288264437,-0.1318518894116265,1.7908680406745323,-0.4823170625442254,1.6797465503957414,-0.7411288075983751,-0.3074725510719479,-0.14302888424413918,1.629778447264927,-0.4799759588834638,1.4792253123337307,-0.7788728948856534,-0.3326317532838916,-0.17988056325098056,1.612910944455133,-0.47842329226997055,1.3823423218741113,-0.8148969057968782,-0.3567387698237346,-0.17246366745091335,1.703806688303596,-0.4791113750290417,1.635220950824597,-0.8176254430269748,-0.3569462919264505,0.7568025092614517
0.03313130117222273,1.237850785307304,-0.4931677100306128,1.4617329994116326,-0.6284129752867968,-0.2081107992897533,-0.042145328032943526,1.4304558697066283,-0.48899342479681435,1.330627532632322,-0.6639327557710021,-0.25750975637096707,-0.06424249993305355,1.3720147312465676,-0.4853330121516756,1.2670283747235942,-0.7041532650748661,-0.2841573008062318,-0.06843289855178916,1.540884001959392,-0.48809928031742406,1.5094024045615198,-0.7042142606910377,-0.28336180183184023,-0.12279287168602464,1.9413960680551368,-0.4878765269586455,1.8478526997223648,-0.7039621454775269,-0.2825663288264437,-0.1318518894116265,1.7908680406745323,-0.4823170625442254,1.6797465503957414,-0.7411288075983751,-0.3074725510719479,-0.14302888424413918,1.629778447264927,-0.4799759588834638,1.4792253123337307,-0.7788728948856534,-0.3326317532838916,-0.17988056325098056,1.612910944455133,-0.47842329226997055,1.3823423218741113,-0.8148969057968782,-0.3567387698237346,-0.17246366745091335,1.703806688303596,-0.4791113750290417,1.635220950824597,-0.8176254430269748,-0.3569462919264505,-0.1616599678113971,1.8383455362230465,-0.47793017855677783,1.9259889466278417,-0.8138803121940104,-0.3553035109994345,0.7569735307433982
-0.042145328032943526,1.4304558697066283,-0.48899342479681435,1.330627532632322,-0.6639327557710021,-0.25750975637096707,-0.06424249993305355,1.3720147312465676,-0.4853330121516756,1.2670283747235942,-0.7041532650748661,-0.2841573008062318,-0.06843289855178916,1.540884001959392,-0.48809928031742406,1.5094024045615198,-0.7042142606910377,-0.28336180183184023,-0.12279287168602464,1.9413960680551368,-0.4878765269586455,1.8478526997223648,-0.7039621454775269,-0.2825663288264437,-0.1318518894116265,1.7908680406745323,-0.4823170625442254,1.6797465503957414,-0.7411288075983751,-0.3074725510719479,-0.14302888424413918,1.629778447264927,-0.4799759588834638,1.4792253123337307,-0.7788728948856534,-0.3326317532838916,-0.17988056325098056,1.612910944455133,-0.47842329226997055,1.3823423218741113,-0.8148969057968782,-0.3567387698237346,-0.17246366745091335,1.703806688303596,-0.4791113750290417,1.635220950824597,-0.8176254430269748,-0.3569462919264505,-0.1616599678113971,1.8383455362230465,-0.47793017855677783,1.9259889466278417,-0.8138803121940104,-0.3553035109994345,-0.1282980610581161,1.879796051226903,-0.5966680791961274,1.3374589451338152,-0.7461507799965428,-0.25918476392014733,0.7669799596579393
-0.06424249993305355,1.3720147312465676,-0.4853330121516756,1.2670283747235942,-0.7041532650748661,-0.2841573008062318,-0.06843289855178916,1.540884001959392,-0.48809928031742406,1.5094024045615198,-0.7042142606910377,-0.28336180183184023,-0.12279287168602464,1.9413960680551368,-0.4878765269586455,1.8478526997223648,-0.7039621454775269,-0.2825663288264437,-0.1318518894116265,1.7908680406745323,-0.4823170625442254,1.6797465503957414,-0.7411288075983751,-0.3074725510719479,-0.14302888424413918,1.629778447264927,-0.4799759588834638,1.4792253123337307,-0.7788728948856534,-0.3326317532838916,-0.17988056325098056,1.612910944455133,-0.47842329226997055,1.3823423218741113,-0.8148969057968782,-0.3567387698237346,-0.17246366745091335,1.703806688303596,-0.4791113750290417,1.635220950824597,-0.8176254430269748,-0.3569462919264505,-0.1616599678113971,1.8383455362230465,-0.47793017855677783,1.9259889466278417,-0.8138803121940104,-0.3553035109994345,-0.1282980610581161,1.879796051226903,-0.5966680791961274,1.3374589451338152,-0.7461507799965428,-0.25918476392014733,0.06226961330271771,1.2321573457617891,-0.5441095109838342,1.1981001194881395,-0.7078983959078305,-0.23431867965376652,0.7695686399326549
-0.06843289855178916,1.540884001959392,-0.48809928031742406,1.5094024045615198,-0.7042142606910377,-0.28336180183184023,-0.12279287168602464,1.9413960680551368,-0.4878765269586455,1.8478526997223648,-0.7039621454775269,-0.2825663288264437,-0.1318518894116265,1.7908680406745323,-0.4823170625442254,1.6797465503957414,-0.7411288075983751,-0.3074725510719479,-0.14302888424413918,1.629778447264927,-0.4799759588834638,1.4792253123337307,-0.7788728948856534,-0.3326317532838916,-0.17988056325098056,1.612910944455133,-0.47842329226997055,1.3823423218741113,-0.8148969057968782,-0.3567387698237346,-0.17246366745091335,1.703806688303596,-0.4791113750290417,1.635220950824597,-0.8176254430269748,-0.3569462919264505,-0.1616599678113971,1.8383455362230465,-0.47793017855677783,1.9259889466278417,-0.8138803121940104,-0.3553035109994345,-0.1282980610581161,1.879796051226903,-0.5966680791961274,1.3374589451338152,-0.7461507799965428,-0.25918476392014733,0.06226961330271771,1.2321573457617891,-0.5441095109838342,1.1981001194881395,-0.7078983959078305,-0.23431867965376652,-0.1259923141067657,1.821779731931022,-0.5355109284635481,1.257109683552363,-0.7803327232993712,-0.3088228010816501,0.7618123986419368
-0.12279287168602464,1.9413960680551368,-0.4878765269586455,1.8478526997223648,-0.7039621454775269,-0.2825663288264437,-0.1318518894116265,1.7908680406745323,-0.4823170625442254,1.6797465503957414,-0.7411288075983751,-0.3074725510719479,-0.14302888424413918,1.629778447264927,-0.4799759588834638,1.4792253123337307,-0.7788728948856534,-0.3326317532838916,-0.17988056325098056,1.612910944455133,-0.47842329226997055,1.3823423218741113,-0.8148969057968782,-0.3567387698237346,-0.17246366745091335,1.703806688303596,-0.4791113750290417,1.635220950824597,-0.8176254430269748,-0.3569462919264505,-0.1616599678113971,1.8383455362230465,-0.47793017855677783,1.9259889466278417,-0.8138803121940104,-0.3553035109994345,-0.1282980610581161,1.879796051226903,-0.5966680791961274,1.3374589451338152,-0.7461507799965428,-0.25918476392014733,0.06226961330271771,1.2321573457617891,-0.5441095109838342,1.1981001194881395,-0.7078983959078305,-0.23431867965376652,-0.1259923141067657,1.821779731931022,-0.5355109284635481,1.257109683552363,-0.7803327232993712,-0.3088228010816501,-0.14976187635045127,1.484450024944747,-0.47641139949992345,0.918581882520258,-0.8150880253942175,-0.35706019133277606,0.7567906517794574
-0.1318518894116265,1.7908680406745323,-0.4823170625442254,1.6797465503957414,-0.7411288075983751,-0.3074725510719479,-0.14302888424413918,1.629778447264927,-0.4799759588834638,1.4792253123337307,-0.7788728948856534,-0.3326317532838916,-0.17988056325098056,1.612910944455133,-0.47842329226997055,1.3823423218741113,-0.8148969057968782,-0.3567387698237346,-0.17246366745091335,1.703806688303596,-0.4791113750290417,1.635220950824597,-0.8176254430269748,-0.3569462919264505,-0.1616599678113971,1.8383455362230465,-0.47793017855677783,1.9259889466278417,-0.8138803121940104,-0.3553035109994345,-0.1282980610581161,1.879796051226903,-0.5966680791961274,1.3374589451338152,-0.7461507799965428,-0.25918476392014733,0.06226961330271771,1.2321573457617891,-0.5441095109838342,1.1981001194881395,-0.7078983959078305,-0.23431867965376652,-0.1259923141067657,1.821779731931022,-0.5355109284635481,1.257109683552363,-0.7803327232993712,-0.3088228010816501,-0.14976187635045127,1.484450024944747,-0.47641139949992345,0.918581882520258,-0.8150880253942175,-0.35706019133277606,-0.17563211622535033,1.4511902856269971,-0.47320185834327794,0.8771635150229006,-0.8586104307201959,-0.38489860567059725,0.7538925374923957
-0.14302888424413918,1.629778447264927,-0.4799759588834638,1.4792253123337307,-0.7788728948856534,-0.3326317532838916,-0.17988056325098056,1.612910944455133,-0.47842329226997055,1.3823423218741113,-0.8148969057968782,-0.3567387698237346,-0.17246366745091335,1.703806688303596,-0.4791113750290417,1.635220950824597,-0.8176254430269748,-0.3569462919264505,-0.1616599678113971,1.8383455362230465,-0.47793017855677783,1.9259889466278417,-0.8138803121940104,-0.3553035109994345,-0.1282980610581161,1.879796051226903,-0.5966680791961274,1.3374589451338152,-0.7461507799965428,-0.25918476392014733,0.06226961330271771,1.2321573457617891,-0.5441095109838342,1.1981001194881395,-0.7078983959078305,-0.23431867965376652,-0.1259923141067657,1.821779731931022,-0.5355109284635481,1.257109683552363,-0.7803327232993712,-0.3088228010816501,-0.14976187635045127,1.484450024944747,-0.47641139949992345,0.918581882520258,-0.8150880253942175,-0.35706019133277606,-0.17563211622535033,1.4511902856269971,-0.47320185834327794,0.8771635150229006,-0.8586104307201959,-0.38489860567059725,-0.2065592193678287,1.4491416679245817,-0.416443802284492,0.8855407468381795,-0.852767050690912,-0.40693891813231536,0.7515980338018666
-0.17988056325098056,1.612910944455133,-0.47842329226997055,1.3823423218741113,-0.8148969057968782,-0.3567387698237346,-0.17246366745091335,1.703806688303596,-0.4791113750290417,1.635220950824597,-0.8176254430269748,-0.3569462919264505,-0.1616599678113971,1.8383455362230465,-0.47793017855677783,1.9259889466278417,-0.8138803121940104,-0.3553035109994345,-0.1282980610581161,1.879796051226903,-0.5966680791961274,1.3374589451338152,-0.7461507799965428,-0.25918476392014733,0.06226961330271771,1.2321573457617891,-0.5441095109838342,1.1981001194881395,-0.7078983959078305,-0.23431867965376652,-0.1259923141067657,1.821779731931022,-0.5355109284635481,1.257109683552363,-0.7803327232993712,-0.3088228010816501,-0.14976187635045127,1.484450024944747,-0.47641139949992345,0.918581882520258,-0.8150880253942175,-0.35706019133277606,-0.17563211622535033,1.4511902856269971,-0.47320185834327794,0.8771635150229006,-0.8586104307201959,-0.38489860567059725,-0.2065592193678287,1.4491416679245817,-0.416443802284492,0.8855407468381795,-0.852767050690912,-0.40693891813231536,-0.20002681335199518,1.3536590979065504,-0.4667602268376552,0.8267829077612879,-0.9316140505293421,-0.43274947007607667,0.748911029849794
-0.17246366745091335,1.703806688303596,-0.4791113750290417,1.635220950824597,-0.8176254430269748,-0.3569462919264505,-0.1616599678113971,1.8383455362230465,-0.47793017855677783,1.9259889466278417,-0.8138803121940104,-0.3553035109994345,-0.1282980610581161,1.879796051226903,-0.5966680791961274,1.3374589451338152,-0.7461507799965428,-0.25918476392014733,0.06226961330271771,1.2321573457617891,-0.5441095109838342,1.1981001194881395,-0.7078983959078305,-0.23431867965376652,-0.1259923141067657,1.821779731931022,-0.5355109284635481,1.257109683552363,-0.7803327232993712,-0.3088228010816501,-0.14976187635045127,1.484450024944747,-0.47641139949992345,0.918581882520258,-0.8150880253942175,-0.35706019133277606,-0.17563211622535033,1.4511902856269971,-0.47320185834327794,0.8771635150229006,-0.8586104307201959,-0.38489860567059725,-0.2065592193678287,1.4491416679245817,-0.416443802284492,0.8855407468381795,-0.852767050690912,-0.40693891813231536,-0.20002681335199518,1.3536590979065504,-0.4667602268376552,0.8267829077612879,-0.9316140505293421,-0.43274947007607667,-0.22590964818337467,1.3107930845521318,-0.4096913326134674,0.7981828341098767,-0.92773879571521,-0.45663656316397977,0.746424267316758
-0.1616599678113971,1.8383455362230465,-0.47793017855677783,1.9259889466278417,-0.8138803121940104,-0.3553035109994345,-0.1282980610581161,1.879796051226903,-0.5966680791961274,1.3374589451338152,-0.7461507799965428,-0.25918476392014733,0.06226961330271771,1.2321573457617891,-0.5441095109838342,1.1981001194881395,-0.7078983959078305,-0.23431867965376652,-0.1259923141067657,1.821779731931022,-0.5355109284635481,1.257109683552363,-0.7803327232993712,-0.3088228010816501,-0.14976187635045127,1.484450024944747,-0.47641139949992345,0.918581882520258,-0.8150880253942175,-0.35706019133277606,-0.17563211622535033,1.4511902856269971,-0.47320185834327794,0.8771635150229006,-0.8586104307201959,-0.38489860567059725,-0.2065592193678287,1.4491416679245817,-0.416443802284492,0.8855407468381795,-0.852767050690912,-0.40693891813231536,-0.20002681335199518,1.3536590979065504,-0.4667602268376552,0.8267829077612879,-0.9316140505293421,-0.43274947007607667,-0.22590964818337467,1.3107930845521318,-0.4096913326134674,0.7981828341098767,-0.92773879571521,-0.45663656316397977,-0.25441861126321863,1.2341311806433428,-0.35038121886043583,0.7035510453605472,-0.928503274104567,-0.45872169520071593,0.746207194933513
-0.1282980610581161,1.879796051226903,-0.5966680791961274,1.3374589451338152,-0.7461507799965428,-0.25918476392014733,0.06226961330271771,1.2321573457617891,-0.5441095109838342,1.1981001194881395,-0.7078983959078305,-0.23431867965376652,-0.1259923141067657,1.821779731931022,-0.5355109284635481,1.257109683552363,-0.7803327232993712,-0.3088228010816501,-0.14976187635045127,1.484450024944747,-0.47641139949992345,0.918581882520258,-0.8150880253942175,-0.35706019133277606,-0.17563211622535033,1.4511902856269971,-0.47320185834327794,0.8771635150229006,-0.8586104307201959,-0.38489860567059725,-0.2065592193678287,1.4491416679245817,-0.416443802284492,0.8855407468381795,-0.852767050690912,-0.40693891813231536,-0.20002681335199518,1.3536590979065504,-0.4667602268376552,0.8267829077612879,-0.9316140505293421,-0.43274947007607667,-0.22590964818337467,1.3107930845521318,-0.4096913326134674,0.7981828341098767,-0.92773879571521,-0.45663656316397977,-0.25441861126321863,1.2341311806433428,-0.35038121886043583,0.7035510453605472,-0.928503274104567,-0.45872169520071593,-0.3562707859644544,1.8769575976513388,-0.40700760379024653,0.8801945280498487,-0.9673249506108847,-0.4824074925169229,0.7437413882690405
0.06226961330271771,1.2321573457617891,-0.5441095109838342,1.1981001194881395,-0.7078983959078305,-0.23431867965376652,-0.1259923141067657,1.821779731931022,-0.5355109284635481,1.257109683552363,-0.7803327232993712,-0.3088228010816501,-0.14976187635045127,1.484450024944747,-0.47641139949992345,0.918581882520258,-0.8150880253942175,-0.35706019133277606,-0.17563211622535033,1.4511902856269971,-0.47320185834327794,0.8771635150229006,-0.8586104307201959,-0.38489860567059725,-0.2065592193678287,1.4491416679245817,-0.416443802284492,0.8855407468381795,-0.852767050690912,-0.40693891813231536,-0.20002681335199518,1.3536590979065504,-0.4667602268376552,0.8267829077612879,-0.9316140505293421,-0.43274947007607667,-0.22590964818337467,1.3107930845521318,-0.4096913326134674,0.7981828341098767,-0.92773879571521,-0.45663656316397977,-0.25441861126321863,1.2341311806433428,-0.35038121886043583,0.7035510453605472,-0.928503274104567,-0.45872169520071593,-0.3562707859644544,1.8769575976513388,-0.40700760379024653,0.8801945280498487,-0.9673249506108847,-0.4824074925169229,-0.33465708487540863,1.608151870480032,-0.40142910356474093,0.8124483625366404,-1.0028406647206758,-0.5061702053988126,0.7412675743202055
-0.1259923141067657,1.821779731931022,-0.5355109284635481,1.257109683552363,-0.7803327232993712,-0.3088228010816501,-0.14976187635045127,1.484450024944747,-0.47641139949992345,0.918581882520258,-0.8150880253942175,-0.35706019133277606,-0.17563211622535033,1.4511902856269971,-0.47320185834327794,0.8771635150229006,-0.8586104307201959,-0.38489860567059725,-0.2065592193678287,1.4491416679245817,-0.416443802284492,0.8855407468381795,-0.852767050690912,-0.40693891813231536,-0.20002681335199518,1.3536590979065504,-0.4667602268376552,0.8267829077612879,-0.9316140505293421,-0.43274947007607667,-0.22590964818337467,1.3107930845521318,-0.4096913326134674,0.7981828341098767,-0.92773879571521,-0.45663656316397977,-0.25441861126321863,1.2341311806433428,-0.35038121886043583,0.7035510453605472,-0.928503274104567,-0.45872169520071593,-0.3562707859644544,1.8769575976513388,-0.40700760379024653,0.8801945280498487,-0.9673249506108847,-0.4824074925169229,-0.33465708487540863,1.608151870480032,-0.40142910356474093,0.8124483625366404,-1.0028406647206758,-0.5061702053988126,-0.31196943543139427,1.3028317148995987,-0.3462551876269627,0.721738513203267,-1.0013808363069578,-0.5049585252847348,0.7413937161114492
-0.14976187635045127,1.484450024944747,-0.47641139949992345,0.918581882520258,-0.8150880253942175,-0.35706019133277606,-0.17563211622535033,1.4511902856269971,-0.47320185834327794,0.8771635150229006,-0.8586104307201959,-0.38489860567059725,-0.2065592193678287,1.4491416679245817,-0.416443802284492,0.8855407468381795,-0.852767050690912,-0.40693891813231536,-0.20002681335199518,1.3536590979065504,-0.4667602268376552,0.8267829077612879,-0.9316140505293421,-0.43274947007607667,-0.22590964818337467,1.3107930845521318,-0.4096913326134674,0.7981828341098767,-0.92773879571521,-0.45663656316397977,-0.25441861126321863,1.2341311806433428,-0.35038121886043583,0.7035510453605472,-0.928503274104567,-0.45872169520071593,-0.3562707859644544,1.8769575976513388,-0.40700760379024653,0.8801945280498487,-0.9673249506108847,-0.4824074925169229,-0.33465708487540863,1.608151870480032,-0.40142910356474093,0.8124483625366404,-1.0028406647206758,-0.5061702053988126,-0.31196943543139427,1.3028317148995987,-0.3462551876269627,0.721738513203267,-1.0013808363069578,-0.5049585252847348,-0.4011742968493438,1.7646716772108362,-0.3445277485204101,0.8565118961815836,-1.0025844831327526,-0.532893111277284,0.7384855898875295
-0.17563211622535033,1.4511902856269971,-0.47320185834327794,0.8771635150229006,-0.8586104307201959,-0.38489860567059725,-0.2065592193678287,1.4491416679245817,-0.416443802284492,0.8855407468381795,-0.852767050690912,-0.40693891813231536,-0.20002681335199518,1.3536590979065504,-0.4667602268376552,0.8267829077612879,-0.9316140505293421,-0.43274947007607667,-0.22590964818337467,1.3107930845521318,-0.4096913326134674,0.7981828341098767,-0.92773879571521,-0.45663656316397977,-0.25441861126321863,1.2341311806433428,-0.35038121886043583,0.7035510453605472,-0.928503274104567,-0.45872169520071593,-0.3562707859644544,1.8769575976513388,-0.40700760379024653,0.8801945280498487,-0.9673249506108847,-0.4824074925169229,-0.33465708487540863,1.608151870480032,-0.40142910356474093,0.8124483625366404,-1.0028406647206758,-0.5061702053988126,-0.31196943543139427,1.3028317148995987,-0.3462551876269627,0.721738513203267,-1.0013808363069578,-0.5049585252847348,-0.4011742968493438,1.7646716772108362,-0.3445277485204101,0.8565118961815836,-1.0025844831327526,-0.532893111277284,-0.3120922368697042,1.3468317995612458,-0.3450274906568182,0.6701044674727615,-0.9672598886203009,-0.5092132584013797,0.7409507777068638
-0.2065592193678287,1.4491416679245817,-0.416443802284492,0.8855407468381795,-0.852767050690912,-0.40693891813231536,-0.20002681335199518,1.3536590979065504,-0.4667602268376552,0.8267829077612879,-0.9316140505293421,-0.43274947007607667,-0.22590964818337467,1.3107930845521318,-0.4096913326134674,0.7981828341098767,-0.92773879571521,-0.45663656316397977,-0.25441861126321863,1.2341311806433428,-0.35038121886043583,0.7035510453605472,-0.928503274104567,-0.45872169520071593,-0.3562707859644544,1.8769575976513388,-0.40700760379024653,0.8801945280498487,-0.9673249506108847,-0.4824074925169229,-0.33465708487540863,1.608151870480032,-0.40142910356474093,0.8124483625366404,-1.0028406647206758,-0.5061702053988126,-0.31196943543139427,1.3028317148995987,-0.3462551876269627,0.721738513203267,-1.0013808363069578,-0.5049585252847348,-0.4011742968493438,1.7646716772108362,-0.3445277485204101,0.8565118961815836,-1.0025844831327526,-0.532893111277284,-0.3120922368697042,1.3468317995612458,-0.3450274906568182,0.6701044674727615,-0.9672598886203009,-0.5092132584013797,-0.18472932558912944,1.3818041174420979,-0.4099786701187437,0.908963318517686,-0.928247092516644,-0.4312386847899542,0.7490683099437412
-0.20002681335199518,1.3536590979065504,-0.4667602268376552,0.8267829077612879,-0.9316140505293421,-0.43274947007607667,-0.22590964818337467,1.3107930845521318,-0.4096913326134674,0.7981828341098767,-0.92773879571521,-0.45663656316397977,-0.25441861126321863,1.2341311806433428,-0.35038121886043583,0.7035510453605472,-0.928503274104567,-0.45872169520071593,-0.3562707859644544,1.8769575976513388,-0.40700760379024653,0.8801945280498487,-0.9673249506108847,-0.4824074925169229,-0.33465708487540863,1.608151870480032,-0.40142910356474093,0.8124483625366404,-1.0028406647206758,-0.5061702053988126,-0.31196943543139427,1.3028317148995987,-0.3462551876269627,0.721738513203267,-1.0013808363069578,-0.5049585252847348,-0.4011742968493438,1.7646716772108362,-0.3445277485204101,0.8565118961815836,-1.0025844831327526,-0.532893111277284,-0.3120922368697042,1.3468317995612458,-0.3450274906568182,0.6701044674727615,-0.9672598886203009,-0.5092132584013797,-0.18472932558912944,1.3818041174420979,-0.4099786701187437,0.908963318517686,-0.928247092516644,-0.4312386847899542,-0.28649865056289026,1.5355148557808158,-0.3475770680016271,0.8810217462660718,-0.9670687690229616,-0.5083681200383453,0.7410387607196436
-0.22590964818337467,1.3107930845521318,-0.4096913326134674,0.7981828341098767,-0.92773879571521,-0.45663656316397977,-0.25441861126321863,1.2341311806433428,-0.35038121886043583,0.7035510453605472,-0.928503274104567,-0.45872169520071593,-0.3562707859644544,1.8769575976513388,-0.40700760379024653,0.8801945280498487,-0.9673249506108847,-0.4824074925169229,-0.33465708487540863,1.608151870480032,-0.40142910356474093,0.8124483625366404,-1.0028406647206758,-0.5061702053988126,-0.31196943543139427,1.3028317148995987,-0.3462551876269627,0.721738513203267,-1.0013808363069578,-0.5049585252847348,-0.4011742968493438,1.7646716772108362,-0.3445277485204101,0.8565118961815836,-1.0025844831327526,-0.532893111277284,-0.3120922368697042,1.3468317995612458,-0.3450274906568182,0.6701044674727615,-0.9672598886203009,-0.5092132584013797,-0.18472932558912944,1.3818041174420979,-0.4099786701187437,0.908963318517686,-0.928247092516644,-0.4312386847899542,-0.28649865056289026,1.5355148557808158,-0.3475770680016271,0.8810217462660718,-0.9670687690229616,-0.5083681200383453,-0.4134235246015593,1.947016326377694,-0.343371054380149,0.9011076005290244,-1.0023933635354134,-0.5321998126974794,0.7385577656406076
-0.25441861126321863,1.2341311806433428,-0.35038121886043583,0.7035510453605472,-0.928503274104567,-0.45872169520071593,-0.3562707859644544,1.8769575976513388,-0.40700760379024653,0.8801945280498487,-0.9673249506108847,-0.4824074925169229,-0.33465708487540863,1.608151870480032,-0.40142910356474093,0.8124483625366404,-1.0028406647206758,-0.5061702053988126,-0.31196943543139427,1.3028317148995987,-0.3462551876269627,0.721738513203267,-1.0013808363069578,-0.5049585252847348,-0.4011742968493438,1.7646716772108362,-0.3445277485204101,0.8565118961815836,-1.0025844831327526,-0.532893111277284,-0.3120922368697042,1.3468317995612458,-0.3450274906568182,0.6701044674727615,-0.9672598886203009,-0.5092132584013797,-0.18472932558912944,1.3818041174420979,-0.4099786701187437,0.908963318517686,-0.928247092516644,-0.4312386847899542,-0.28649865056289026,1.5355148557808158,-0.3475770680016271,0.8810217462660718,-0.9670687690229616,-0.5083681200383453,-0.4134235246015593,1.947016326377694,-0.343371054380149,0.9011076005290244,-1.0023933635354134,-0.5321998126974794,-0.46578313514348435,1.9621099164422395,-0.34259450107151107,0.7839556404300744,-1.0412801020323148,-0.5563977842023887,0.7360386391528244
-0.3562707859644544,1.8769575976513388,-0.40700760379024653,0.8801945280498487,-0.9673249506108847,-0.4824074925169229,-0.33465708487540863,1.608151870480032,-0.40142910356474093,0.8124483625366404,-1.0028406647206758,-0.5061702053988126,-0.31196943543139427,1.3028317148995987,-0.3462551876269627,0.721738513203267,-1.0013808363069578,-0.5049585252847348,-0.4011742968493438,1.7646716772108362,-0.3445277485204101,0.8565118961815836,-1.0025844831327526,-0.532893111277284,-0.3120922368697042,1.3468317995612458,-0.3450274906568182,0.6701044674727615,-0.9672598886203009,-0.5092132584013797,-0.18472932558912944,1.3818041174420979,-0.4099786701187437,0.908963318517686,-0.928247092516644,-0.4312386847899542,-0.28649865056289026,1.5355148557808158,-0.3475770680016271,0.8810217462660718,-0.9670687690229616,-0.5083681200383453,-0.4134235246015593,1.947016326377694,-0.343371054380149,0.9011076005290244,-1.0023933635354134,-0.5321998126974794,-0.46578313514348435,1.9621099164422395,-0.34259450107151107,0.7839556404300744,-1.0412801020323148,-0.5563977842023887,-0.35283331212768093,1.308196465135613,-0.2846001546329807,0.8155993041494229,-1.0389297376224844,-0.5555777679837313,0.736124006828227
-0.33465708487540863,1.608151870480032,-0.40142910356474093,0.8124483625366404,-1.0028406647206758,-0.5061702053988126,-0.31196943543139427,1.3028317148995987,-0.3462551876269627,0.721738513203267,-1.0013808363069578,-0.5049585252847348,-0.4011742968493438,1.7646716772108362,-0.3445277485204101,0.8565118961815836,-1.0025844831327526,-0.532893111277284,-0.3120922368697042,1.3468317995612458,-0.3450274906568182,0.6701044674727615,-0.9672598886203009,-0.5092132584013797,-0.18472932558912944,1.3818041174420979,-0.4099786701187437,0.908963318517686,-0.928247092516644,-0.4312386847899542,-0.28649865056289026,1.5355148557808158,-0.3475770680016271,0.8810217462660718,-0.9670687690229616,-0.5083681200383453,-0.4134235246015593,1.947016326377694,-0.343371054380149,0.9011076005290244,-1.0023933635354134,-0.5321998126974794,-0.46578313514348435,1.9621099164422395,-0.34259450107151107,0.7839556404300744,-1.0412801020323148,-0.5563977842023887,-0.35283331212768093,1.308196465135613,-0.2846001546329807,0.8155993041494229,-1.0389297376224844,-0.5555777679837313,-0.3887807514637927,1.6253941937132104,-0.28321375412170285,1.0536433081721048,-1.038104263616956,-0.5807319554103234,0.7335053336137332
-0.31196943543139427,1.3028317148995987,-0.3462551876269627,0.721738513203267,-1.0013808363069578,-0.5049585252847348,-0.4011742968493438,1.7646716772108362,-0.3445277485204101,0.8565118961815836,-1.0025844831327526,-0.532893111277284,-0.3120922368697042,1.3468317995612458,-0.3450274906568182,0.6701044674727615,-0.9672598886203009,-0.5092132584013797,-0.18472932558912944,1.3818041174420979,-0.4099786701187437,0.908963318517686,-0.928247092516644,-0.4312386847899542,-0.28649865056289026,1.5355148557808158,-0.3475770680016271,0.8810217462660718,-0.9670687690229616,-0.5083681200383453,-0.4134235246015593,1.947016326377694,-0.343371054380149,0.9011076005290244,-1.0023933635354134,-0.5321998126974794,-0.46578313514348435,1.9621099164422395,-0.34259450107151107,0.7839556404300744,-1.0412801020323148,-0.5563977842023887,-0.35283331212768093,1.308196465135613,-0.2846001546329807,0.8155993041494229,-1.0389297376224844,-0.5555777679837313,-0.3887807514637927,1.6253941937132104,-0.28321375412170285,1.0536433081721048,-1.038104263616956,-0.5807319554103234,-0.41595311691666226,1.549594208159557,-0.28031811433912107,0.8900986397692329,-1.0757182269230665,-0.6059153022095676,0.730883624766769
-0.4011742968493438,1.7646716772108362,-0.3445277485204101,0.8565118961815836,-1.0025844831327526,-0.532893111277284,-0.3120922368697042,1.3468317995612458,-0.3450274906568182,0.6701044674727615,-0.9672598886203009,-0.5092132584013797,-0.18472932558912944,1.3818041174420979,-0.4099786701187437,0.908963318517686,-0.928247092516644,-0.4312386847899542,-0.28649865056289026,1.5355148557808158,-0.3475770680016271,0.8810217462660718,-0.9670687690229616,-0.5083681200383453,-0.4134235246015593,1.947016326377694,-0.343371054380149,0.9011076005290244,-1.0023933635354134,-0.5321998126974794,-0.46578313514348435,1.9621099164422395,-0.34259450107151107,0.7839556404300744,-1.0412801020323148,-0.5563977842023887,-0.35283331212768093,1.308196465135613,-0.2846001546329807,0.8155993041494229,-1.0389297376224844,-0.5555777679837313,-0.3887807514637927,1.6253941937132104,-0.28321375412170285,1.0536433081721048,-1.038104263616956,-0.5807319554103234,-0.41595311691666226,1.549594208159557,-0.28031811433912107,0.8900986397692329,-1.0757182269230665,-0.6059153022095676,-0.49278638311749434,1.6989174395513529,-0.2774183756145745,0.6969873178245501,-1.1159387362269306,-0.6302752714747397,0.7283476335244854
-0.3120922368697042,1.3468317995612458,-0.3450274906568182,0.6701044674727615,-0.9672598886203009,-0.5092132584013797,-0.18472932558912944,1.3818041174420979,-0.4099786701187437,0.908963318517686,-0.928247092516644,-0.4312386847899542,-0.28649865056289026,1.5355148557808158,-0.3475770680016271,0.8810217462660718,-0.9670687690229616,-0.5083681200383453,-0.4134235246015593,1.947016326377694,-0.343371054380149,0.9011076005290244,-1.0023933635354134,-0.5321998126974794,-0.46578313514348435,1.9621099164422395,-0.34259450107151107,0.7839556404300744,-1.0412801020323148,-0.5563977842023887,-0.35283331212768093,1.308196465135613,-0.2846001546329807,0.8155993041494229,-1.0389297376224844,-0.5555777679837313,-0.3887807514637927,1.6253941937132104,-0.28321375412170285,1.0536433081721048,-1.038104263616956,-0.5807319554103234,-0.41595311691666226,1.549594208159557,-0.28031811433912107,0.8900986397692329,-1.0757182269230665,-0.6059153022095676,-0.49278638311749434,1.6989174395513529,-0.2774183756145745,0.6969873178245501,-1.1159387362269306,-0.6302752714747397,-0.5044583455923599,1.4848351743036805,-0.21854108574712258,0.5730130453918646,-1.1137754250400271,-0.6559239019989104,0.725677486379478
-0.18472932558912944,1.3818041174420979,-0.4099786701187437,0.908963318517686,-0.928247092516644,-0.4312386847899542,-0.28649865056289026,1.5355148557808158,-0.3475770680016271,0.8810217462660718,-0.9670687690229616,-0.5083681200383453,-0.4134235246015593,1.947016326377694,-0.343371054380149,0.9011076005290244,-1.0023933635354134,-0.5321998126974794,-0.46578313514348435,1.9621099164422395,-0.34259450107151107,0.7839556404300744,-1.0412801020323148,-0.5563977842023887,-0.35283331212768093,1.308196465135613,-0.2846001546329807,0.8155993041494229,-1.0389297376224844,-0.5555777679837313,-0.3887807514637927,1.6253941937132104,-0.28321375412170285,1.0536433081721048,-1.038104263616956,-0.5807319554103234,-0.41595311691666226,1.549594208159557,-0.28031811433912107,0.8900986397692329,-1.0757182269230665,-0.6059153022095676,-0.49278638311749434,1.6989174395513529,-0.2774183756145745,0.6969873178245501,-1.1159387362269306,-0.6302752714747397,-0.5044583455923599,1.4848351743036805,-0.21854108574712258,0.5730130453918646,-1.1137754250400271,-0.6559239019989104,-0.4831522468459821,1.5188979360292834,-0.22193282288076538,0.8280563399343057,-1.1139014826467826,-0.6546705815821969,0.7258079631286875
-0.28649865056289026,1.5355148557808158,-0.3475770680016271,0.8810217462660718,-0.9670687690229616,-0.5083681200383453,-0.4134235246015593,1.947016326377694,-0.343371054380149,0.9011076005290244,-1.0023933635354134,-0.5321998126974794,-0.46578313514348435,1.9621099164422395,-0.34259450107151107,0.7839556404300744,-1.0412801020323148,-0.5563977842023887,-0.35283331212768093,1.308196465135613,-0.2846001546329807,0.8155993041494229,-1.0389297376224844,-0.5555777679837313,-0.3887807514637927,1.6253941937132104,-0.28321375412170285,1.0536433081721048,-1.038104263616956,-0.5807319554103234,-0.41595311691666226,1.549594208159557,-0.28031811433912107,0.8900986397692329,-1.0757182269230665,-0.6059153022095676,-0.49278638311749434,1.6989174395513529,-0.2774183756145745,0.6969873178245501,-1.1159387362269306,-0.6302752714747397,-0.5044583455923599,1.4848351743036805,-0.21854108574712258,0.5730130453918646,-1.1137754250400271,-0.6559239019989104,-0.4831522468459821,1.5188979360292834,-0.22193282288076538,0.8280563399343057,-1.1139014826467826,-0.6546705815821969,-0.45787847556945077,1.3301362747177519,-0.21570318844166406,0.7123871186924433,-1.1470708987211555,-0.6777232658707393,0.7234080666086842
-0.4134235246015593,1.947016326377694,-0.343371054380149,0.9011076005290244,-1.0023933635354134,-0.5321998126974794,-0.46578313514348435,1.9621099164422395,-0.34259450107151107,0.7839556404300744,-1.0412801020323148,-0.5563977842023887,-0.35283331212768093,1.308196465135613,-0.2846001546329807,0.8155993041494229,-1.0389297376224844,-0.5555777679837313,-0.3887807514637927,1.6253941937132104,-0.28321375412170285,1.0536433081721048,-1.038104263616956,-0.5807319554103234,-0.41595311691666226,1.549594208159557,-0.28031811433912107,0.8900986397692329,-1.0757182269230665,-0.6059153022095676,-0.49278638311749434,1.6989174395513529,-0.2774183756145745,0.6969873178245501,-1.1159387362269306,-0.6302752714747397,-0.5044583455923599,1.4848351743036805,-0.21854108574712258,0.5730130453918646,-1.1137754250400271,-0.6559239019989104,-0.4831522468459821,1.5188979360292834,-0.22193282288076538,0.8280563399343057,-1.1139014826467826,-0.6546705815821969,-0.45787847556945077,1.3301362747177519,-0.21570318844166406,0.7123871186924433,-1.1470708987211555,-0.6777232658707393,-0.6038499686586746,2.0258961996563722,-0.2150185614659052,0.8218522658628844,-1.1473840095508379,-0.6780069819204555,0.7233785303884392
-0.46578313514348435,1.9621099164422395,-0.34259450107151107,0.7839556404300744,-1.0412801020323148,-0.5563977842023887,-0.35283331212768093,1.308196465135613,-0.2846001546329807,0.8155993041494229,-1.0389297376224844,-0.5555777679837313,-0.3887807514637927,1.6253941937132104,-0.28321375412170285,1.0536433081721048,-1.038104263616956,-0.5807319554103234,-0.41595311691666226,1.549594208159557,-0.28031811433912107,0.8900986397692329,-1.0757182269230665,-0.6059153022095676,-0.49278638311749434,1.6989174395513529,-0.2774183756145745,0.6969873178245501,-1.1159387362269306,-0.6302752714747397,-0.5044583455923599,1.4848351743036805,-0.21854108574712258,0.5730130453918646,-1.1137754250400271,-0.6559239019989104,-0.4831522468459821,1.5188979360292834,-0.22193282288076538,0.8280563399343057,-1.1139014826467826,-0.6546705815821969,-0.45787847556945077,1.3301362747177519,-0.21570318844166406,0.7123871186924433,-1.1470708987211555,-0.6777232658707393,-0.6038499686586746,2.0258961996563722,-0.2150185614659052,0.8218522658628844,-1.1473840095508379,-0.6780069819204555,-0.6527904744269956,1.9664485775748732,-0.2114690120913033,0.645418618883369,-1.1881778776467198,-0.7038334059761706,0.7206898740723396
-0.35283331212768093,1.308196465135613,-0.2846001546329807,0.8155993041494229,-1.0389297376224844,-0.5555777679837313,-0.3887807514637927,1.6253941937132104,-0.28321375412170285,1.0536433081721048,-1.038104263616956,-0.5807319554103234,-0.41595311691666226,1.549594208159557,-0.28031811433912107,0.8900986397692329,-1.0757182269230665,-0.6059153022095676,-0.49278638311749434,1.6989174395513529,-0.2774183756145745,0.6969873178245501,-1.1159387362269306,-0.6302752714747397,-0.5044583455923599,1.4848351743036805,-0.21854108574712258,0.5730130453918646,-1.1137754250400271,-0.6559239019989104,-0.4831522468459821,1.5188979360292834,-0.22193282288076538,0.8280563399343057,-1.1139014826467826,-0.6546705815821969,-0.45787847556945077,1.3301362747177519,-0.21570318844166406,0.7123871186924433,-1.1470708987211555,-0.6777232658707393,-0.6038499686586746,2.0258961996563722,-0.2150185614659052,0.8218522658628844,-1.1473840095508379,-0.6780069819204555,-0.6527904744269956,1.9664485775748732,-0.2114690120913033,0.645418618883369,-1.1881778776467198,-0.7038334059761706,-0.6136709983101026,1.5142984322983886,-0.15386804124372705,0.506446730097501,-1.188368997244059,-0.728491826428021,0.7181228126104089
-0.3887807514637927,1.6253941937132104,-0.28321375412170285,1.0536433081721048,-1.038104263616956,-0.5807319554103234,-0.41595311691666226,1.549594208159557,-0.28031811433912107,0.8900986397692329,-1.0757182269230665,-0.6059153022095676,-0.49278638311749434,1.6989174395513529,-0.2774183756145745,0.6969873178245501,-1.1159387362269306,-0.6302752714747397,-0.5044583455923599,1.4848351743036805,-0.21854108574712258,0.5730130453918646,-1.1137754250400271,-0.6559239019989104,-0.4831522468459821,1.5188979360292834,-0.22193282288076538,0.8280563399343057,-1.1139014826467826,-0.6546705815821969,-0.45787847556945077,1.3301362747177519,-0.21570318844166406,0.7123871186924433,-1.1470708987211555,-0.6777232658707393,-0.6038499686586746,2.0258961996563722,-0.2150185614659052,0.8218522658628844,-1.1473840095508379,-0.6780069819204555,-0.6527904744269956,1.9664485775748732,-0.2114690120913033,0.645418618883369,-1.1881778776467198,-0.7038334059761706,-0.6136709983101026,1.5142984322983886,-0.15386804124372705,0.506446730097501,-1.188368997244059,-0.728491826428021,-0.6200255689028346,1.7516341831678621,-0.15571266884595497,0.7715857225593334,-1.1833510912203036,-0.7257552099054698,0.7184077076962414
-0.41595311691666226,1.549594208159557,-0.28031811433912107,0.8900986397692329,-1.0757182269230665,-0.6059153022095676,-0.49278638311749434,1.6989174395513529,-0.2774183756145745,0.6969873178245501,-1.1159387362269306,-0.6302752714747397,-0.5044583455923599,1.4848351743036805,-0.21854108574712258,0.5730130453918646,-1.1137754250400271,-0.6559239019989104,-0.4831522468459821,1.5188979360292834,-0.22193282288076538,0.8280563399343057,-1.1139014826467826,-0.6546705815821969,-0.45787847556945077,1.3301362747177519,-0.21570318844166406,0.7123871186924433,-1.1470708987211555,-0.6777232658707393,-0.6038499686586746,2.0258961996563722,-0.2150185614659052,0.8218522658628844,-1.1473840095508379,-0.6780069819204555,-0.6527904744269956,1.9664485775748732,-0.2114690120913033,0.645418618883369,-1.1881778776467198,-0.7038334059761706,-0.6136709983101026,1.5142984322983886,-0.15386804124372705,0.506446730097501,-1.188368997244059,-0.728491826428021,-0.6200255689028346,1.7516341831678621,-0.15571266884595497,0.7715857225593334,-1.1833510912203036,-0.7257552099054698,-0.6517374621960503,1.9770888615262656,-0.20880169757782155,0.8963921204157514,-1.2247752473499625,-0.7282570181578869,0.7181472572930024
-0.49278638311749434,1.6989174395513529,-0.2774183756145745,0.6969873178245501,-1.1159387362269306,-0.6302752714747397,-0.5044583455923599,1.4848351743036805,-0.21854108574712258,0.5730130453918646,-1.1137754250400271,-0.6559239019989104,-0.4831522468459821,1.5188979360292834,-0.22193282288076538,0.8280563399343057,-1.1139014826467826,-0.6546705815821969,-0.45787847556945077,1.3301362747177519,-0.21570318844166406,0.7123871186924433,-1.1470708987211555,-0.6777232658707393,-0.6038499686586746,2.0258961996563722,-0.2150185614659052,0.8218522658628844,-1.1473840095508379,-0.6780069819204555,-0.6527904744269956,1.9664485775748732,-0.2114690120913033,0.645418618883369,-1.1881778776467198,-0.7038334059761706,-0.6136709983101026,1.5142984322983886,-0.15386804124372705,0.506446730097501,-1.188368997244059,-0.728491826428021,-0.6200255689028346,1.7516341831678621,-0.15571266884595497,0.7715857225593334,-1.1833510912203036,-0.7257552099054698,-0.6517374621960503,1.9770888615262656,-0.20880169757782155,0.8963921204157514,-1.2247752473499625,-0.7282570181578869,-0.7261722265528846,1.949122816873302,-0.2123847512277175,0.621281487248548,-1.1843676848231715,-0.7015386839369524,0.7209287657939007
-0.5044583455923599,1.4848351743036805,-0.21854108574712258,0.5730130453918646,-1.1137754250400271,-0.6559239019989104,-0.4831522468459821,1.5188979360292834,-0.22193282288076538,0.8280563399343057,-1.1139014826467826,-0.6546705815821969,-0.45787847556945077,1.3301362747177519,-0.21570318844166406,0.7123871186924433,-1.1470708987211555,-0.6777232658707393,-0.6038499686586746,2.0258961996563722,-0.2150185614659052,0.8218522658628844,-1.1473840095508379,-0.6780069819204555,-0.6527904744269956,1.9664485775748732,-0.2114690120913033,0.645418618883369,-1.1881778776467198,-0.7038334059761706,-0.6136709983101026,1.5142984322983886,-0.15386804124372705,0.506446730097501,-1.188368997244059,-0.728491826428021,-0.6200255689028346,1.7516341831678621,-0.15571266884595497,0.7715857225593334,-1.1833510912203036,-0.7257552099054698,-0.6517374621960503,1.9770888615262656,-0.20880169757782155,0.8963921204157514,-1.2247752473499625,-0.7282570181578869,-0.7261722265528846,1.949122816873302,-0.2123847512277175,0.621281487248548,-1.1843676848231715,-0.7015386839369524,-0.370819712022866,1.31437721190309,-0.28356834574402257,0.5728374278526119,-1.077495232540879,-0.5797921277851982,0.7336031742390898
-0.4831522468459821,1.5188979360292834,-0.22193282288076538,0.8280563399343057,-1.1139014826467826,-0.6546705815821969,-0.45787847556945077,1.3301362747177519,-0.21570318844166406,0.7123871186924433,-1.1470708987211555,-0.6777232658707393,-0.6038499686586746,2.0258961996563722,-0.2150185614659052,0.8218522658628844,-1.1473840095508379,-0.6780069819204555,-0.6527904744269956,1.9664485775748732,-0.2114690120913033,0.645418618883369,-1.1881778776467198,-0.7038334059761706,-0.6136709983101026,1.5142984322983886,-0.15386804124372705,0.506446730097501,-1.188368997244059,-0.728491826428021,-0.6200255689028346,1.7516341831678621,-0.15571266884595497,0.7715857225593334,-1.1833510912203036,-0.7257552099054698,-0.6517374621960503,1.9770888615262656,-0.20880169757782155,0.8963921204157514,-1.2247752473499625,-0.7282570181578869,-0.7261722265528846,1.949122816873302,-0.2123847512277175,0.621281487248548,-1.1843676848231715,-0.7015386839369524,-0.370819712022866,1.31437721190309,-0.28356834574402257,0.5728374278526119,-1.077495232540879,-0.5797921277851982,-0.5323514765048097,1.856467456942538,-0.2742498203136673,0.792669460240529,-1.1513283927299662,-0.6534789440237113,0.7259320183924441
-0.45787847556945077,1.3301362747177519,-0.21570318844166406,0.7123871186924433,-1.1470708987211555,-0.6777232658707393,-0.6038499686586746,2.0258961996563722,-0.2150185614659052,0.8218522658628844,-1.1473840095508379,-0.6780069819204555,-0.6527904744269956,1.9664485775748732,-0.2114690120913033,0.645418618883369,-1.1881778776467198,-0.7038334059761706,-0.6136709983101026,1.5142984322983886,-0.15386804124372705,0.506446730097501,-1.188368997244059,-0.728491826428021,-0.6200255689028346,1.7516341831678621,-0.15571266884595497,0.7715857225593334,-1.1833510912203036,-0.7257552099054698,-0.6517374621960503,1.9770888615262656,-0.20880169757782155,0.8963921204157514,-1.2247752473499625,-0.7282570181578869,-0.7261722265528846,1.949122816873302,-0.2123847512277175,0.621281487248548,-1.1843676848231715,-0.7015386839369524,-0.370819712022866,1.31437721190309,-0.28356834574402257,0.5728374278526119,-1.077495232540879,-0.5797921277851982,-0.5323514765048097,1.856467456942538,-0.2742498203136673,0.792669460240529,-1.1513283927299662,-0.6534789440237113,-0.4920240227186742,1.265540854883788,-0.21302451059964708,0.48434592805657894,-1.1855713316489662,-0.6761775068598691,0.723568987637425
-0.6038499686586746,2.0258961996563722,-0.2150185614659052,0.8218522658628844,-1.1473840095508379,-0.6780069819204555,-0.6527904744269956,1.9664485775748732,-0.2114690120913033,0.645418618883369,-1.1881778776467198,-0.7038334059761706,-0.6136709983101026,1.5142984322983886,-0.15386804124372705,0.506446730097501,-1.188368997244059,-0.728491826428021,-0.6200255689028346,1.7516341831678621,-0.15571266884595497,0.7715857225593334,-1.1833510912203036,-0.7257552099054698,-0.6517374621960503,1.9770888615262656,-0.20880169757782155,0.8963921204157514,-1.2247752473499625,-0.7282570181578869,-0.7261722265528846,1.949122816873302,-0.2123847512277175,0.621281487248548,-1.1843676848231715,-0.7015386839369524,-0.370819712022866,1.31437721190309,-0.28356834574402257,0.5728374278526119,-1.077495232540879,-0.5797921277851982,-0.5323514765048097,1.856467456942538,-0.2742498203136673,0.792669460240529,-1.1513283927299662,-0.6534789440237113,-0.4920240227186742,1.265540854883788,-0.21302451059964708,0.48434592805657894,-1.1855713316489662,-0.6761775068598691,-0.5329712232798474,1.287245927172976,-0.15341371599399753,0.45414176829604536,-1.1848109196340215,-0.7018602108283056,0.7208952932811995
-0.6527904744269956,1.9664485775748732,-0.2114690120913033,0.645418618883369,-1.1881778776467198,-0.7038334059761706,-0.6136709983101026,1.5142984322983886,-0.15386804124372705,0.506446730097501,-1.188368997244059,-0.728491826428021,-0.6200255689028346,1.7516341831678621,-0.15571266884595497,0.7715857225593334,-1.1833510912203036,-0.7257552099054698,-0.6517374621960503,1.9770888615262656,-0.20880169757782155,0.8963921204157514,-1.2247752473499625,-0.7282570181578869,-0.7261722265528846,1.949122816873302,-0.2123847512277175,0.621281487248548,-1.1843676848231715,-0.7015386839369524,-0.370819712022866,1.31437721190309,-0.28356834574402257,0.5728374278526119,-1.077495232540879,-0.5797921277851982,-0.5323514765048097,1.856467456942538,-0.2742498203136673,0.792669460240529,-1.1513283927299662,-0.6534789440237113,-0.4920240227186742,1.265540854883788,-0.21302451059964708,0.48434592805657894,-1.1855713316489662,-0.6761775068598691,-0.5329712232798474,1.287245927172976,-0.15341371599399753,0.45414176829604536,-1.1848109196340215,-0.7018602108283056,-0.574437089949571,1.3511143005006034,-0.1508295008565449,0.4498780969280007,-1.2186146901165837,-0.7506554276973848,0.7158154739555554
-0.6136709983101026,1.5142984322983886,-0.15386804124372705,0.506446730097501,-1.188368997244059,-0.728491826428021,-0.6200255689028346,1.7516341831678621,-0.15571266884595497,0.7715857225593334,-1.1833510912203036,-0.7257552099054698,-0.6517374621960503,1.9770888615262656,-0.20880169757782155,0.8963921204157514,-1.2247752473499625,-0.7282570181578869,-0.7261722265528846,1.949122816873302,-0.2123847512277175,0.621281487248548,-1.1843676848231715,-0.7015386839369524,-0.370819712022866,1.31437721190309,-0.28356834574402257,0.5728374278526119,-1.077495232540879,-0.5797921277851982,-0.5323514765048097,1.856467456942538,-0.2742498203136673,0.792669460240529,-1.1513283927299662,-0.6534789440237113,-0.4920240227186742,1.265540854883788,-0.21302451059964708,0.48434592805657894,-1.1855713316489662,-0.6761775068598691,-0.5329712232798474,1.287245927172976,-0.15341371599399753,0.45414176829604536,-1.1848109196340215,-0.7018602108283056,-0.574437089949571,1.3511143005006034,-0.1508295008565449,0.4498780969280007,-1.2186146901165837,-0.7506554276973848,-0.7058571375290669,2.027200450346788,-0.1504204192141052,0.7032392236901985,-1.2195011597382839,-0.7498030320811014,0.7159042124836843
-0.6200255689028346,1.7516341831678621,-0.15571266884595497,0.7715857225593334,-1.1833510912203036,-0.7257552099054698,-0.6517374621960503,1.9770888615262656,-0.20880169757782155,0.8963921204157514,-1.2247752473499625,-0.7282570181578869,-0.7261722265528846,1.949122816873302,-0.2123847512277175,0.621281487248548,-1.1843676848231715,-0.7015386839369524,-0.370819712022866,1.31437721190309,-0.28356834574402257,0.5728374278526119,-1.077495232540879,-0.5797921277851982,-0.5323514765048097,1.856467456942538,-0.2742498203136673,0.792669460240529,-1.1513283927299662,-0.6534789440237113,-0.4920240227186742,1.265540854883788,-0.21302451059964708,0.48434592805657894,-1.1855713316489662,-0.6761775068598691,-0.5329712232798474,1.287245927172976,-0.15341371599399753,0.45414176829604536,-1.1848109196340215,-0.7018602108283056,-0.574437089949571,1.3511143005006034,-0.1508295008565449,0.4498780969280007,-1.2186146901165837,-0.7506554276973848,-0.7058571375290669,2.027200450346788,-0.1504204192141052,0.7032392236901985,-1.2195011597382839,-0.7498030320811014,-0.6280497281452345,1.479633664623248,-0.14650648577763567,0.5066237841378636,-1.260929382242355,-0.7764692527653052,0.7131281292553434
-0.6517374621960503,1.9770888615262656,-0.20880169757782155,0.8963921204157514,-1.2247752473499625,-0.7282570181578869,-0.7261722265528846,1.949122816873302,-0.2123847512277175,0.621281487248548,-1.1843676848231715,-0.7015386839369524,-0.370819712022866,1.31437721190309,-0.28356834574402257,0.5728374278526119,-1.077495232540879,-0.5797921277851982,-0.5323514765048097,1.856467456942538,-0.2742498203136673,0.792669460240529,-1.1513283927299662,-0.6534789440237113,-0.4920240227186742,1.265540854883788,-0.21302451059964708,0.48434592805657894,-1.1855713316489662,-0.6761775068598691,-0.5329712232798474,1.287245927172976,-0.15341371599399753,0.45414176829604536,-1.1848109196340215,-0.7018602108283056,-0.574437089949571,1.3511143005006034,-0.1508295008565449,0.4498780969280007,-1.2186146901165837,-0.7506554276973848,-0.7058571375290669,2.027200450346788,-0.1504204192141052,0.7032392236901985,-1.2195011597382839,-0.7498030320811014,-0.6280497281452345,1.479633664623248,-0.14650648577763567,0.5066237841378636,-1.260929382242355,-0.7764692527653052,-0.6254238700447334,1.264131410754084,-0.08664729907442906,0.4051143951766104,-1.260351957075925,-0.7772785599134955,0.7130438764462456
-0.7261722265528846,1.949122816873302,-0.2123847512277175,0.621281487248548,-1.1843676848231715,-0.7015386839369524,-0.370819712022866,1.31437721190309,-0.28356834574402257,0.5728374278526119,-1.077495232540879,-0.5797921277851982,-0.5323514765048097,1.856467456942538,-0.2742498203136673,0.792669460240529,-1.1513283927299662,-0.6534789440237113,-0.4920240227186742,1.265540854883788,-0.21302451059964708,0.48434592805657894,-1.1855713316489662,-0.6761775068598691,-0.5329712232798474,1.287245927172976,-0.15341371599399753,0.45414176829604536,-1.1848109196340215,-0.7018602108283056,-0.574437089949571,1.3511143005006034,-0.1508295008565449,0.4498780969280007,-1.2186146901165837,-0.7506554276973848,-0.7058571375290669,2.027200450346788,-0.1504204192141052,0.7032392236901985,-1.2195011597382839,-0.7498030320811014,-0.6280497281452345,1.479633664623248,-0.14650648577763567,0.5066237841378636,-1.260929382242355,-0.7764692527653052,-0.6254238700447334,1.264131410754084,-0.08664729907442906,0.4051143951766104,-1.260351957075925,-0.7772785599134955,-0.7318174837119742,1.8539911031583087,-0.14165844783410517,0.6500333569924861,-1.2965711539589015,-0.8004494368051853,0.7106316755015847
-0.370819712022866,1.31437721190309,-0.28356834574402257,0.5728374278526119,-1.077495232540879,-0.5797921277851982,-0.5323514765048097,1.856467456942538,-0.2742498203136673,0.792669460240529,-1.1513283927299662,-0.6534789440237113,-0.4920240227186742,1.265540854883788,-0.21302451059964708,0.48434592805657894,-1.1855713316489662,-0.6761775068598691,-0.5329712232798474,1.287245927172976,-0.15341371599399753,0.45414176829604536,-1.1848109196340215,-0.7018602108283056,-0.574437089949571,1.3511143005006034,-0.1508295008565449,0.4498780969280007,-1.2186146901165837,-0.7506554276973848,-0.7058571375290669,2.027200450346788,-0.1504204192141052,0.7032392236901985,-1.2195011597382839,-0.7498030320811014,-0.6280497281452345,1.479633664623248,-0.14650648577763567,0.5066237841378636,-1.260929382242355,-0.7764692527653052,-0.6254238700447334,1.264131410754084,-0.08664729907442906,0.4051143951766104,-1.260351957075925,-0.7772785599134955,-0.7318174837119742,1.8539911031583087,-0.14165844783410517,0.6500333569924861,-1.2965711539589015,-0.8004494368051853,-0.6573870919478092,1.3400351607655103,-0.0830750819277378,0.49967151487396694,-1.2932651915623747,-0.8241566682533888,0.7081636374397554
-0.5323514765048097,1.856467456942538,-0.2742498203136673,0.792669460240529,-1.1513283927299662,-0.6534789440237113,-0.4920240227186742,1.265540854883788,-0.21302451059964708,0.48434592805657894,-1.1855713316489662,-0.6761775068598691,-0.5329712232798474,1.287245927172976,-0.15341371599399753,0.45414176829604536,-1.1848109196340215,-0.7018602108283056,-0.574437089949571,1.3511143005006034,-0.1508295008565449,0.4498780969280007,-1.2186146901165837,-0.7506554276973848,-0.7058571375290669,2.027200450346788,-0.1504204192141052,0.7032392236901985,-1.2195011597382839,-0.7498030320811014,-0.6280497281452345,1.479633664623248,-0.14650648577763567,0.5066237841378636,-1.260929382242355,-0.7764692527653052,-0.6254238700447334,1.264131410754084,-0.08664729907442906,0.4051143951766104,-1.260351957075925,-0.7772785599134955,-0.7318174837119742,1.8539911031583087,-0.14165844783410517,0.6500333569924861,-1.2965711539589015,-0.8004494368051853,-0.6573870919478092,1.3400351607655103,-0.0830750819277378,0.49967151487396694,-1.2932651915623747,-0.8241566682533888,-0.7713864537410567,2.0228010963903116,-0.1379642033501756,0.7760189031007176,-1.3301187428535406,-0.822951594672236,0.7082890914587997
-0.4920240227186742,1.265540854883788,-0.21302451059964708,0.48434592805657894,-1.1855713316489662,-0.6761775068598691,-0.5329712232798474,1.287245927172976,-0.15341371599399753,0.45414176829604536,-1.1848109196340215,-0.7018602108283056,-0.574437089949571,1.3511143005006034,-0.1508295008565449,0.4498780969280007,-1.2186146901165837,-0.7506554276973848,-0.7058571375290669,2.027200450346788,-0.1504204192141052,0.7032392236901985,-1.2195011597382839,-0.7498030320811014,-0.6280497281452345,1.479633664623248,-0.14650648577763567,0.5066237841378636,-1.260929382242355,-0.7764692527653052,-0.6254238700447334,1.264131410754084,-0.08664729907442906,0.4051143951766104,-1.260351957075925,-0.7772785599134955,-0.7318174837119742,1.8539911031583087,-0.14165844783410517,0.6500333569924861,-1.2965711539589015,-0.8004494368051853,-0.6573870919478092,1.3400351607655103,-0.0830750819277378,0.49967151487396694,-1.2932651915623747,-0.8241566682533888,-0.7713864537410567,2.0228010963903116,-0.1379642033501756,0.7760189031007176,-1.3301187428535406,-0.822951594672236,-0.6915831513633177,1.3914537375878357,-0.07715424210455107,0.5887722993883923,-1.3333596432594834,-0.8505103938324365,0.7054200864712588
-0.5329712232798474,1.287245927172976,-0.15341371599399753,0.45414176829604536,-1.1848109196340215,-0.7018602108283056,-0.574437089949571,1.3511143005006034,-0.1508295008565449,0.4498780969280007,-1.2186146901165837,-0.7506554276973848,-0.7058571375290669,2.027200450346788,-0.1504204192141052,0.7032392236901985,-1.2195011597382839,-0.7498030320811014,-0.6280497281452345,1.479633664623248,-0.14650648577763567,0.5066237841378636,-1.260929382242355,-0.7764692527653052,-0.6254238700447334,1.264131410754084,-0.08664729907442906,0.4051143951766104,-1.260351957075925,-0.7772785599134955,-0.7318174837119742,1.8539911031583087,-0.14165844783410517,0.6500333569924861,-1.2965711539589015,-0.8004494368051853,-0.6573870919478092,1.3400351607655103,-0.0830750819277378,0.49967151487396694,-1.2932651915623747,-0.8241566682533888,-0.7713864537410567,2.0228010963903116,-0.1379642033501756,0.7760189031007176,-1.3301187428535406,-0.822951594672236,-0.6915831513633177,1.3914537375878357,-0.07715424210455107,0.5887722993883923,-1.3333596432594834,-0.8505103938324365,-0.7984292948065501,1.9306629965680628,-0.0779340782669929,0.7456040532933261,-1.3317086952484263,-0.8497669612536457,0.7054974814173902
-0.574437089949571,1.3511143005006034,-0.1508295008565449,0.4498780969280007,-1.2186146901165837,-0.7506554276973848,-0.7058571375290669,2.027200450346788,-0.1504204192141052,0.7032392236901985,-1.2195011597382839,-0.7498030320811014,-0.6280497281452345,1.479633664623248,-0.14650648577763567,0.5066237841378636,-1.260929382242355,-0.7764692527653052,-0.6254238700447334,1.264131410754084,-0.08664729907442906,0.4051143951766104,-1.260351957075925,-0.7772785599134955,-0.7318174837119742,1.8539911031583087,-0.14165844783410517,0.6500333569924861,-1.2965711539589015,-0.8004494368051853,-0.6573870919478092,1.3400351607655103,-0.0830750819277378,0.49967151487396694,-1.2932651915623747,-0.8241566682533888,-0.7713864537410567,2.0228010963903116,-0.1379642033501756,0.7760189031007176,-1.3301187428535406,-0.822951594672236,-0.6915831513633177,1.3914537375878357,-0.07715424210455107,0.5887722993883923,-1.3333596432594834,-0.8505103938324365,-0.7984292948065501,1.9306629965680628,-0.0779340782669929,0.7456040532933261,-1.3317086952484263,-0.8497669612536457,-0.7338253987665151,1.4786627356910411,-0.0737505907228193,0.5827565517553476,-1.366846236537951,-0.8729336688183544,0.70308571451994
-0.7058571375290669,2.027200450346788,-0.1504204192141052,0.7032392236901985,-1.2195011597382839,-0.7498030320811014,-0.6280497281452345,1.479633664623248,-0.14650648577763567,0.5066237841378636,-1.260929382242355,-0.7764692527653052,-0.6254238700447334,1.264131410754084,-0.08664729907442906,0.4051143951766104,-1.260351957075925,-0.7772785599134955,-0.7318174837119742,1.8539911031583087,-0.14165844783410517,0.6500333569924861,-1.2965711539589015,-0.8004494368051853,-0.6573870919478092,1.3400351607655103,-0.0830750819277378,0.49967151487396694,-1.2932651915623747,-0.8241566682533888,-0.7713864537410567,2.0228010963903116,-0.1379642033501756,0.7760189031007176,-1.3301187428535406,-0.822951594672236,-0.6915831513633177,1.3914537375878357,-0.07715424210455107,0.5887722993883923,-1.3333596432594834,-0.8505103938324365,-0.7984292948065501,1.9306629965680628,-0.0779340782669929,0.7456040532933261,-1.3317086952484263,-0.8497669612536457,-0.7338253987665151,1.4786627356910411,-0.0737505907228193,0.5827565517553476,-1.366846236537951,-0.8729336688183544,-0.8165600979318622,1.9266991310802728,-0.07386912984030887,0.8089577028658933,-1.366846236537951,-0.8721439894219284,0.7031679239846461
-0.6280497281452345,1.479633664623248,-0.14650648577763567,0.5066237841378636,-1.260929382242355,-0.7764692527653052,-0.6254238700447334,1.264131410754084,-0.08664729907442906,0.4051143951766104,-1.260351957075925,-0.7772785599134955,-0.7318174837119742,1.8539911031583087,-0.14165844783410517,0.6500333569924861,-1.2965711539589015,-0.8004494368051853,-0.6573870919478092,1.3400351607655103,-0.0830750819277378,0.49967151487396694,-1.2932651915623747,-0.8241566682533888,-0.7713864537410567,2.0228010963903116,-0.1379642033501756,0.7760189031007176,-1.3301187428535406,-0.822951594672236,-0.6915831513633177,1.3914537375878357,-0.07715424210455107,0.5887722993883923,-1.3333596432594834,-0.8505103938324365,-0.7984292948065501,1.9306629965680628,-0.0779340782669929,0.7456040532933261,-1.3317086952484263,-0.8497669612536457,-0.7338253987665151,1.4786627356910411,-0.0737505907228193,0.5827565517553476,-1.366846236537951,-0.8729336688183544,-0.8165600979318622,1.9266991310802728,-0.07386912984030887,0.8089577028658933,-1.366846236537951,-0.8721439894219284,-0.7434649778093121,1.3538310226233121,-0.014743939431376309,0.6366526466526246,-1.3705263053803316,-0.90038766575605,0.7002276199533257
-0.6254238700447334,1.264131410754084,-0.08664729907442906,0.4051143951766104,-1.260351957075925,-0.7772785599134955,-0.7318174837119742,1.8539911031583087,-0.14165844783410517,0.6500333569924861,-1.2965711539589015,-0.8004494368051853,-0.6573870919478092,1.3400351607655103,-0.0830750819277378,0.49967151487396694,-1.2932651915623747,-0.8241566682533888,-0.7713864537410567,2.0228010963903116,-0.1379642033501756,0.7760189031007176,-1.3301187428535406,-0.822951594672236,-0.6915831513633177,1.3914537375878357,-0.07715424210455107,0.5887722993883923,-1.3333596432594834,-0.8505103938324365,-0.7984292948065501,1.9306629965680628,-0.0779340782669929,0.7456040532933261,-1.3317086952484263,-0.8497669612536457,-0.7338253987665151,1.4786627356910411,-0.0737505907228193,0.5827565517553476,-1.366846236537951,-0.8729336688183544,-0.8165600979318622,1.9266991310802728,-0.07386912984030887,0.8089577028658933,-1.366846236537951,-0.8721439894219284,-0.7434649778093121,1.3538310226233121,-0.014743939431376309,0.6366526466526246,-1.3705263053803316,-0.90038766575605,-0.7175692555325148,1.93585404614726,-0.19706123109413443,0.73821078263092,-1.3317696908645977,-0.7979368087129375,0.7108932523027577
-0.7318174837119742,1.8539911031583087,-0.14165844783410517,0.6500333569924861,-1.2965711539589015,-0.8004494368051853,-0.6573870919478092,1.3400351607655103,-0.0830750819277378,0.49967151487396694,-1.2932651915623747,-0.8241566682533888,-0.7713864537410567,2.0228010963903116,-0.1379642033501756,0.7760189031007176,-1.3301187428535406,-0.822951594672236,-0.6915831513633177,1.3914537375878357,-0.07715424210455107,0.5887722993883923,-1.3333596432594834,-0.8505103938324365,-0.7984292948065501,1.9306629965680628,-0.0779340782669929,0.7456040532933261,-1.3317086952484263,-0.8497669612536457,-0.7338253987665151,1.4786627356910411,-0.0737505907228193,0.5827565517553476,-1.366846236537951,-0.8729336688183544,-0.8165600979318622,1.9266991310802728,-0.07386912984030887,0.8089577028658933,-1.366846236537951,-0.8721439894219284,-0.7434649778093121,1.3538310226233121,-0.014743939431376309,0.6366526466526246,-1.3705263053803316,-0.90038766575605,-0.7175692555325148,1.93585404614726,-0.19706123109413443,0.73821078263092,-1.3317696908645977,-0.7979368087129375,-0.47241590920423865,1.5535502301453525,-0.20894345873672204,0.4410182162799306,-1.257054127428223,-0.7466963227409826,0.7162276360312717
